latitude,longitude,hres_weight,gfs_weight
8.0,68.0,0.79222155,0.20777845
8.0,68.25,0.79168767,0.20831233
8.0,68.5,0.79125315,0.20874685
8.0,68.75,0.7912409,0.20875913
8.0,69.0,0.7912017,0.20879829
8.0,69.25,0.79141784,0.20858216
8.0,69.5,0.78973895,0.21026105
8.0,69.75,0.79060805,0.20939195
8.0,70.0,0.5491504,0.4508496
8.0,70.25,0.791811,0.20818901
8.0,70.5,0.7910467,0.20895332
8.0,70.75,0.7914203,0.20857972
8.0,71.0,0.79165334,0.20834666
8.0,71.25,0.7909703,0.20902967
8.0,71.5,0.79112655,0.20887345
8.0,71.75,0.7909703,0.20902967
8.0,72.0,0.7909703,0.20902967
8.0,72.25,0.7914771,0.20852292
8.0,72.5,0.79176605,0.20823395
8.0,72.75,0.7913356,0.20866442
8.0,73.0,0.79166585,0.20833415
8.0,73.25,0.79192007,0.20807993
8.0,73.5,0.791483,0.20851701
8.0,73.75,0.7916145,0.20838553
8.0,74.0,0.7916145,0.20838553
8.0,74.25,0.79166585,0.20833415
8.0,74.5,0.7918687,0.20813131
8.0,74.75,0.791314,0.208686
8.0,75.0,0.79076713,0.20923287
8.0,75.25,0.79006267,0.20993733
8.0,75.5,0.79048264,0.20951736
8.0,75.75,0.7911156,0.20888442
8.0,76.0,0.7911114,0.20888859
8.0,76.25,0.791314,0.208686
8.0,76.5,0.79122394,0.20877606
8.0,76.75,0.7910559,0.20894408
8.0,77.0,0.79160523,0.20839477
8.0,77.25,0.7922206,0.20777941
8.0,77.5,0.7934931,0.20650691
8.0,77.75,0.7913565,0.2086435
8.0,78.0,0.7892774,0.21072263
8.0,78.25,0.5019837,0.4980163
8.0,78.5,0.502244,0.497756
8.0,78.75,0.502244,0.497756
8.0,79.0,0.7775755,0.2224245
8.0,79.25,0.79601544,0.20398456
8.0,79.5,0.78410673,0.21589327
8.0,79.75,0.7891005,0.21089947
8.0,80.0,0.23637155,0.7636285
8.0,80.25,0.24902841,0.75097156
8.0,80.5,0.2620721,0.7379279
8.0,80.75,0.28832957,0.7116704
8.0,81.0,0.28370494,0.71629506
8.0,81.25,0.27874178,0.7212582
8.0,81.5,0.7896881,0.21031189
8.0,81.75,0.7888463,0.21115369
8.0,82.0,0.7887918,0.21120822
8.0,82.25,0.79069406,0.20930594
8.0,82.5,0.7912284,0.20877159
8.0,82.75,0.79114914,0.20885086
8.0,83.0,0.7914309,0.20856911
8.0,83.25,0.7918665,0.20813352
8.0,83.5,0.79233825,0.20766175
8.0,83.75,0.7897711,0.21022892
8.0,84.0,0.48511472,0.5148853
8.0,84.25,0.50106597,0.49893403
8.0,84.5,0.5035994,0.4964006
8.0,84.75,0.48752734,0.5124726
8.0,85.0,0.79141897,0.20858103
8.0,85.25,0.7910908,0.20890921
8.0,85.5,0.79131156,0.20868844
8.0,85.75,0.79195064,0.20804936
8.0,86.0,0.79115564,0.20884436
8.0,86.25,0.79110426,0.20889574
8.0,86.5,0.79110426,0.20889574
8.0,86.75,0.7917371,0.20826292
8.0,87.0,0.7915345,0.20846552
8.0,87.25,0.7912857,0.2087143
8.0,87.5,0.7919153,0.2080847
8.0,87.75,0.79011667,0.20988333
8.0,88.0,0.7900665,0.20993352
8.0,88.25,0.7901485,0.2098515
8.0,88.5,0.7903243,0.20967573
8.0,88.75,0.7911962,0.20880377
8.0,89.0,0.79188544,0.20811456
8.0,89.25,0.79224247,0.20775753
8.0,89.5,0.7926597,0.2073403
8.0,89.75,0.79226476,0.20773524
8.0,90.0,0.79150116,0.20849884
8.0,90.25,0.7929989,0.20700109
8.0,90.5,0.7924694,0.20753062
8.0,90.75,0.7919652,0.20803481
8.0,91.0,0.7903243,0.20967573
8.0,91.25,0.79098076,0.20901924
8.0,91.5,0.7913665,0.20863348
8.0,91.75,0.79102147,0.20897853
8.0,92.0,0.30239695,0.69760305
8.0,92.25,0.27979764,0.7202023
8.0,92.5,0.26876667,0.73123336
8.0,92.75,0.789372,0.21062797
8.0,93.0,0.79083604,0.20916396
8.0,93.25,0.790751,0.20924902
8.0,93.5,0.7905951,0.20940489
8.0,93.75,0.7912449,0.20875508
8.0,94.0,0.7912186,0.20878142
8.0,94.25,0.7911699,0.20883012
8.0,94.5,0.7890986,0.21090138
8.0,94.75,0.26796275,0.73203725
8.0,95.0,0.7894617,0.21053833
8.0,95.25,0.79105973,0.20894027
8.0,95.5,0.79100126,0.20899874
8.0,95.75,0.79105973,0.20894027
8.0,96.0,0.7906256,0.20937443
8.25,68.0,0.7920387,0.20796132
8.25,68.25,0.79234064,0.20765936
8.25,68.5,0.7915398,0.20846021
8.25,68.75,0.7914084,0.20859158
8.25,69.0,0.7917089,0.20829111
8.25,69.25,0.7914216,0.20857841
8.25,69.5,0.7904092,0.2095908
8.25,69.75,0.7903605,0.20963949
8.25,70.0,0.79060805,0.20939195
8.25,70.25,0.7904092,0.2095908
8.25,70.5,0.7910205,0.20897949
8.25,70.75,0.7910205,0.20897949
8.25,71.0,0.79117674,0.20882326
8.25,71.25,0.79112655,0.20887345
8.25,71.5,0.7907709,0.20922911
8.25,71.75,0.79112655,0.20887345
8.25,72.0,0.7911466,0.20885342
8.25,72.25,0.79160315,0.20839685
8.25,72.5,0.791219,0.208781
8.25,72.75,0.7914269,0.2085731
8.25,73.0,0.79166585,0.20833415
8.25,73.25,0.7916145,0.20838553
8.25,73.5,0.7914316,0.2085684
8.25,73.75,0.7914181,0.20858192
8.25,74.0,0.7910129,0.20898712
8.25,74.25,0.79146945,0.20853055
8.25,74.5,0.7914316,0.2085684
8.25,74.75,0.7913821,0.20861793
8.25,75.0,0.7911156,0.20888442
8.25,75.25,0.7908269,0.20917308
8.25,75.5,0.7908269,0.20917308
8.25,75.75,0.7902921,0.20970792
8.25,76.0,0.7911156,0.20888442
8.25,76.25,0.7909697,0.20903027
8.25,76.5,0.79152554,0.20847446
8.25,76.75,0.7915355,0.2084645
8.25,77.0,0.7920841,0.2079159
8.25,77.25,0.26405457,0.73594546
8.25,77.5,0.79137975,0.20862025
8.25,77.75,0.7913236,0.2086764
8.25,78.0,0.7913834,0.20861661
8.25,78.25,0.5019837,0.4980163
8.25,78.5,0.5019837,0.4980163
8.25,78.75,0.502244,0.497756
8.25,79.0,0.502244,0.497756
8.25,79.25,0.502244,0.497756
8.25,79.5,0.78206736,0.21793264
8.25,79.75,0.42024642,0.5797536
8.25,80.0,0.24615768,0.75384235
8.25,80.25,0.25004905,0.74995095
8.25,80.5,0.4315727,0.5684273
8.25,80.75,0.29272747,0.7072725
8.25,81.0,0.79206073,0.20793927
8.25,81.25,0.79230905,0.20769095
8.25,81.5,0.7923183,0.20768172
8.25,81.75,0.7926226,0.20737737
8.25,82.0,0.792674,0.207326
8.25,82.25,0.79137087,0.20862913
8.25,82.5,0.7907779,0.20922208
8.25,82.75,0.79088897,0.20911103
8.25,83.0,0.7918413,0.20815867
8.25,83.25,0.79141265,0.20858735
8.25,83.5,0.79120845,0.20879155
8.25,83.75,0.79140925,0.20859075
8.25,84.0,0.7906983,0.20930171
8.25,84.25,0.38814798,0.61185205
8.25,84.5,0.46993157,0.5300684
8.25,84.75,0.78895205,0.21104795
8.25,85.0,0.7915375,0.20846248
8.25,85.25,0.79128164,0.20871836
8.25,85.5,0.7911271,0.20887291
8.25,85.75,0.7921948,0.20780522
8.25,86.0,0.79178846,0.20821154
8.25,86.25,0.79178846,0.20821154
8.25,86.5,0.7915608,0.20843917
8.25,86.75,0.79076,0.20924002
8.25,87.0,0.7913928,0.2086072
8.25,87.25,0.79167116,0.20832884
8.25,87.5,0.7912857,0.2087143
8.25,87.75,0.79148006,0.20851994
8.25,88.0,0.79157084,0.20842916
8.25,88.25,0.79310924,0.20689076
8.25,88.5,0.79148674,0.20851326
8.25,88.75,0.79109347,0.20890653
8.25,89.0,0.79114753,0.20885247
8.25,89.25,0.79245555,0.20754445
8.25,89.5,0.7926597,0.2073403
8.25,89.75,0.79196316,0.20803684
8.25,90.0,0.79248345,0.20751655
8.25,90.25,0.792073,0.20792699
8.25,90.5,0.79222924,0.20777076
8.25,90.75,0.79160964,0.20839036
8.25,91.0,0.79158986,0.20841014
8.25,91.25,0.79123145,0.20876855
8.25,91.5,0.3856025,0.6143975
8.25,91.75,0.368927,0.631073
8.25,92.0,0.39242184,0.60757816
8.25,92.25,0.26969454,0.73030543
8.25,92.5,0.7909701,0.20902991
8.25,92.75,0.7917876,0.20821238
8.25,93.0,0.7911818,0.2088182
8.25,93.25,0.79123306,0.20876694
8.25,93.5,0.79109406,0.20890594
8.25,93.75,0.7915378,0.20846218
8.25,94.0,0.7919078,0.20809221
8.25,94.25,0.7915467,0.2084533
8.25,94.5,0.7916435,0.2083565
8.25,94.75,0.78979164,0.21020836
8.25,95.0,0.3924851,0.60751486
8.25,95.25,0.39210007,0.6078999
8.25,95.5,0.78887653,0.21112347
8.25,95.75,0.39748698,0.602513
8.25,96.0,0.39984688,0.6001531
8.5,68.0,0.79202515,0.20797485
8.5,68.25,0.79202515,0.20797485
8.5,68.5,0.7920387,0.20796132
8.5,68.75,0.7913322,0.20866781
8.5,69.0,0.7917089,0.20829111
8.5,69.25,0.7909578,0.20904219
8.5,69.5,0.7915898,0.2084102
8.5,69.75,0.7904796,0.2095204
8.5,70.0,0.79176605,0.20823395
8.5,70.25,0.7910205,0.20897949
8.5,70.5,0.79112655,0.20887345
8.5,70.75,0.79112655,0.20887345
8.5,71.0,0.790879,0.20912099
8.5,71.25,0.79112655,0.20887345
8.5,71.5,0.79124564,0.20875436
8.5,71.75,0.79112655,0.20887345
8.5,72.0,0.79112655,0.20887345
8.5,72.25,0.79112655,0.20887345
8.5,72.5,0.7913356,0.20866442
8.5,72.75,0.7909965,0.20900351
8.5,73.0,0.791483,0.20851701
8.5,73.25,0.7920249,0.20797509
8.5,73.5,0.7920249,0.20797509
8.5,73.75,0.7916145,0.20838553
8.5,74.0,0.7914181,0.20858192
8.5,74.25,0.7914181,0.20858192
8.5,74.5,0.7914316,0.2085684
8.5,74.75,0.7910805,0.20891953
8.5,75.0,0.791314,0.208686
8.5,75.25,0.7910749,0.20892513
8.5,75.5,0.24594861,0.7540514
8.5,75.75,0.2394719,0.7605281
8.5,76.0,0.7910749,0.20892513
8.5,76.25,0.7909697,0.20903027
8.5,76.5,0.7913384,0.20866162
8.5,76.75,0.7920384,0.20796162
8.5,77.0,0.24020223,0.75979775
8.5,77.25,0.23810996,0.76189005
8.5,77.5,0.79089266,0.20910734
8.5,77.75,0.7915478,0.20845222
8.5,78.0,0.7921236,0.20787638
8.5,78.25,0.7913565,0.2086435
8.5,78.5,0.502244,0.497756
8.5,78.75,0.502244,0.497756
8.5,79.0,0.502244,0.497756
8.5,79.25,0.502244,0.497756
8.5,79.5,0.502244,0.497756
8.5,79.75,0.5858932,0.4141068
8.5,80.0,0.31906208,0.6809379
8.5,80.25,0.24911179,0.7508882
8.5,80.5,0.2554073,0.74459267
8.5,80.75,0.25296235,0.74703765
8.5,81.0,0.79243606,0.20756394
8.5,81.25,0.7922679,0.20773208
8.5,81.5,0.79212964,0.20787036
8.5,81.75,0.7925178,0.20748222
8.5,82.0,0.7921044,0.20789558
8.5,82.25,0.79150635,0.20849365
8.5,82.5,0.79177517,0.20822483
8.5,82.75,0.7918413,0.20815867
8.5,83.0,0.7911985,0.20880151
8.5,83.25,0.79125726,0.20874274
8.5,83.5,0.79105026,0.20894974
8.5,83.75,0.790124,0.209876
8.5,84.0,0.79095834,0.20904166
8.5,84.25,0.2384763,0.7615237
8.5,84.5,0.23895156,0.76104844
8.5,84.75,0.2426785,0.7573215
8.5,85.0,0.7908391,0.20916092
8.5,85.25,0.7897711,0.21022892
8.5,85.5,0.7913552,0.2086448
8.5,85.75,0.79166865,0.20833135
8.5,86.0,0.79091316,0.20908684
8.5,86.25,0.79100734,0.20899266
8.5,86.5,0.79120994,0.20879006
8.5,86.75,0.7915557,0.2084443
8.5,87.0,0.79160064,0.20839936
8.5,87.25,0.79148144,0.20851856
8.5,87.5,0.7910844,0.20891559
8.5,87.75,0.79118115,0.20881885
8.5,88.0,0.79118115,0.20881885
8.5,88.25,0.7935127,0.2064873
8.5,88.5,0.7911889,0.2088111
8.5,88.75,0.7908446,0.20915538
8.5,89.0,0.79139507,0.20860493
8.5,89.25,0.79240537,0.20759463
8.5,89.5,0.79196316,0.20803684
8.5,89.75,0.79206216,0.20793784
8.5,90.0,0.7926597,0.2073403
8.5,90.25,0.79237074,0.20762926
8.5,90.5,0.79222924,0.20777076
8.5,90.75,0.791686,0.208314
8.5,91.0,0.79127276,0.20872724
8.5,91.25,0.7916204,0.20837963
8.5,91.5,0.79126203,0.20873797
8.5,91.75,0.23905319,0.7609468
8.5,92.0,0.2604147,0.7395853
8.5,92.25,0.25780597,0.74219406
8.5,92.5,0.79097086,0.20902914
8.5,92.75,0.79144555,0.20855445
8.5,93.0,0.7909557,0.20904428
8.5,93.25,0.7904439,0.2095561
8.5,93.5,0.7909557,0.20904428
8.5,93.75,0.7913206,0.20867938
8.5,94.0,0.7902488,0.20975119
8.5,94.25,0.79039925,0.20960075
8.5,94.5,0.7909557,0.20904428
8.5,94.75,0.7910545,0.20894551
8.5,95.0,0.7894617,0.21053833
8.5,95.25,0.7894617,0.21053833
8.5,95.5,0.24280833,0.75719166
8.5,95.75,0.29474714,0.7052529
8.5,96.0,0.78951305,0.21048695
8.75,68.0,0.79134834,0.20865166
8.75,68.25,0.79202515,0.20797485
8.75,68.5,0.7915686,0.20843142
8.75,68.75,0.7916336,0.2083664
8.75,69.0,0.7913356,0.20866442
8.75,69.25,0.7913356,0.20866442
8.75,69.5,0.7913356,0.20866442
8.75,69.75,0.79117936,0.20882064
8.75,70.0,0.7914216,0.20857841
8.75,70.25,0.79160315,0.20839685
8.75,70.5,0.7914269,0.2085731
8.75,70.75,0.7915831,0.20841688
8.75,71.0,0.79112655,0.20887345
8.75,71.25,0.790879,0.20912099
8.75,71.5,0.79112655,0.20887345
8.75,71.75,0.79112655,0.20887345
8.75,72.0,0.790879,0.20912099
8.75,72.25,0.790879,0.20912099
8.75,72.5,0.790879,0.20912099
8.75,72.75,0.79124534,0.20875466
8.75,73.0,0.7918687,0.20813131
8.75,73.25,0.79168046,0.20831954
8.75,73.5,0.79113775,0.20886225
8.75,73.75,0.7918687,0.20813131
8.75,74.0,0.791314,0.208686
8.75,74.25,0.79168063,0.20831937
8.75,74.5,0.7914316,0.2085684
8.75,74.75,0.7913821,0.20861793
8.75,75.0,0.7909697,0.20903027
8.75,75.25,0.79116696,0.20883304
8.75,75.5,0.23059663,0.76940334
8.75,75.75,0.7908269,0.20917308
8.75,76.0,0.7908074,0.20919257
8.75,76.25,0.7911114,0.20888859
8.75,76.5,0.7922398,0.20776021
8.75,76.75,0.7904127,0.20958728
8.75,77.0,0.79043347,0.20956653
8.75,77.25,0.7914486,0.2085514
8.75,77.5,0.7906291,0.20937091
8.75,77.75,0.79117715,0.20882285
8.75,78.0,0.79229987,0.20770013
8.75,78.25,0.7909584,0.2090416
8.75,78.5,0.5019837,0.4980163
8.75,78.75,0.502244,0.497756
8.75,79.0,0.502244,0.497756
8.75,79.25,0.502244,0.497756
8.75,79.5,0.75532514,0.24467486
8.75,79.75,0.75506485,0.24493515
8.75,80.0,0.5516999,0.44830012
8.75,80.25,0.24445239,0.75554764
8.75,80.5,0.27390018,0.72609985
8.75,80.75,0.24254143,0.75745857
8.75,81.0,0.79246217,0.20753783
8.75,81.25,0.792255,0.20774502
8.75,81.5,0.792487,0.20751297
8.75,81.75,0.792487,0.20751297
8.75,82.0,0.7916474,0.20835263
8.75,82.25,0.79156727,0.20843273
8.75,82.5,0.7914309,0.20856911
8.75,82.75,0.79269433,0.20730567
8.75,83.0,0.79153705,0.20846295
8.75,83.25,0.7903977,0.2096023
8.75,83.5,0.789938,0.21006203
8.75,83.75,0.22790661,0.7720934
8.75,84.0,0.22790661,0.7720934
8.75,84.25,0.22763662,0.77236336
8.75,84.5,0.22640131,0.7735987
8.75,84.75,0.22640131,0.7735987
8.75,85.0,0.2285678,0.7714322
8.75,85.25,0.7907877,0.2092123
8.75,85.5,0.7916568,0.20834321
8.75,85.75,0.7913125,0.20868748
8.75,86.0,0.79115033,0.20884967
8.75,86.25,0.79115033,0.20884967
8.75,86.5,0.7909028,0.2090972
8.75,86.75,0.7913645,0.20863551
8.75,87.0,0.7909028,0.2090972
8.75,87.25,0.7909615,0.2090385
8.75,87.5,0.7903721,0.20962793
8.75,87.75,0.7910844,0.20891559
8.75,88.0,0.7910844,0.20891559
8.75,88.25,0.79424685,0.20575315
8.75,88.5,0.79188037,0.20811963
8.75,88.75,0.7919771,0.20802289
8.75,89.0,0.7912392,0.2087608
8.75,89.25,0.7921977,0.2078023
8.75,89.5,0.7916692,0.20833081
8.75,89.75,0.79201347,0.20798653
8.75,90.0,0.79270464,0.20729536
8.75,90.25,0.7925885,0.20741153
8.75,90.5,0.79211265,0.20788735
8.75,90.75,0.791629,0.20837098
8.75,91.0,0.7911091,0.20889091
8.75,91.25,0.79119295,0.20880705
8.75,91.5,0.79129356,0.20870644
8.75,91.75,0.22995982,0.77004015
8.75,92.0,0.23096527,0.76903474
8.75,92.25,0.23409165,0.76590836
8.75,92.5,0.22834423,0.7716558
8.75,92.75,0.22806647,0.77193356
8.75,93.0,0.22715072,0.77284926
8.75,93.25,0.22617482,0.77382517
8.75,93.5,0.23000473,0.7699953
8.75,93.75,0.227977,0.772023
8.75,94.0,0.22869967,0.7713003
8.75,94.25,0.22869967,0.7713003
8.75,94.5,0.22842191,0.7715781
8.75,94.75,0.7894617,0.21053833
8.75,95.0,0.78882515,0.21117485
8.75,95.25,0.24855377,0.75144625
8.75,95.5,0.2392298,0.7607702
8.75,95.75,0.22795796,0.77204204
8.75,96.0,0.7910822,0.2089178
9.0,68.0,0.79117584,0.20882416
9.0,68.25,0.7918049,0.20819509
9.0,68.5,0.7918049,0.20819509
9.0,68.75,0.7914372,0.20856279
9.0,69.0,0.7911392,0.20886081
9.0,69.25,0.7906826,0.20931739
9.0,69.5,0.790879,0.20912099
9.0,69.75,0.7913356,0.20866442
9.0,70.0,0.7906118,0.2093882
9.0,70.25,0.7914203,0.20857972
9.0,70.5,0.7914547,0.20854533
9.0,70.75,0.7913356,0.20866442
9.0,71.0,0.7913356,0.20866442
9.0,71.25,0.7906826,0.20931739
9.0,71.5,0.79093015,0.20906985
9.0,71.75,0.7908017,0.2091983
9.0,72.0,0.7908017,0.2091983
9.0,72.25,0.7914547,0.20854533
9.0,72.5,0.7918651,0.20813489
9.0,72.75,0.79043555,0.20956445
9.0,73.0,0.7911114,0.20888859
9.0,73.25,0.7913654,0.20863461
9.0,73.5,0.79143864,0.20856136
9.0,73.75,0.7910749,0.20892513
9.0,74.0,0.7908074,0.20919257
9.0,74.25,0.7911114,0.20888859
9.0,74.5,0.791314,0.208686
9.0,74.75,0.7911156,0.20888442
9.0,75.0,0.7911477,0.20885229
9.0,75.25,0.79052615,0.20947385
9.0,75.5,0.79052615,0.20947385
9.0,75.75,0.7908074,0.20919257
9.0,76.0,0.791314,0.208686
9.0,76.25,0.7913081,0.2086919
9.0,76.5,0.7929356,0.20706439
9.0,76.75,0.22820075,0.77179927
9.0,77.0,0.7914849,0.20851511
9.0,77.25,0.79253405,0.20746595
9.0,77.5,0.7922556,0.20774442
9.0,77.75,0.79184633,0.20815367
9.0,78.0,0.79276645,0.20723355
9.0,78.25,0.7923268,0.20767319
9.0,78.5,0.5019837,0.4980163
9.0,78.75,0.5019837,0.4980163
9.0,79.0,0.5019837,0.4980163
9.0,79.25,0.5019837,0.4980163
9.0,79.5,0.76129705,0.23870295
9.0,79.75,0.7311959,0.26880407
9.0,80.0,0.48335785,0.51664215
9.0,80.25,0.5176154,0.48238462
9.0,80.5,0.34048346,0.6595166
9.0,80.75,0.79213357,0.20786643
9.0,81.0,0.7926102,0.20738977
9.0,81.25,0.7921221,0.20787787
9.0,81.5,0.7925453,0.20745468
9.0,81.75,0.7925787,0.2074213
9.0,82.0,0.7926694,0.20733058
9.0,82.25,0.7918474,0.20815259
9.0,82.5,0.791756,0.20824403
9.0,82.75,0.7918413,0.20815867
9.0,83.0,0.79231656,0.20768344
9.0,83.25,0.7916617,0.20833832
9.0,83.5,0.7900695,0.20993048
9.0,83.75,0.22448993,0.7755101
9.0,84.0,0.22448993,0.7755101
9.0,84.25,0.22421993,0.7757801
9.0,84.5,0.22261737,0.7773826
9.0,84.75,0.22261737,0.7773826
9.0,85.0,0.22385268,0.7761473
9.0,85.25,0.79020935,0.20979065
9.0,85.5,0.79108846,0.20891154
9.0,85.75,0.22580753,0.77419245
9.0,86.0,0.22769351,0.7723065
9.0,86.25,0.7905625,0.20943749
9.0,86.5,0.79087067,0.20912933
9.0,86.75,0.79087067,0.20912933
9.0,87.0,0.7910691,0.20893091
9.0,87.25,0.7909252,0.2090748
9.0,87.5,0.79100317,0.20899683
9.0,87.75,0.7909763,0.20902371
9.0,88.0,0.7908006,0.20919943
9.0,88.25,0.7918023,0.20819771
9.0,88.5,0.7911578,0.20884222
9.0,88.75,0.7911462,0.20885378
9.0,89.0,0.7911462,0.20885378
9.0,89.25,0.79146355,0.20853645
9.0,89.5,0.79201347,0.20798653
9.0,89.75,0.79206216,0.20793784
9.0,90.0,0.7922043,0.20779568
9.0,90.25,0.79186004,0.20813996
9.0,90.5,0.7919594,0.2080406
9.0,90.75,0.7921488,0.20785117
9.0,91.0,0.79114753,0.20885247
9.0,91.25,0.7915372,0.20846277
9.0,91.5,0.79158497,0.20841503
9.0,91.75,0.79162115,0.20837885
9.0,92.0,0.79102147,0.20897853
9.0,92.25,0.7905851,0.2094149
9.0,92.5,0.22619267,0.77380735
9.0,92.75,0.2260235,0.7739765
9.0,93.0,0.22483017,0.77516985
9.0,93.25,0.22654809,0.7734519
9.0,93.5,0.22654809,0.7734519
9.0,93.75,0.22421992,0.7757801
9.0,94.0,0.22286017,0.77713984
9.0,94.25,0.22588272,0.7741173
9.0,94.5,0.22610135,0.77389866
9.0,94.75,0.2257269,0.7742731
9.0,95.0,0.2429362,0.7570638
9.0,95.25,0.22589608,0.77410394
9.0,95.5,0.22589608,0.77410394
9.0,95.75,0.22609416,0.7739059
9.0,96.0,0.79166305,0.20833695
9.25,68.0,0.7921313,0.2078687
9.25,68.25,0.7920387,0.20796132
9.25,68.5,0.79134834,0.20865166
9.25,68.75,0.7907604,0.2092396
9.25,69.0,0.79091895,0.20908105
9.25,69.25,0.7906826,0.20931739
9.25,69.5,0.79093015,0.20906985
9.25,69.75,0.7913356,0.20866442
9.25,70.0,0.791746,0.20825398
9.25,70.25,0.79160315,0.20839685
9.25,70.5,0.7914203,0.20857972
9.25,70.75,0.79138577,0.20861423
9.25,71.0,0.7913356,0.20866442
9.25,71.25,0.7911392,0.20886081
9.25,71.5,0.7908017,0.2091983
9.25,71.75,0.7913356,0.20866442
9.25,72.0,0.7909965,0.20900351
9.25,72.25,0.7906118,0.2093882
9.25,72.5,0.7909207,0.20907933
9.25,72.75,0.7906118,0.2093882
9.25,73.0,0.791314,0.208686
9.25,73.25,0.7910378,0.2089622
9.25,73.5,0.791314,0.208686
9.25,73.75,0.7910749,0.20892513
9.25,74.0,0.7907306,0.2092694
9.25,74.25,0.79052615,0.20947385
9.25,74.5,0.7907713,0.2092287
9.25,74.75,0.23347646,0.76652354
9.25,75.0,0.7901819,0.20981812
9.25,75.25,0.790173,0.209827
9.25,75.5,0.7908783,0.2091217
9.25,75.75,0.79112625,0.20887375
9.25,76.0,0.7920963,0.20790368
9.25,76.25,0.7915598,0.20844018
9.25,76.5,0.79179084,0.20820916
9.25,76.75,0.22988407,0.7701159
9.25,77.0,0.7911043,0.20889568
9.25,77.25,0.792242,0.20775801
9.25,77.5,0.79184633,0.20815367
9.25,77.75,0.7917246,0.20827538
9.25,78.0,0.7924885,0.20751148
9.25,78.25,0.23037931,0.76962066
9.25,78.5,0.22903927,0.77096075
9.25,78.75,0.32407883,0.6759212
9.25,79.0,0.7392149,0.2607851
9.25,79.25,0.50466955,0.49533045
9.25,79.5,0.5023619,0.4976381
9.25,79.75,0.70196,0.29803997
9.25,80.0,0.25941578,0.74058425
9.25,80.25,0.7145353,0.2854647
9.25,80.5,0.25121272,0.7487873
9.25,80.75,0.79210144,0.20789856
9.25,81.0,0.79313076,0.20686924
9.25,81.25,0.7916474,0.20835263
9.25,81.5,0.7921221,0.20787787
9.25,81.75,0.79269403,0.20730597
9.25,82.0,0.7923751,0.20762491
9.25,82.25,0.79189235,0.20810765
9.25,82.5,0.7911985,0.20880151
9.25,82.75,0.79141265,0.20858735
9.25,83.0,0.79157156,0.20842844
9.25,83.25,0.7905042,0.20949578
9.25,83.5,0.79173964,0.20826036
9.25,83.75,0.79057425,0.20942575
9.25,84.0,0.22386645,0.77613354
9.25,84.25,0.22236115,0.77763885
9.25,84.5,0.22386645,0.77613354
9.25,84.75,0.22386645,0.77613354
9.25,85.0,0.2232292,0.77677083
9.25,85.25,0.2232292,0.77677083
9.25,85.5,0.78997993,0.21002007
9.25,85.75,0.22541872,0.7745813
9.25,86.0,0.2252248,0.7747752
9.25,86.25,0.22640468,0.77359533
9.25,86.5,0.78981775,0.21018225
9.25,86.75,0.7910441,0.20895588
9.25,87.0,0.79083437,0.20916563
9.25,87.25,0.79100317,0.20899683
9.25,87.5,0.7908269,0.20917308
9.25,87.75,0.79100317,0.20899683
9.25,88.0,0.7910411,0.20895892
9.25,88.25,0.7920709,0.20792907
9.25,88.5,0.7911462,0.20885378
9.25,88.75,0.79127085,0.20872915
9.25,89.0,0.7911462,0.20885378
9.25,89.25,0.7915808,0.2084192
9.25,89.5,0.7917179,0.20828211
9.25,89.75,0.7919205,0.20807952
9.25,90.0,0.7917179,0.20828211
9.25,90.25,0.7922768,0.2077232
9.25,90.5,0.79206216,0.20793784
9.25,90.75,0.79115516,0.20884484
9.25,91.0,0.7910972,0.20890278
9.25,91.25,0.79144424,0.20855576
9.25,91.5,0.79149425,0.20850575
9.25,91.75,0.79141814,0.20858186
9.25,92.0,0.7915188,0.2084812
9.25,92.25,0.7909294,0.20907062
9.25,92.5,0.79011047,0.20988953
9.25,92.75,0.22548972,0.77451026
9.25,93.0,0.22548972,0.77451026
9.25,93.25,0.2256105,0.7743895
9.25,93.5,0.79061544,0.20938456
9.25,93.75,0.2233618,0.7766382
9.25,94.0,0.22063415,0.77936584
9.25,94.25,0.22555737,0.7744426
9.25,94.5,0.2255208,0.7744792
9.25,94.75,0.22655563,0.77344435
9.25,95.0,0.23980775,0.7601923
9.25,95.25,0.22563986,0.7743601
9.25,95.5,0.22620817,0.77379185
9.25,95.75,0.7906972,0.20930278
9.25,96.0,0.7906972,0.20930278
9.5,68.0,0.7921313,0.2078687
9.5,68.25,0.7920387,0.20796132
9.5,68.5,0.7927511,0.20724893
9.5,68.75,0.79196674,0.20803326
9.5,69.0,0.7914547,0.20854533
9.5,69.25,0.7906826,0.20931739
9.5,69.5,0.7906826,0.20931739
9.5,69.75,0.7911527,0.20884728
9.5,70.0,0.7918651,0.20813489
9.5,70.25,0.7915898,0.2084102
9.5,70.5,0.79176605,0.20823395
9.5,70.75,0.7913356,0.20866442
9.5,71.0,0.7913356,0.20866442
9.5,71.25,0.7906826,0.20931739
9.5,71.5,0.7913356,0.20866442
9.5,71.75,0.7918651,0.20813489
9.5,72.0,0.7906118,0.2093882
9.5,72.25,0.7904455,0.2095545
9.5,72.5,0.7907309,0.2092691
9.5,72.75,0.79102015,0.20897985
9.5,73.0,0.79113775,0.20886225
9.5,73.25,0.7913362,0.20866382
9.5,73.5,0.7907935,0.20920652
9.5,73.75,0.791314,0.208686
9.5,74.0,0.7907713,0.2092287
9.5,74.25,0.23298018,0.7670198
9.5,74.5,0.22887765,0.77112234
9.5,74.75,0.2340409,0.7659591
9.5,75.0,0.2287095,0.7712905
9.5,75.25,0.79052615,0.20947385
9.5,75.5,0.7911156,0.20888442
9.5,75.75,0.79127234,0.20872766
9.5,76.0,0.7913654,0.20863461
9.5,76.25,0.7925446,0.2074554
9.5,76.5,0.79139274,0.20860726
9.5,76.75,0.79105246,0.20894754
9.5,77.0,0.7917754,0.2082246
9.5,77.25,0.79123205,0.20876795
9.5,77.5,0.7915019,0.20849812
9.5,77.75,0.7915684,0.2084316
9.5,78.0,0.7931514,0.20684862
9.5,78.25,0.7918769,0.20812309
9.5,78.5,0.23104021,0.76895976
9.5,78.75,0.23181532,0.76818466
9.5,79.0,0.23480141,0.7651986
9.5,79.25,0.35756144,0.64243853
9.5,79.5,0.7655982,0.23440182
9.5,79.75,0.7003014,0.2996986
9.5,80.0,0.34121308,0.6587869
9.5,80.25,0.4907342,0.5092658
9.5,80.5,0.3038968,0.6961032
9.5,80.75,0.24033548,0.75966454
9.5,81.0,0.7912403,0.20875973
9.5,81.25,0.7927755,0.20722449
9.5,81.5,0.7927416,0.2072584
9.5,81.75,0.7919534,0.20804662
9.5,82.0,0.7924874,0.20751262
9.5,82.25,0.791455,0.20854503
9.5,82.5,0.7918612,0.20813882
9.5,82.75,0.79157335,0.20842665
9.5,83.0,0.79157335,0.20842665
9.5,83.25,0.7908226,0.20917737
9.5,83.5,0.79153705,0.20846295
9.5,83.75,0.791065,0.20893502
9.5,84.0,0.22301526,0.77698475
9.5,84.25,0.22301526,0.77698475
9.5,84.5,0.22301526,0.77698475
9.5,84.75,0.22425057,0.77574944
9.5,85.0,0.22388332,0.77611667
9.5,85.25,0.7897046,0.21029538
9.5,85.5,0.7907442,0.20925581
9.5,85.75,0.79099214,0.20900786
9.5,86.0,0.79083437,0.20916563
9.5,86.25,0.79082996,0.20917004
9.5,86.5,0.790582,0.209418
9.5,86.75,0.79083437,0.20916563
9.5,87.0,0.79128325,0.20871675
9.5,87.25,0.79100317,0.20899683
9.5,87.5,0.7908269,0.20917308
9.5,87.75,0.7908269,0.20917308
9.5,88.0,0.7909691,0.20903093
9.5,88.25,0.7917682,0.2082318
9.5,88.5,0.79096997,0.20903003
9.5,88.75,0.7911462,0.20885378
9.5,89.0,0.7911462,0.20885378
9.5,89.25,0.79166615,0.20833385
9.5,89.5,0.7919205,0.20807952
9.5,89.75,0.7914082,0.20859182
9.5,90.0,0.7914082,0.20859182
9.5,90.25,0.79226476,0.20773524
9.5,90.5,0.79206216,0.20793784
9.5,90.75,0.79175913,0.20824087
9.5,91.0,0.7912879,0.2087121
9.5,91.25,0.7919307,0.20806932
9.5,91.5,0.7919307,0.20806932
9.5,91.75,0.79218346,0.20781654
9.5,92.0,0.79164547,0.20835453
9.5,92.25,0.7900591,0.20994091
9.5,92.5,0.22522163,0.77477837
9.5,92.75,0.22614384,0.77385616
9.5,93.0,0.7911156,0.20888442
9.5,93.25,0.22516634,0.7748337
9.5,93.5,0.22380659,0.7761934
9.5,93.75,0.22399457,0.77600545
9.5,94.0,0.22432823,0.7756718
9.5,94.25,0.22649926,0.77350074
9.5,94.5,0.22732534,0.7726747
9.5,94.75,0.24059449,0.7594055
9.5,95.0,0.7910415,0.2089585
9.5,95.25,0.7915902,0.20840979
9.5,95.5,0.79054815,0.20945185
9.5,95.75,0.7906972,0.20930278
9.5,96.0,0.7900411,0.20995891
9.75,68.0,0.7921654,0.2078346
9.75,68.25,0.79215777,0.20784223
9.75,68.5,0.7923761,0.2076239
9.75,68.75,0.79154336,0.20845664
9.75,69.0,0.7914547,0.20854533
9.75,69.25,0.79058146,0.20941854
9.75,69.5,0.79091895,0.20908105
9.75,69.75,0.791746,0.20825398
9.75,70.0,0.7911527,0.20884728
9.75,70.25,0.7913356,0.20866442
9.75,70.5,0.7908016,0.20919842
9.75,70.75,0.791746,0.20825398
9.75,71.0,0.7913356,0.20866442
9.75,71.25,0.7913356,0.20866442
9.75,71.5,0.7906826,0.20931739
9.75,71.75,0.791746,0.20825398
9.75,72.0,0.7911342,0.20886582
9.75,72.25,0.79043555,0.20956445
9.75,72.5,0.7917089,0.20829111
9.75,72.75,0.791746,0.20825398
9.75,73.0,0.7920249,0.20797509
9.75,73.25,0.7920249,0.20797509
9.75,73.5,0.7912367,0.2087633
9.75,73.75,0.7907935,0.20920652
9.75,74.0,0.7907306,0.2092694
9.75,74.25,0.22720452,0.7727955
9.75,74.5,0.23135133,0.7686487
9.75,74.75,0.22939885,0.77060115
9.75,75.0,0.23009181,0.7699082
9.75,75.25,0.7908783,0.2091217
9.75,75.5,0.79116696,0.20883304
9.75,75.75,0.79080343,0.20919657
9.75,76.0,0.7913654,0.20863461
9.75,76.25,0.7915583,0.20844167
9.75,76.5,0.79179084,0.20820916
9.75,76.75,0.79127413,0.20872587
9.75,77.0,0.7917754,0.2082246
9.75,77.25,0.79168534,0.20831466
9.75,77.5,0.7916901,0.20830989
9.75,77.75,0.79123586,0.20876414
9.75,78.0,0.7909276,0.20907241
9.75,78.25,0.7914789,0.20852113
9.75,78.5,0.22926264,0.77073735
9.75,78.75,0.22986858,0.7701314
9.75,79.0,0.23294438,0.76705563
9.75,79.25,0.31175265,0.6882473
9.75,79.5,0.5837406,0.4162594
9.75,79.75,0.5046607,0.49533927
9.75,80.0,0.4291583,0.57084167
9.75,80.25,0.24928492,0.7507151
9.75,80.5,0.7362521,0.26374787
9.75,80.75,0.79230493,0.20769507
9.75,81.0,0.79277676,0.20722324
9.75,81.25,0.79202837,0.20797163
9.75,81.5,0.7923896,0.20761043
9.75,81.75,0.7925734,0.20742661
9.75,82.0,0.79275495,0.20724505
9.75,82.25,0.79129916,0.20870084
9.75,82.5,0.79185164,0.20814836
9.75,82.75,0.7914226,0.2085774
9.75,83.0,0.2529901,0.7470099
9.75,83.25,0.24269867,0.75730133
9.75,83.5,0.79080105,0.20919895
9.75,83.75,0.7907442,0.20925581
9.75,84.0,0.222473,0.777527
9.75,84.25,0.22274299,0.777257
9.75,84.5,0.22123769,0.77876234
9.75,84.75,0.222473,0.777527
9.75,85.0,0.222473,0.777527
9.75,85.25,0.78997993,0.21002007
9.75,85.5,0.78997993,0.21002007
9.75,85.75,0.79099214,0.20900786
9.75,86.0,0.7910691,0.20893091
9.75,86.25,0.79089284,0.20910716
9.75,86.5,0.7910691,0.20893091
9.75,86.75,0.7910691,0.20893091
9.75,87.0,0.7908665,0.2091335
9.75,87.25,0.79100317,0.20899683
9.75,87.5,0.7908269,0.20917308
9.75,87.75,0.7913135,0.20868647
9.75,88.0,0.79146975,0.20853025
9.75,88.25,0.79162604,0.20837396
9.75,88.5,0.79096997,0.20903003
9.75,88.75,0.79096997,0.20903003
9.75,89.0,0.79096997,0.20903003
9.75,89.25,0.79095125,0.20904875
9.75,89.5,0.7914082,0.20859182
9.75,89.75,0.79174423,0.20825577
9.75,90.0,0.7914082,0.20859182
9.75,90.25,0.7914082,0.20859182
9.75,90.5,0.7917179,0.20828211
9.75,90.75,0.79180783,0.20819217
9.75,91.0,0.7914905,0.2085095
9.75,91.25,0.7915864,0.2084136
9.75,91.5,0.7914869,0.20851308
9.75,91.75,0.7917885,0.20821148
9.75,92.0,0.7913942,0.20860583
9.75,92.25,0.2205656,0.7794344
9.75,92.5,0.22417404,0.775826
9.75,92.75,0.79131514,0.20868486
9.75,93.0,0.7910642,0.2089358
9.75,93.25,0.79067844,0.20932156
9.75,93.5,0.79067844,0.20932156
9.75,93.75,0.22311983,0.77688015
9.75,94.0,0.7910642,0.2089358
9.75,94.25,0.22672826,0.77327174
9.75,94.5,0.22672826,0.77327174
9.75,94.75,0.2264435,0.7735565
9.75,95.0,0.791083,0.20891702
9.75,95.25,0.79133534,0.20866466
9.75,95.5,0.22373289,0.7762671
9.75,95.75,0.22543803,0.774562
9.75,96.0,0.7913188,0.20868123
10.0,68.0,0.79242665,0.20757335
10.0,68.25,0.79234064,0.20765936
10.0,68.5,0.79214424,0.20785576
10.0,68.75,0.79204404,0.20795596
10.0,69.0,0.7913356,0.20866442
10.0,69.25,0.7913356,0.20866442
10.0,69.5,0.7914547,0.20854533
10.0,69.75,0.7913356,0.20866442
10.0,70.0,0.7913356,0.20866442
10.0,70.25,0.7911527,0.20884728
10.0,70.5,0.7913985,0.20860147
10.0,70.75,0.7915898,0.2084102
10.0,71.0,0.7913356,0.20866442
10.0,71.25,0.7904796,0.2095204
10.0,71.5,0.7907309,0.2092691
10.0,71.75,0.791746,0.20825398
10.0,72.0,0.7911032,0.20889682
10.0,72.25,0.7912594,0.20874059
10.0,72.5,0.7918651,0.20813489
10.0,72.75,0.791746,0.20825398
10.0,73.0,0.7920763,0.20792371
10.0,73.25,0.7916145,0.20838553
10.0,73.5,0.7920249,0.20797509
10.0,73.75,0.79117996,0.20882004
10.0,74.0,0.79076713,0.20923287
10.0,74.25,0.79006267,0.20993733
10.0,74.5,0.22218761,0.77781236
10.0,74.75,0.22758926,0.77241075
10.0,75.0,0.22641943,0.77358055
10.0,75.25,0.22216819,0.7778318
10.0,75.5,0.7908783,0.2091217
10.0,75.75,0.7911628,0.20883721
10.0,76.0,0.7911628,0.20883721
10.0,76.25,0.79220015,0.20779985
10.0,76.5,0.7908119,0.2091881
10.0,76.75,0.79121834,0.20878166
10.0,77.0,0.791724,0.20827597
10.0,77.25,0.792242,0.20775801
10.0,77.5,0.7917754,0.2082246
10.0,77.75,0.7912944,0.2087056
10.0,78.0,0.7918163,0.2081837
10.0,78.25,0.7923457,0.2076543
10.0,78.5,0.791822,0.20817798
10.0,78.75,0.7931514,0.20684862
10.0,79.0,0.7923477,0.20765227
10.0,79.25,0.25101656,0.74898344
10.0,79.5,0.24551094,0.75448906
10.0,79.75,0.24514368,0.75485635
10.0,80.0,0.30683008,0.69316995
10.0,80.25,0.28916118,0.7108388
10.0,80.5,0.33086848,0.6691315
10.0,80.75,0.7919166,0.20808339
10.0,81.0,0.7924929,0.20750707
10.0,81.25,0.79091966,0.20908034
10.0,81.5,0.790976,0.20902401
10.0,81.75,0.7921796,0.20782042
10.0,82.0,0.79275495,0.20724505
10.0,82.25,0.7921791,0.20782089
10.0,82.5,0.2684265,0.73157346
10.0,82.75,0.2613659,0.7386341
10.0,83.0,0.22696488,0.7730351
10.0,83.25,0.7909719,0.20902812
10.0,83.5,0.7915527,0.20844728
10.0,83.75,0.791069,0.20893103
10.0,84.0,0.21870178,0.7812982
10.0,84.25,0.21797928,0.7820207
10.0,84.5,0.21610673,0.7838933
10.0,84.75,0.22114927,0.77885073
10.0,85.0,0.21770929,0.7822907
10.0,85.25,0.21734203,0.782658
10.0,85.5,0.79020935,0.20979065
10.0,85.75,0.79099655,0.20900345
10.0,86.0,0.7910691,0.20893091
10.0,86.25,0.7910691,0.20893091
10.0,86.5,0.79089284,0.20910716
10.0,86.75,0.7910691,0.20893091
10.0,87.0,0.7910691,0.20893091
10.0,87.25,0.7912173,0.20878267
10.0,87.5,0.7908837,0.20911628
10.0,87.75,0.7911253,0.2088747
10.0,88.0,0.7908978,0.20910221
10.0,88.25,0.7916969,0.2083031
10.0,88.5,0.79096997,0.20903003
10.0,88.75,0.7913604,0.20863962
10.0,89.0,0.79106086,0.20893914
10.0,89.25,0.79095125,0.20904875
10.0,89.5,0.7912815,0.20871848
10.0,89.75,0.7919205,0.20807952
10.0,90.0,0.79174423,0.20825577
10.0,90.25,0.7919205,0.20807952
10.0,90.5,0.7919205,0.20807952
10.0,90.75,0.79166615,0.20833385
10.0,91.0,0.7912884,0.20871162
10.0,91.25,0.79227513,0.20772487
10.0,91.5,0.7919307,0.20806932
10.0,91.75,0.7917885,0.20821148
10.0,92.0,0.79097086,0.20902914
10.0,92.25,0.2175289,0.7824711
10.0,92.5,0.2146992,0.7853008
10.0,92.75,0.7909294,0.20907062
10.0,93.0,0.7909597,0.20904028
10.0,93.25,0.7912679,0.20873213
10.0,93.5,0.7909236,0.2090764
10.0,93.75,0.7912679,0.20873213
10.0,94.0,0.79067844,0.20932156
10.0,94.25,0.79067844,0.20932156
10.0,94.5,0.2206815,0.7793185
10.0,94.75,0.791083,0.20891702
10.0,95.0,0.21879585,0.78120416
10.0,95.25,0.22007887,0.7799211
10.0,95.5,0.21871912,0.7812809
10.0,95.75,0.22067808,0.7793219
10.0,96.0,0.7913188,0.20868123
10.25,68.0,0.79138213,0.20861787
10.25,68.25,0.79196286,0.20803714
10.25,68.5,0.79112315,0.20887685
10.25,68.75,0.7915563,0.2084437
10.25,69.0,0.7912718,0.2087282
10.25,69.25,0.7913356,0.20866442
10.25,69.5,0.7917089,0.20829111
10.25,69.75,0.7907309,0.2092691
10.25,70.0,0.7911032,0.20889682
10.25,70.25,0.7913356,0.20866442
10.25,70.5,0.7917089,0.20829111
10.25,70.75,0.7904796,0.2095204
10.25,71.0,0.7903284,0.20967162
10.25,71.25,0.25632933,0.7436707
10.25,71.5,0.78985804,0.21014196
10.25,71.75,0.7904134,0.20958662
10.25,72.0,0.7907309,0.2092691
10.25,72.25,0.79043555,0.20956445
10.25,72.5,0.7911032,0.20889682
10.25,72.75,0.79152066,0.20847934
10.25,73.0,0.7920249,0.20797509
10.25,73.25,0.7914181,0.20858192
10.25,73.5,0.7916145,0.20838553
10.25,73.75,0.79168063,0.20831937
10.25,74.0,0.79076713,0.20923287
10.25,74.25,0.21703275,0.78296727
10.25,74.5,0.21856023,0.7814398
10.25,74.75,0.2184115,0.7815885
10.25,75.0,0.22164164,0.77835834
10.25,75.25,0.22690535,0.77309465
10.25,75.5,0.21904992,0.78095007
10.25,75.75,0.7912493,0.20875072
10.25,76.0,0.7918917,0.2081083
10.25,76.25,0.7918554,0.2081446
10.25,76.5,0.79107195,0.20892805
10.25,76.75,0.7912697,0.20873028
10.25,77.0,0.7917754,0.2082246
10.25,77.25,0.7915478,0.20845222
10.25,77.5,0.7913476,0.20865238
10.25,77.75,0.7913597,0.20864028
10.25,78.0,0.79217315,0.20782685
10.25,78.25,0.79167116,0.20832884
10.25,78.5,0.79293495,0.20706505
10.25,78.75,0.7927209,0.20727909
10.25,79.0,0.79236317,0.20763683
10.25,79.25,0.21793595,0.7820641
10.25,79.5,0.22120824,0.7787918
10.25,79.75,0.22120824,0.7787918
10.25,80.0,0.22811985,0.77188015
10.25,80.25,0.22811985,0.77188015
10.25,80.5,0.26229873,0.7377013
10.25,80.75,0.7926351,0.20736492
10.25,81.0,0.7916593,0.2083407
10.25,81.25,0.79243124,0.20756876
10.25,81.5,0.79222864,0.20777136
10.25,81.75,0.22025684,0.7797432
10.25,82.0,0.79091966,0.20908034
10.25,82.25,0.7928558,0.2071442
10.25,82.5,0.24067092,0.7593291
10.25,82.75,0.21917285,0.78082716
10.25,83.0,0.2192921,0.7807079
10.25,83.25,0.21360162,0.7863984
10.25,83.5,0.21496136,0.78503865
10.25,83.75,0.21821968,0.7817803
10.25,84.0,0.21821968,0.7817803
10.25,84.25,0.21269836,0.78730166
10.25,84.5,0.21278428,0.7872157
10.25,84.75,0.2140581,0.7859419
10.25,85.0,0.21146305,0.78853697
10.25,85.25,0.21281962,0.78718036
10.25,85.5,0.21305427,0.7869457
10.25,85.75,0.79020935,0.20979065
10.25,86.0,0.79028124,0.20971876
10.25,86.25,0.79087067,0.20912933
10.25,86.5,0.7910422,0.20895779
10.25,86.75,0.7910691,0.20893091
10.25,87.0,0.7910691,0.20893091
10.25,87.25,0.79170394,0.20829606
10.25,87.5,0.79105765,0.20894235
10.25,87.75,0.7911253,0.2088747
10.25,88.0,0.7911253,0.2088747
10.25,88.25,0.7919964,0.20800358
10.25,88.5,0.79096997,0.20903003
10.25,88.75,0.7911462,0.20885378
10.25,89.0,0.79106826,0.20893174
10.25,89.25,0.7909865,0.20901352
10.25,89.5,0.79180646,0.20819354
10.25,89.75,0.79137105,0.20862895
10.25,90.0,0.7918351,0.20816487
10.25,90.25,0.7919584,0.20804161
10.25,90.5,0.79174423,0.20825577
10.25,90.75,0.7914899,0.2085101
10.25,91.0,0.7911462,0.20885378
10.25,91.25,0.79161227,0.20838773
10.25,91.5,0.791268,0.20873201
10.25,91.75,0.7915864,0.2084136
10.25,92.0,0.7910499,0.2089501
10.25,92.25,0.21204272,0.7879573
10.25,92.5,0.21448533,0.78551465
10.25,92.75,0.7909294,0.20907062
10.25,93.0,0.7912679,0.20873213
10.25,93.25,0.79122716,0.20877284
10.25,93.5,0.7912679,0.20873213
10.25,93.75,0.79109514,0.20890486
10.25,94.0,0.7909236,0.2090764
10.25,94.25,0.7909597,0.20904028
10.25,94.5,0.7908829,0.20911711
10.25,94.75,0.21387085,0.7861291
10.25,95.0,0.21400346,0.78599656
10.25,95.25,0.21264371,0.78735626
10.25,95.5,0.21264371,0.78735626
10.25,95.75,0.79142725,0.20857275
10.25,96.0,0.79166305,0.20833695
10.5,68.0,0.24926227,0.7507377
10.5,68.25,0.79180145,0.20819855
10.5,68.5,0.79232883,0.20767117
10.5,68.75,0.7916218,0.2083782
10.5,69.0,0.79122263,0.20877737
10.5,69.25,0.79076606,0.20923394
10.5,69.5,0.7909155,0.20908451
10.5,69.75,0.7907129,0.2092871
10.5,70.0,0.79120475,0.20879525
10.5,70.25,0.7917054,0.20829457
10.5,70.5,0.7909862,0.20901382
10.5,70.75,0.79063207,0.20936793
10.5,71.0,0.24635684,0.75364316
10.5,71.25,0.24635684,0.75364316
10.5,71.5,0.7902878,0.2097122
10.5,71.75,0.79039496,0.20960504
10.5,72.0,0.7915492,0.2084508
10.5,72.25,0.7905712,0.20942879
10.5,72.5,0.7907492,0.20925081
10.5,72.75,0.79142994,0.20857006
10.5,73.0,0.7922609,0.20773911
10.5,73.25,0.7914198,0.2085802
10.5,73.5,0.7913244,0.20867562
10.5,73.75,0.79132235,0.20867765
10.5,74.0,0.790992,0.20900798
10.5,74.25,0.2177445,0.78225553
10.5,74.5,0.21607096,0.78392905
10.5,74.75,0.21607096,0.78392905
10.5,75.0,0.22042695,0.7795731
10.5,75.25,0.22042695,0.7795731
10.5,75.5,0.21792491,0.7820751
10.5,75.75,0.21653399,0.783466
10.5,76.0,0.79198444,0.20801556
10.5,76.25,0.791832,0.20816803
10.5,76.5,0.79120636,0.20879364
10.5,76.75,0.7909056,0.2090944
10.5,77.0,0.79314244,0.20685756
10.5,77.25,0.7917574,0.2082426
10.5,77.5,0.7918747,0.2081253
10.5,77.75,0.79153025,0.20846975
10.5,78.0,0.7927382,0.2072618
10.5,78.25,0.7927189,0.20728111
10.5,78.5,0.7925846,0.2074154
10.5,78.75,0.7922188,0.2077812
10.5,79.0,0.7906313,0.2093687
10.5,79.25,0.21513174,0.78486824
10.5,79.5,0.21599993,0.78400004
10.5,79.75,0.21645457,0.78354543
10.5,80.0,0.22155456,0.7784454
10.5,80.25,0.22135656,0.7786434
10.5,80.5,0.22243603,0.777564
10.5,80.75,0.79154867,0.20845133
10.5,81.0,0.7923696,0.2076304
10.5,81.25,0.7916701,0.20832992
10.5,81.5,0.7916072,0.2083928
10.5,81.75,0.21405157,0.7859484
10.5,82.0,0.21873142,0.7812686
10.5,82.25,0.21812837,0.7818716
10.5,82.5,0.23284966,0.76715034
10.5,82.75,0.21835926,0.78164077
10.5,83.0,0.21372384,0.78627616
10.5,83.25,0.21279517,0.78720486
10.5,83.5,0.2124721,0.7875279
10.5,83.75,0.2129286,0.7870714
10.5,84.0,0.21692549,0.7830745
10.5,84.25,0.21709466,0.78290534
10.5,84.5,0.21134387,0.7886561
10.5,84.75,0.21717985,0.78282017
10.5,85.0,0.7909723,0.20902771
10.5,85.25,0.79016453,0.20983547
10.5,85.5,0.79127306,0.20872694
10.5,85.75,0.21717985,0.78282017
10.5,86.0,0.21726577,0.7827342
10.5,86.25,0.79100204,0.20899796
10.5,86.5,0.79146785,0.20853215
10.5,86.75,0.7910511,0.20894891
10.5,87.0,0.7915917,0.2084083
10.5,87.25,0.7914019,0.20859808
10.5,87.5,0.79118776,0.20881224
10.5,87.75,0.7910115,0.20898849
10.5,88.0,0.7912257,0.20877433
10.5,88.25,0.7917253,0.20827472
10.5,88.5,0.7922154,0.2077846
10.5,88.75,0.79115456,0.20884544
10.5,89.0,0.79124546,0.20875454
10.5,89.25,0.7915767,0.20842332
10.5,89.5,0.79079133,0.20920867
10.5,89.75,0.79138076,0.20861924
10.5,90.0,0.791831,0.20816898
10.5,90.25,0.79231924,0.20768076
10.5,90.5,0.79228514,0.20771486
10.5,90.75,0.79185075,0.20814925
10.5,91.0,0.7913308,0.20866919
10.5,91.25,0.79162884,0.20837116
10.5,91.5,0.7914526,0.20854741
10.5,91.75,0.79162884,0.20837116
10.5,92.0,0.7915326,0.20846742
10.5,92.25,0.7906206,0.20937937
10.5,92.5,0.21107493,0.78892505
10.5,92.75,0.21475962,0.7852404
10.5,93.0,0.7912488,0.2087512
10.5,93.25,0.7910675,0.20893252
10.5,93.5,0.7911403,0.20885968
10.5,93.75,0.7913916,0.20860839
10.5,94.0,0.7913916,0.20860839
10.5,94.25,0.79141176,0.20858824
10.5,94.5,0.79086304,0.20913696
10.5,94.75,0.21254742,0.7874526
10.5,95.0,0.21183623,0.7881638
10.5,95.25,0.7908476,0.2091524
10.5,95.5,0.79147124,0.20852876
10.5,95.75,0.79155207,0.20844793
10.5,96.0,0.79151994,0.20848006
10.75,68.0,0.24472985,0.7552701
10.75,68.25,0.79077953,0.20922047
10.75,68.5,0.79155016,0.20844984
10.75,68.75,0.7920233,0.2079767
10.75,69.0,0.7909863,0.2090137
10.75,69.25,0.7908672,0.20913279
10.75,69.5,0.7909155,0.20908451
10.75,69.75,0.7903239,0.20967609
10.75,70.0,0.79062015,0.20937985
10.75,70.25,0.7913373,0.20866269
10.75,70.5,0.7920497,0.2079503
10.75,70.75,0.7909155,0.20908451
10.75,71.0,0.24182439,0.7581756
10.75,71.25,0.24195342,0.75804657
10.75,71.5,0.7903686,0.20963138
10.75,71.75,0.79172546,0.20827454
10.75,72.0,0.7904049,0.20959508
10.75,72.25,0.78978336,0.21021664
10.75,72.5,0.7917704,0.2082296
10.75,72.75,0.7915492,0.2084508
10.75,73.0,0.79186505,0.20813495
10.75,73.25,0.7918652,0.20813477
10.75,73.5,0.7913786,0.20862138
10.75,73.75,0.79132235,0.20867765
10.75,74.0,0.7909559,0.2090441
10.75,74.25,0.22008461,0.7799154
10.75,74.5,0.22023334,0.7797667
10.75,74.75,0.21995558,0.78004444
10.75,75.0,0.21834758,0.78165245
10.75,75.25,0.2146746,0.7853254
10.75,75.5,0.21739215,0.78260785
10.75,75.75,0.21889281,0.7811072
10.75,76.0,0.7889641,0.2110359
10.75,76.25,0.7920795,0.20792049
10.75,76.5,0.7919433,0.20805669
10.75,76.75,0.7909558,0.20904422
10.75,77.0,0.21750414,0.78249586
10.75,77.25,0.2171846,0.7828154
10.75,77.5,0.79145676,0.20854324
10.75,77.75,0.7917308,0.20826918
10.75,78.0,0.7913434,0.20865661
10.75,78.25,0.7914606,0.20853943
10.75,78.5,0.7918958,0.2081042
10.75,78.75,0.79192656,0.20807344
10.75,79.0,0.21421696,0.78578305
10.75,79.25,0.791091,0.20890898
10.75,79.5,0.79184073,0.20815927
10.75,79.75,0.21575786,0.78424215
10.75,80.0,0.22016229,0.7798377
10.75,80.25,0.21996257,0.7800374
10.75,80.5,0.21591103,0.78408897
10.75,80.75,0.21470518,0.78529483
10.75,81.0,0.79171497,0.20828503
10.75,81.25,0.79184633,0.20815367
10.75,81.5,0.79168004,0.20831996
10.75,81.75,0.21303152,0.78696847
10.75,82.0,0.21300991,0.7869901
10.75,82.25,0.2125484,0.7874516
10.75,82.5,0.21226831,0.7877317
10.75,82.75,0.21243365,0.78756636
10.75,83.0,0.21458295,0.7854171
10.75,83.25,0.21162564,0.78837436
10.75,83.5,0.21231596,0.787684
10.75,83.75,0.2157312,0.7842688
10.75,84.0,0.21564601,0.784354
10.75,84.25,0.21547684,0.7845231
10.75,84.5,0.21128604,0.78871393
10.75,84.75,0.2157312,0.7842688
10.75,85.0,0.21119863,0.7888014
10.75,85.25,0.21558248,0.7844175
10.75,85.5,0.79039395,0.20960605
10.75,85.75,0.790628,0.20937198
10.75,86.0,0.21550623,0.7844938
10.75,86.25,0.21550623,0.7844938
10.75,86.5,0.7907471,0.2092529
10.75,86.75,0.7912287,0.20877129
10.75,87.0,0.7910511,0.20894891
10.75,87.25,0.79118776,0.20881224
10.75,87.5,0.7911024,0.20889759
10.75,87.75,0.7914019,0.20859808
10.75,88.0,0.7912257,0.20877433
10.75,88.25,0.7923518,0.20764822
10.75,88.5,0.79151946,0.20848054
10.75,88.75,0.79151946,0.20848054
10.75,89.0,0.7915962,0.20840383
10.75,89.25,0.7912685,0.20873147
10.75,89.5,0.7911771,0.2088229
10.75,89.75,0.7914254,0.2085746
10.75,90.0,0.79134005,0.20865995
10.75,90.25,0.7918797,0.20812029
10.75,90.5,0.7920197,0.20798028
10.75,90.75,0.79185075,0.20814925
10.75,91.0,0.7913308,0.20866919
10.75,91.25,0.79162884,0.20837116
10.75,91.5,0.79162884,0.20837116
10.75,91.75,0.79162884,0.20837116
10.75,92.0,0.7913591,0.20864087
10.75,92.25,0.79128855,0.20871145
10.75,92.5,0.7913591,0.20864087
10.75,92.75,0.79183006,0.20816994
10.75,93.0,0.7911569,0.20884311
10.75,93.25,0.7903697,0.20963031
10.75,93.5,0.7901403,0.20985973
10.75,93.75,0.79141176,0.20858824
10.75,94.0,0.7911082,0.20889181
10.75,94.25,0.79048455,0.20951545
10.75,94.5,0.7903697,0.20963031
10.75,94.75,0.7905033,0.20949668
10.75,95.0,0.790228,0.20977199
10.75,95.25,0.21163836,0.78836167
10.75,95.5,0.79143053,0.20856947
10.75,95.75,0.79175466,0.20824534
10.75,96.0,0.79175466,0.20824534
11.0,68.0,0.7912059,0.20879412
11.0,68.25,0.79180145,0.20819855
11.0,68.5,0.79155016,0.20844984
11.0,68.75,0.7908431,0.20915687
11.0,69.0,0.7907964,0.2092036
11.0,69.25,0.7919306,0.20806938
11.0,69.5,0.7920497,0.2079503
11.0,69.75,0.791549,0.20845097
11.0,70.0,0.79073924,0.20926076
11.0,70.25,0.7919306,0.20806938
11.0,70.5,0.791549,0.20845097
11.0,70.75,0.7906642,0.2093358
11.0,71.0,0.24174729,0.75825274
11.0,71.25,0.24086267,0.75913733
11.0,71.5,0.7903199,0.20968008
11.0,71.75,0.23156688,0.7684331
11.0,72.0,0.78982407,0.21017593
11.0,72.25,0.7899975,0.21000248
11.0,72.5,0.7906191,0.20938092
11.0,72.75,0.7907492,0.20925081
11.0,73.0,0.7914986,0.2085014
11.0,73.25,0.7911543,0.20884567
11.0,73.5,0.79132235,0.20867765
11.0,73.75,0.7909559,0.2090441
11.0,74.0,0.21964246,0.78035754
11.0,74.25,0.21962412,0.7803759
11.0,74.5,0.7907621,0.20923787
11.0,74.75,0.7913323,0.2086677
11.0,75.0,0.22843288,0.7715671
11.0,75.25,0.21719572,0.78280425
11.0,75.5,0.2162822,0.7837178
11.0,75.75,0.23269323,0.7673068
11.0,76.0,0.21839397,0.781606
11.0,76.25,0.21640076,0.78359926
11.0,76.5,0.7918181,0.20818192
11.0,76.75,0.7912978,0.2087022
11.0,77.0,0.7898942,0.21010578
11.0,77.25,0.78910714,0.21089286
11.0,77.5,0.7917308,0.20826918
11.0,77.75,0.7913839,0.20861608
11.0,78.0,0.7919318,0.20806819
11.0,78.25,0.7921005,0.20789951
11.0,78.5,0.7925023,0.20749772
11.0,78.75,0.7928176,0.2071824
11.0,79.0,0.7915448,0.2084552
11.0,79.25,0.7916056,0.20839441
11.0,79.5,0.79083663,0.20916337
11.0,79.75,0.21553457,0.78446543
11.0,80.0,0.791292,0.20870799
11.0,80.25,0.79191357,0.20808643
11.0,80.5,0.21507993,0.7849201
11.0,80.75,0.21421175,0.78578824
11.0,81.0,0.79184073,0.20815927
11.0,81.25,0.7919765,0.20802349
11.0,81.5,0.7919765,0.20802349
11.0,81.75,0.21234415,0.78765583
11.0,82.0,0.21234415,0.78765583
11.0,82.25,0.21219355,0.78780645
11.0,82.5,0.21205719,0.7879428
11.0,82.75,0.21160255,0.78839743
11.0,83.0,0.21160945,0.7883905
11.0,83.25,0.21577688,0.78422314
11.0,83.5,0.21180338,0.7881966
11.0,83.75,0.21522762,0.7847724
11.0,84.0,0.21500982,0.7849902
11.0,84.25,0.21533181,0.7846682
11.0,84.5,0.2152079,0.78479207
11.0,84.75,0.21050014,0.7894999
11.0,85.0,0.21054566,0.78945434
11.0,85.25,0.21365851,0.7863415
11.0,85.5,0.21515137,0.78484863
11.0,85.75,0.7908422,0.20915782
11.0,86.0,0.79046583,0.20953417
11.0,86.25,0.79050654,0.20949346
11.0,86.5,0.79046583,0.20953417
11.0,86.75,0.79046583,0.20953417
11.0,87.0,0.79139584,0.20860416
11.0,87.25,0.7910115,0.20898849
11.0,87.5,0.79116774,0.20883226
11.0,87.75,0.79177284,0.20822716
11.0,88.0,0.79236776,0.20763224
11.0,88.25,0.7923257,0.20767432
11.0,88.5,0.7916723,0.20832771
11.0,88.75,0.79182035,0.20817965
11.0,89.0,0.7914183,0.20858169
11.0,89.25,0.7904733,0.20952672
11.0,89.5,0.7907276,0.20927238
11.0,89.75,0.79162735,0.20837265
11.0,90.0,0.7917903,0.2082097
11.0,90.25,0.791831,0.20816898
11.0,90.5,0.7915928,0.20840722
11.0,90.75,0.79185075,0.20814925
11.0,91.0,0.79115456,0.20884544
11.0,91.25,0.79166675,0.20833325
11.0,91.5,0.791843,0.208157
11.0,91.75,0.7914526,0.20854741
11.0,92.0,0.7912242,0.20877582
11.0,92.25,0.79140043,0.20859957
11.0,92.5,0.7916104,0.20838958
11.0,92.75,0.79130954,0.20869046
11.0,93.0,0.7911569,0.20884311
11.0,93.25,0.7910675,0.20893252
11.0,93.5,0.7913916,0.20860839
11.0,93.75,0.79113,0.20887
11.0,94.0,0.79151624,0.20848376
11.0,94.25,0.79121536,0.20878464
11.0,94.5,0.79121536,0.20878464
11.0,94.75,0.7915784,0.20842159
11.0,95.0,0.79172254,0.20827746
11.0,95.25,0.79143053,0.20856947
11.0,95.5,0.7912676,0.20873243
11.0,95.75,0.792413,0.207587
11.0,96.0,0.7915784,0.20842159
11.25,68.0,0.79155016,0.20844984
11.25,68.25,0.79235,0.20765
11.25,68.5,0.79180145,0.20819855
11.25,68.75,0.79103726,0.20896274
11.25,69.0,0.7917744,0.20822561
11.25,69.25,0.7913238,0.20867622
11.25,69.5,0.7915202,0.20847982
11.25,69.75,0.79163927,0.20836073
11.25,70.0,0.7917253,0.20827472
11.25,70.25,0.7903199,0.20968008
11.25,70.5,0.7907888,0.20921117
11.25,70.75,0.23379153,0.76620847
11.25,71.0,0.23401974,0.76598024
11.25,71.25,0.23294967,0.7670503
11.25,71.5,0.2277969,0.7722031
11.25,71.75,0.79003865,0.20996135
11.25,72.0,0.7903686,0.20963138
11.25,72.25,0.7907129,0.2092871
11.25,72.5,0.7904049,0.20959508
11.25,72.75,0.7907492,0.20925081
11.25,73.0,0.791296,0.208704
11.25,73.25,0.7911543,0.20884567
11.25,73.5,0.79136455,0.20863545
11.25,73.75,0.7909517,0.20904827
11.25,74.0,0.21678734,0.78321266
11.25,74.25,0.2189245,0.7810755
11.25,74.5,0.7913837,0.20861632
11.25,74.75,0.79187554,0.20812446
11.25,75.0,0.21748567,0.78251433
11.25,75.25,0.21748567,0.78251433
11.25,75.5,0.21889448,0.7811055
11.25,75.75,0.2812681,0.7187319
11.25,76.0,0.21655524,0.78344476
11.25,76.25,0.7905819,0.20941812
11.25,76.5,0.7915172,0.2084828
11.25,76.75,0.7914919,0.20850807
11.25,77.0,0.7914376,0.20856237
11.25,77.25,0.79156435,0.20843565
11.25,77.5,0.79203093,0.20796907
11.25,77.75,0.79129875,0.20870125
11.25,78.0,0.79229605,0.20770395
11.25,78.25,0.7925539,0.2074461
11.25,78.5,0.7927136,0.20728642
11.25,78.75,0.7925317,0.20746827
11.25,79.0,0.7931649,0.20683509
11.25,79.25,0.7916031,0.20839691
11.25,79.5,0.7912809,0.20871907
11.25,79.75,0.21702671,0.7829733
11.25,80.0,0.79259014,0.20740986
11.25,80.25,0.79102486,0.20897514
11.25,80.5,0.7916282,0.20837182
11.25,80.75,0.79068506,0.20931494
11.25,81.0,0.7928009,0.2071991
11.25,81.25,0.7926954,0.2073046
11.25,81.5,0.79291236,0.20708764
11.25,81.75,0.79166484,0.20833516
11.25,82.0,0.21153641,0.7884636
11.25,82.25,0.21151736,0.78848267
11.25,82.5,0.21124944,0.7887505
11.25,82.75,0.21124944,0.7887505
11.25,83.0,0.21065095,0.7893491
11.25,83.25,0.21065095,0.7893491
11.25,83.5,0.21112719,0.78887284
11.25,83.75,0.2097477,0.7902523
11.25,84.0,0.2093932,0.7906068
11.25,84.25,0.21478605,0.78521395
11.25,84.5,0.21478605,0.78521395
11.25,84.75,0.20969132,0.7903087
11.25,85.0,0.21053481,0.7894652
11.25,85.25,0.7909288,0.20907122
11.25,85.5,0.21053481,0.7894652
11.25,85.75,0.7908422,0.20915782
11.25,86.0,0.7903805,0.20961952
11.25,86.25,0.79130155,0.20869845
11.25,86.5,0.7910874,0.20891261
11.25,86.75,0.7912537,0.20874631
11.25,87.0,0.7912196,0.20878041
11.25,87.25,0.79116774,0.20883226
11.25,87.5,0.79153264,0.20846736
11.25,87.75,0.79153264,0.20846736
11.25,88.0,0.7913819,0.2086181
11.25,88.25,0.7929862,0.20701379
11.25,88.5,0.7910692,0.20893079
11.25,88.75,0.79124546,0.20875454
11.25,89.0,0.79135793,0.20864207
11.25,89.25,0.791536,0.20846403
11.25,89.5,0.791831,0.20816898
11.25,89.75,0.7917903,0.2082097
11.25,90.0,0.7904982,0.2095018
11.25,90.25,0.7914661,0.20853388
11.25,90.5,0.79231924,0.20768076
11.25,90.75,0.79185075,0.20814925
11.25,91.0,0.7913308,0.20866919
11.25,91.25,0.79162884,0.20837116
11.25,91.5,0.79162884,0.20837116
11.25,91.75,0.79162884,0.20837116
11.25,92.0,0.79140043,0.20859957
11.25,92.25,0.7912242,0.20877582
11.25,92.5,0.7916799,0.20832008
11.25,92.75,0.79146576,0.20853424
11.25,93.0,0.79121536,0.20878464
11.25,93.25,0.7913916,0.20860839
11.25,93.5,0.79151374,0.20848626
11.25,93.75,0.79107,0.20893002
11.25,94.0,0.79121536,0.20878464
11.25,94.25,0.7913716,0.20862842
11.25,94.5,0.7913716,0.20862842
11.25,94.75,0.79173464,0.20826536
11.25,95.0,0.79175466,0.20824534
11.25,95.25,0.79175466,0.20824534
11.25,95.5,0.79173464,0.20826536
11.25,95.75,0.79173464,0.20826536
11.25,96.0,0.79222125,0.20777875
11.5,68.0,0.7923248,0.20767522
11.5,68.25,0.79143107,0.20856893
11.5,68.5,0.7909286,0.2090714
11.5,68.75,0.79060733,0.20939267
11.5,69.0,0.790513,0.20948702
11.5,69.25,0.7919306,0.20806938
11.5,69.5,0.7908672,0.20913279
11.5,69.75,0.7915202,0.20847982
11.5,70.0,0.7920497,0.2079503
11.5,70.25,0.79073924,0.20926076
11.5,70.5,0.7917253,0.20827472
11.5,70.75,0.7905938,0.2094062
11.5,71.0,0.22824438,0.77175564
11.5,71.25,0.22757037,0.77242965
11.5,71.5,0.22606778,0.7739322
11.5,71.75,0.78978336,0.21021664
11.5,72.0,0.790598,0.20940202
11.5,72.25,0.7906301,0.2093699
11.5,72.5,0.7907492,0.20925081
11.5,72.75,0.7907492,0.20925081
11.5,73.0,0.791296,0.208704
11.5,73.25,0.7909781,0.20902193
11.5,73.5,0.7909781,0.20902193
11.5,73.75,0.7901324,0.2098676
11.5,74.0,0.21807924,0.7819208
11.5,74.25,0.7907621,0.20923787
11.5,74.5,0.78933364,0.21066636
11.5,74.75,0.21685278,0.7831472
11.5,75.0,0.21600734,0.78399265
11.5,75.25,0.21484672,0.78515327
11.5,75.5,0.2228112,0.7771888
11.5,75.75,0.21271104,0.78728896
11.5,76.0,0.7904767,0.20952332
11.5,76.25,0.7909196,0.2090804
11.5,76.5,0.7922983,0.20770168
11.5,76.75,0.79166424,0.20833576
11.5,77.0,0.79201615,0.20798385
11.5,77.25,0.79156435,0.20843565
11.5,77.5,0.7924395,0.20756048
11.5,77.75,0.7908701,0.20912993
11.5,78.0,0.7909855,0.20901448
11.5,78.25,0.79077065,0.20922935
11.5,78.5,0.79057425,0.20942575
11.5,78.75,0.79142857,0.20857143
11.5,79.0,0.79282564,0.20717436
11.5,79.25,0.79199976,0.20800024
11.5,79.5,0.78984505,0.21015495
11.5,79.75,0.21527395,0.784726
11.5,80.0,0.79113036,0.20886964
11.5,80.25,0.793014,0.20698601
11.5,80.5,0.79275954,0.20724046
11.5,80.75,0.7916056,0.20839441
11.5,81.0,0.7924748,0.2075252
11.5,81.25,0.7924106,0.20758939
11.5,81.5,0.79222226,0.20777774
11.5,81.75,0.79286957,0.20713043
11.5,82.0,0.7905411,0.20945889
11.5,82.25,0.21062028,0.7893797
11.5,82.5,0.21002929,0.7899707
11.5,82.75,0.21048392,0.7895161
11.5,83.0,0.21047975,0.78952026
11.5,83.25,0.2102085,0.78979146
11.5,83.5,0.2102085,0.78979146
11.5,83.75,0.20961612,0.7903839
11.5,84.0,0.20918602,0.790814
11.5,84.25,0.20918602,0.790814
11.5,84.5,0.21129984,0.78870016
11.5,84.75,0.20924887,0.7907511
11.5,85.0,0.21252179,0.7874782
11.5,85.25,0.7909288,0.20907122
11.5,85.5,0.21195656,0.78804344
11.5,85.75,0.7908422,0.20915782
11.5,86.0,0.79126525,0.20873475
11.5,86.25,0.7910511,0.20894891
11.5,86.5,0.7912537,0.20874631
11.5,86.75,0.7912537,0.20874631
11.5,87.0,0.79107744,0.20892256
11.5,87.25,0.79153264,0.20846736
11.5,87.5,0.79153264,0.20846736
11.5,87.75,0.7913819,0.2086181
11.5,88.0,0.79177284,0.20822716
11.5,88.25,0.79233176,0.20766824
11.5,88.5,0.79152495,0.20847505
11.5,88.75,0.79115456,0.20884544
11.5,89.0,0.7913687,0.20863128
11.5,89.25,0.79188865,0.20811135
11.5,89.5,0.79180694,0.20819306
11.5,89.75,0.791729,0.20827103
11.5,90.0,0.79115796,0.20884204
11.5,90.25,0.7916803,0.20831972
11.5,90.5,0.7914809,0.2085191
11.5,90.75,0.79113585,0.20886415
11.5,91.0,0.79104286,0.20895714
11.5,91.25,0.791843,0.208157
11.5,91.5,0.79162884,0.20837116
11.5,91.75,0.79166675,0.20833325
11.5,92.0,0.7919728,0.20802718
11.5,92.25,0.7923173,0.20768273
11.5,92.5,0.7925211,0.20747888
11.5,92.75,0.7913804,0.2086196
11.5,93.0,0.7913716,0.20862842
11.5,93.25,0.79121536,0.20878464
11.5,93.5,0.79151374,0.20848626
11.5,93.75,0.7916618,0.2083382
11.5,94.0,0.7913716,0.20862842
11.5,94.25,0.7913716,0.20862842
11.5,94.5,0.7913716,0.20862842
11.5,94.75,0.79173464,0.20826536
11.5,95.0,0.79173464,0.20826536
11.5,95.25,0.79222125,0.20777875
11.5,95.5,0.7918768,0.2081232
11.5,95.75,0.79173464,0.20826536
11.5,96.0,0.79143304,0.20856696
11.75,68.0,0.7928366,0.2071634
11.75,68.25,0.79235,0.20765
11.75,68.5,0.79151803,0.20848197
11.75,68.75,0.7909301,0.20906991
11.75,69.0,0.7905451,0.2094549
11.75,69.25,0.7905953,0.2094047
11.75,69.5,0.79136395,0.20863605
11.75,69.75,0.7913373,0.20866269
11.75,70.0,0.79195064,0.20804936
11.75,70.25,0.7912197,0.20878029
11.75,70.5,0.7905451,0.2094549
11.75,70.75,0.7905451,0.2094549
11.75,71.0,0.2189577,0.7810423
11.75,71.25,0.22082785,0.7791722
11.75,71.5,0.22015092,0.77984905
11.75,71.75,0.218038,0.78196204
11.75,72.0,0.21754813,0.78245187
11.75,72.25,0.7907177,0.20928228
11.75,72.5,0.790598,0.20940202
11.75,72.75,0.7909155,0.20908451
11.75,73.0,0.7912651,0.20873493
11.75,73.25,0.7909781,0.20902193
11.75,73.5,0.7911543,0.20884567
11.75,73.75,0.789903,0.21009701
11.75,74.0,0.7910115,0.20898849
11.75,74.25,0.790992,0.20900798
11.75,74.5,0.21524137,0.7847586
11.75,74.75,0.21405864,0.78594136
11.75,75.0,0.2132433,0.7867567
11.75,75.25,0.21349767,0.78650236
11.75,75.5,0.21431074,0.78568923
11.75,75.75,0.21090287,0.78909713
11.75,76.0,0.7907621,0.20923787
11.75,76.25,0.7909152,0.20908481
11.75,76.5,0.7918784,0.2081216
11.75,76.75,0.7912205,0.20877951
11.75,77.0,0.7923752,0.2076248
11.75,77.25,0.7915995,0.20840049
11.75,77.5,0.79203093,0.20796907
11.75,77.75,0.791789,0.208211
11.75,78.0,0.79020363,0.20979637
11.75,78.25,0.7916948,0.20830518
11.75,78.5,0.79227924,0.20772076
11.75,78.75,0.7909709,0.20902908
11.75,79.0,0.792679,0.20732099
11.75,79.25,0.7911443,0.20885569
11.75,79.5,0.7916628,0.20833719
11.75,79.75,0.21488231,0.7851177
11.75,80.0,0.7912751,0.20872492
11.75,80.25,0.79102635,0.20897365
11.75,80.5,0.79240716,0.20759284
11.75,80.75,0.79229605,0.20770395
11.75,81.0,0.7916031,0.20839691
11.75,81.25,0.79081625,0.20918375
11.75,81.5,0.7909268,0.20907319
11.75,81.75,0.7919358,0.2080642
11.75,82.0,0.7908164,0.20918357
11.75,82.25,0.21022865,0.7897713
11.75,82.5,0.20999025,0.79000974
11.75,82.75,0.21009229,0.7899077
11.75,83.0,0.20981687,0.7901831
11.75,83.25,0.21008812,0.78991187
11.75,83.5,0.20968531,0.7903147
11.75,83.75,0.20891362,0.7910864
11.75,84.0,0.20922449,0.79077554
11.75,84.25,0.20845899,0.791541
11.75,84.5,0.20879439,0.79120564
11.75,84.75,0.20855913,0.79144084
11.75,85.0,0.20842713,0.79157287
11.75,85.25,0.20848352,0.7915165
11.75,85.5,0.20891362,0.7910864
11.75,85.75,0.7924402,0.20755982
11.75,86.0,0.7912537,0.20874631
11.75,86.25,0.79107744,0.20892256
11.75,86.5,0.79157794,0.20842206
11.75,86.75,0.7919241,0.20807588
11.75,87.0,0.79123366,0.20876634
11.75,87.25,0.79153264,0.20846736
11.75,87.5,0.79249406,0.20750594
11.75,87.75,0.7913764,0.20862359
11.75,88.0,0.7913819,0.2086181
11.75,88.25,0.792181,0.20781898
11.75,88.5,0.7913108,0.20868921
11.75,88.75,0.79115456,0.20884544
11.75,89.0,0.7913687,0.20863128
11.75,89.25,0.79133844,0.20866156
11.75,89.5,0.7915148,0.20848519
11.75,89.75,0.7914661,0.20853388
11.75,90.0,0.79115796,0.20884204
11.75,90.25,0.79162735,0.20837265
11.75,90.5,0.7916803,0.20831972
11.75,90.75,0.79135,0.20865
11.75,91.0,0.79259425,0.20740575
11.75,91.25,0.791843,0.208157
11.75,91.5,0.791843,0.208157
11.75,91.75,0.79136723,0.20863277
11.75,92.0,0.7913804,0.2086196
11.75,92.25,0.7916799,0.20832008
11.75,92.5,0.7925211,0.20747888
11.75,92.75,0.79146576,0.20853424
11.75,93.0,0.79171586,0.20828414
11.75,93.25,0.7913916,0.20860839
11.75,93.5,0.79151374,0.20848626
11.75,93.75,0.7918582,0.2081418
11.75,94.0,0.79151374,0.20848626
11.75,94.25,0.79207236,0.20792764
11.75,94.5,0.792635,0.20736498
11.75,94.75,0.79143304,0.20856696
11.75,95.0,0.7918768,0.2081232
11.75,95.25,0.79222125,0.20777875
11.75,95.5,0.79222125,0.20777875
11.75,95.75,0.79222125,0.20777875
11.75,96.0,0.7918768,0.2081232
12.0,68.0,0.79148126,0.20851874
12.0,68.25,0.79143107,0.20856893
12.0,68.5,0.79147977,0.20852023
12.0,68.75,0.7908918,0.20910817
12.0,69.0,0.7916564,0.20834363
12.0,69.25,0.790644,0.20935601
12.0,69.5,0.7905953,0.2094047
12.0,69.75,0.7912681,0.20873189
12.0,70.0,0.21632464,0.7836754
12.0,70.25,0.21632464,0.7836754
12.0,70.5,0.21353658,0.78646344
12.0,70.75,0.21615547,0.78384453
12.0,71.0,0.21763791,0.7823621
12.0,71.25,0.21791908,0.7820809
12.0,71.5,0.21776564,0.7822344
12.0,71.75,0.21765172,0.7823483
12.0,72.0,0.21620674,0.7837933
12.0,72.25,0.21576858,0.7842314
12.0,72.5,0.79090375,0.20909625
12.0,72.75,0.7909155,0.20908451
12.0,73.0,0.79132235,0.20867765
12.0,73.25,0.7912224,0.2087776
12.0,73.5,0.79132235,0.20867765
12.0,73.75,0.79117006,0.20882994
12.0,74.0,0.2159293,0.78407073
12.0,74.25,0.21461636,0.78538364
12.0,74.5,0.21461636,0.78538364
12.0,74.75,0.21329193,0.78670806
12.0,75.0,0.21261829,0.7873817
12.0,75.25,0.21287265,0.7871274
12.0,75.5,0.20953688,0.7904631
12.0,75.75,0.7912801,0.20871991
12.0,76.0,0.79066724,0.20933276
12.0,76.25,0.21292296,0.78707707
12.0,76.5,0.79158,0.20841998
12.0,76.75,0.7911816,0.20881838
12.0,77.0,0.79156876,0.20843124
12.0,77.25,0.79137266,0.20862734
12.0,77.5,0.7924673,0.2075327
12.0,77.75,0.7922478,0.20775223
12.0,78.0,0.79205984,0.20794016
12.0,78.25,0.7916102,0.20838982
12.0,78.5,0.79051894,0.20948106
12.0,78.75,0.7916056,0.20839441
12.0,79.0,0.7918962,0.20810378
12.0,79.25,0.7926173,0.20738268
12.0,79.5,0.7912167,0.20878333
12.0,79.75,0.21292534,0.7870747
12.0,80.0,0.79125893,0.20874107
12.0,80.25,0.7913473,0.20865268
12.0,80.5,0.79157925,0.20842075
12.0,80.75,0.7912751,0.20872492
12.0,81.0,0.79145133,0.20854867
12.0,81.25,0.7912795,0.2087205
12.0,81.5,0.21049172,0.7895083
12.0,81.75,0.21088731,0.7891127
12.0,82.0,0.20929961,0.7907004
12.0,82.25,0.209149,0.790851
12.0,82.5,0.20901264,0.7909874
12.0,82.75,0.20946728,0.7905327
12.0,83.0,0.7916851,0.2083149
12.0,83.25,0.7921323,0.20786768
12.0,83.5,0.7912271,0.2087729
12.0,83.75,0.7903787,0.20962131
12.0,84.0,0.2089538,0.7910462
12.0,84.25,0.20832977,0.7916702
12.0,84.5,0.2084673,0.7915327
12.0,84.75,0.20844278,0.7915572
12.0,85.0,0.79117674,0.20882326
12.0,85.25,0.7900792,0.20992082
12.0,85.5,0.7910914,0.20890862
12.0,85.75,0.79163,0.20836997
12.0,86.0,0.7912537,0.20874631
12.0,86.25,0.79107744,0.20892256
12.0,86.5,0.79107744,0.20892256
12.0,86.75,0.79107744,0.20892256
12.0,87.0,0.79123366,0.20876634
12.0,87.25,0.79153264,0.20846736
12.0,87.5,0.79153264,0.20846736
12.0,87.75,0.79153264,0.20846736
12.0,88.0,0.7923433,0.20765668
12.0,88.25,0.79257196,0.20742804
12.0,88.5,0.7913108,0.20868921
12.0,88.75,0.79152495,0.20847505
12.0,89.0,0.79115456,0.20884544
12.0,89.25,0.7911622,0.2088378
12.0,89.5,0.7914165,0.20858347
12.0,89.75,0.7919288,0.20807117
12.0,90.0,0.7933685,0.20663148
12.0,90.25,0.7915148,0.20848519
12.0,90.5,0.79180694,0.20819306
12.0,90.75,0.7915526,0.2084474
12.0,91.0,0.7913701,0.2086299
12.0,91.25,0.791843,0.208157
12.0,91.5,0.79166675,0.20833325
12.0,91.75,0.79166675,0.20833325
12.0,92.0,0.7924895,0.20751047
12.0,92.25,0.79263586,0.20736414
12.0,92.5,0.7923649,0.2076351
12.0,92.75,0.7914078,0.20859218
12.0,93.0,0.79155964,0.20844036
12.0,93.25,0.7913916,0.20860839
12.0,93.5,0.79151374,0.20848626
12.0,93.75,0.79128623,0.20871377
12.0,94.0,0.7917279,0.2082721
12.0,94.25,0.7914284,0.20857161
12.0,94.5,0.7918582,0.2081418
12.0,94.75,0.79202485,0.20797515
12.0,95.0,0.79176897,0.20823103
12.0,95.25,0.79222125,0.20777875
12.0,95.5,0.79222125,0.20777875
12.0,95.75,0.7918768,0.2081232
12.0,96.0,0.79222125,0.20777875
12.25,68.0,0.79069644,0.20930356
12.25,68.25,0.7909701,0.20902991
12.25,68.5,0.7912636,0.20873642
12.25,68.75,0.7908716,0.20912838
12.25,69.0,0.7905234,0.20947659
12.25,69.25,0.7903223,0.2096777
12.25,69.5,0.7903223,0.2096777
12.25,69.75,0.78970075,0.21029925
12.25,70.0,0.21283695,0.787163
12.25,70.25,0.21245106,0.78754896
12.25,70.5,0.21283695,0.787163
12.25,70.75,0.21303111,0.7869689
12.25,71.0,0.21284844,0.7871516
12.25,71.25,0.21323434,0.7867657
12.25,71.5,0.21372765,0.78627235
12.25,71.75,0.21312305,0.7868769
12.25,72.0,0.21332653,0.7866735
12.25,72.25,0.21184546,0.78815454
12.25,72.5,0.2113839,0.7886161
12.25,72.75,0.79060465,0.20939535
12.25,73.0,0.7912256,0.20877439
12.25,73.25,0.7911543,0.20884567
12.25,73.5,0.7912256,0.20877439
12.25,73.75,0.7912256,0.20877439
12.25,74.0,0.7899743,0.21002573
12.25,74.25,0.21223533,0.78776467
12.25,74.5,0.21162635,0.78837365
12.25,74.75,0.2122026,0.7877974
12.25,75.0,0.21137375,0.78862625
12.25,75.25,0.21145894,0.7885411
12.25,75.5,0.7901324,0.2098676
12.25,75.75,0.79066724,0.20933276
12.25,76.0,0.20925422,0.7907458
12.25,76.25,0.20927142,0.79072857
12.25,76.5,0.7910631,0.20893693
12.25,76.75,0.7914154,0.2085846
12.25,77.0,0.79120386,0.20879614
12.25,77.25,0.79120386,0.20879614
12.25,77.5,0.791418,0.20858198
12.25,77.75,0.79133874,0.20866126
12.25,78.0,0.7915935,0.20840651
12.25,78.25,0.7913758,0.20862418
12.25,78.5,0.79153347,0.20846653
12.25,78.75,0.791304,0.20869601
12.25,79.0,0.79237145,0.20762855
12.25,79.25,0.7926248,0.20737523
12.25,79.5,0.79149824,0.20850176
12.25,79.75,0.21451944,0.78548056
12.25,80.0,0.7895241,0.21047592
12.25,80.25,0.79147416,0.20852584
12.25,80.5,0.7913508,0.20864922
12.25,80.75,0.79164165,0.20835835
12.25,81.0,0.79164165,0.20835835
12.25,81.25,0.78930604,0.21069396
12.25,81.5,0.21151528,0.7884847
12.25,81.75,0.21012606,0.78987396
12.25,82.0,0.20916072,0.7908393
12.25,82.25,0.20901011,0.7909899
12.25,82.5,0.79052943,0.20947057
12.25,82.75,0.79137784,0.20862216
12.25,83.0,0.791748,0.20825201
12.25,83.25,0.7921444,0.20785558
12.25,83.5,0.7917414,0.20825863
12.25,83.75,0.7910914,0.20890862
12.25,84.0,0.20836027,0.79163975
12.25,84.25,0.79114294,0.20885706
12.25,84.5,0.79141587,0.20858413
12.25,84.75,0.79138374,0.20861626
12.25,85.0,0.79016453,0.20983547
12.25,85.25,0.79154164,0.20845836
12.25,85.5,0.79142743,0.20857257
12.25,85.75,0.79188246,0.20811754
12.25,86.0,0.79107744,0.20892256
12.25,86.25,0.7912537,0.20874631
12.25,86.5,0.7910511,0.20894891
12.25,86.75,0.79107744,0.20892256
12.25,87.0,0.79318756,0.20681244
12.25,87.25,0.7919516,0.2080484
12.25,87.5,0.79240185,0.20759815
12.25,87.75,0.7910824,0.20891762
12.25,88.0,0.7910824,0.20891762
12.25,88.25,0.7917253,0.20827472
12.25,88.5,0.79152495,0.20847505
12.25,88.75,0.7917974,0.2082026
12.25,89.0,0.7910092,0.20899081
12.25,89.25,0.79231733,0.20768267
12.25,89.5,0.7919648,0.20803517
12.25,89.75,0.79195875,0.20804125
12.25,90.0,0.79322827,0.20677173
12.25,90.25,0.7921925,0.20780748
12.25,90.5,0.7927858,0.20721418
12.25,90.75,0.79218704,0.20781296
12.25,91.0,0.7910692,0.20893079
12.25,91.25,0.79166675,0.20833325
12.25,91.5,0.79136723,0.20863277
12.25,91.75,0.7918175,0.20818251
12.25,92.0,0.79167444,0.20832556
12.25,92.25,0.79183066,0.20816934
12.25,92.5,0.7925211,0.20747888
12.25,92.75,0.79169995,0.20830005
12.25,93.0,0.79151624,0.20848376
12.25,93.25,0.7918582,0.2081418
12.25,93.5,0.791585,0.20841497
12.25,93.75,0.7913716,0.20862842
12.25,94.0,0.79158574,0.20841426
12.25,94.25,0.7917279,0.2082721
12.25,94.5,0.7918582,0.2081418
12.25,94.75,0.79222125,0.20777875
12.25,95.0,0.79196537,0.20803463
12.25,95.25,0.79222125,0.20777875
12.25,95.5,0.79222125,0.20777875
12.25,95.75,0.79143304,0.20856696
12.25,96.0,0.79229254,0.20770746
12.5,68.0,0.79165506,0.20834494
12.5,68.25,0.79151785,0.20848215
12.5,68.5,0.792102,0.20789802
12.5,68.75,0.7908716,0.20912838
12.5,69.0,0.7912412,0.20875877
12.5,69.25,0.7903223,0.2096777
12.5,69.5,0.7907204,0.2092796
12.5,69.75,0.78970075,0.21029925
12.5,70.0,0.21232708,0.78767294
12.5,70.25,0.2121579,0.7878421
12.5,70.5,0.21316735,0.78683263
12.5,70.75,0.21200769,0.7879923
12.5,71.0,0.21356474,0.78643525
12.5,71.25,0.7903223,0.2096777
12.5,71.5,0.7903223,0.2096777
12.5,71.75,0.2130486,0.7869514
12.5,72.0,0.21303344,0.78696656
12.5,72.25,0.21116546,0.7888346
12.5,72.5,0.21137102,0.788629
12.5,72.75,0.21137102,0.788629
12.5,73.0,0.7910593,0.20894068
12.5,73.25,0.7909781,0.20902193
12.5,73.5,0.79104936,0.20895064
12.5,73.75,0.7912256,0.20877439
12.5,74.0,0.79112744,0.20887256
12.5,74.25,0.7903665,0.20963353
12.5,74.5,0.20891684,0.79108316
12.5,74.75,0.21120875,0.78879124
12.5,75.0,0.21042652,0.7895735
12.5,75.25,0.79103214,0.20896786
12.5,75.5,0.791069,0.20893103
12.5,75.75,0.7909152,0.20908481
12.5,76.0,0.2110238,0.7889762
12.5,76.25,0.21145749,0.7885425
12.5,76.5,0.7908107,0.2091893
12.5,76.75,0.79113436,0.20886564
12.5,77.0,0.79160154,0.20839846
12.5,77.25,0.7914376,0.20856237
12.5,77.5,0.7917065,0.2082935
12.5,77.75,0.79212224,0.20787776
12.5,78.0,0.7917628,0.20823717
12.5,78.25,0.7907379,0.20926207
12.5,78.5,0.79184073,0.20815927
12.5,78.75,0.7921005,0.20789951
12.5,79.0,0.79226464,0.20773536
12.5,79.25,0.7920884,0.20791161
12.5,79.5,0.7913434,0.20865661
12.5,79.75,0.21233182,0.78766817
12.5,80.0,0.21233182,0.78766817
12.5,80.25,0.7901522,0.20984781
12.5,80.5,0.79093796,0.20906204
12.5,80.75,0.7897144,0.2102856
12.5,81.0,0.7909694,0.20903063
12.5,81.25,0.21140504,0.78859496
12.5,81.5,0.21016943,0.78983057
12.5,81.75,0.20971225,0.79028773
12.5,82.0,0.20902915,0.79097086
12.5,82.25,0.20928136,0.7907187
12.5,82.5,0.79143715,0.20856285
12.5,82.75,0.7917762,0.20822382
12.5,83.0,0.791474,0.20852602
12.5,83.25,0.7915388,0.20846123
12.5,83.5,0.7915388,0.20846123
12.5,83.75,0.79154605,0.20845395
12.5,84.0,0.7912496,0.20875043
12.5,84.25,0.79141587,0.20858413
12.5,84.5,0.7913818,0.20861822
12.5,84.75,0.79141587,0.20858413
12.5,85.0,0.7900792,0.20992082
12.5,85.25,0.7921922,0.20780778
12.5,85.5,0.7912396,0.20876038
12.5,85.75,0.7913818,0.20861822
12.5,86.0,0.79146785,0.20853215
12.5,86.25,0.7912916,0.2087084
12.5,86.5,0.7912537,0.20874631
12.5,86.75,0.79107744,0.20892256
12.5,87.0,0.7920175,0.20798248
12.5,87.25,0.79207236,0.20792764
12.5,87.5,0.7910824,0.20891762
12.5,87.75,0.7916748,0.2083252
12.5,88.0,0.7912257,0.20877433
12.5,88.25,0.7917253,0.20827472
12.5,88.5,0.79145294,0.20854706
12.5,88.75,0.7917974,0.2082026
12.5,89.0,0.79201156,0.20798844
12.5,89.25,0.7925315,0.20746851
12.5,89.5,0.7921612,0.20783877
12.5,89.75,0.79150826,0.20849174
12.5,90.0,0.7920759,0.20792413
12.5,90.25,0.792179,0.20782101
12.5,90.5,0.792179,0.20782101
12.5,90.75,0.79144377,0.20855623
12.5,91.0,0.7910692,0.20893079
12.5,91.25,0.79166675,0.20833325
12.5,91.5,0.79136723,0.20863277
12.5,91.75,0.7918175,0.20818251
12.5,92.0,0.79183066,0.20816934
12.5,92.25,0.7925211,0.20747888
12.5,92.5,0.7926999,0.20730013
12.5,92.75,0.79191464,0.20808536
12.5,93.0,0.79151374,0.20848626
12.5,93.25,0.79028296,0.20971704
12.5,93.5,0.7918582,0.2081418
12.5,93.75,0.79158574,0.20841426
12.5,94.0,0.7913716,0.20862842
12.5,94.25,0.7922762,0.2077238
12.5,94.5,0.79107,0.20893002
12.5,94.75,0.79222125,0.20777875
12.5,95.0,0.79202485,0.20797515
12.5,95.25,0.79202485,0.20797515
12.5,95.5,0.79202485,0.20797515
12.5,95.75,0.79209614,0.20790386
12.5,96.0,0.79229254,0.20770746
12.75,68.0,0.7923372,0.20766282
12.75,68.25,0.7923372,0.20766282
12.75,68.5,0.7923372,0.20766282
12.75,68.75,0.7921597,0.20784032
12.75,69.0,0.7913834,0.20861661
12.75,69.25,0.7917241,0.20827591
12.75,69.5,0.7907204,0.2092796
12.75,69.75,0.7913932,0.20860678
12.75,70.0,0.21261229,0.7873877
12.75,70.25,0.79099405,0.20900595
12.75,70.5,0.790808,0.20919198
12.75,70.75,0.7904099,0.20959008
12.75,71.0,0.21300967,0.78699034
12.75,71.25,0.7907691,0.2092309
12.75,71.5,0.79103863,0.20896137
12.75,71.75,0.21196355,0.78803647
12.75,72.0,0.21238957,0.7876104
12.75,72.25,0.2106487,0.7893513
12.75,72.5,0.2116954,0.78830457
12.75,72.75,0.21137102,0.788629
12.75,73.0,0.7912353,0.20876467
12.75,73.25,0.7912256,0.20877439
12.75,73.5,0.79104936,0.20895064
12.75,73.75,0.79104936,0.20895064
12.75,74.0,0.7912256,0.20877439
12.75,74.25,0.7910272,0.20897281
12.75,74.5,0.79066724,0.20933276
12.75,74.75,0.21120875,0.78879124
12.75,75.0,0.20937346,0.7906265
12.75,75.25,0.79221934,0.20778066
12.75,75.5,0.7911543,0.20884567
12.75,75.75,0.7909152,0.20908481
12.75,76.0,0.21119297,0.78880703
12.75,76.25,0.7910593,0.20894068
12.75,76.5,0.7913691,0.20863092
12.75,76.75,0.79140186,0.20859814
12.75,77.0,0.7914241,0.2085759
12.75,77.25,0.7909675,0.20903248
12.75,77.5,0.79136175,0.20863825
12.75,77.75,0.79069746,0.20930254
12.75,78.0,0.79056865,0.20943135
12.75,78.25,0.79169,0.20831001
12.75,78.5,0.79184073,0.20815927
12.75,78.75,0.7913338,0.2086662
12.75,79.0,0.79184073,0.20815927
12.75,79.25,0.79184514,0.20815486
12.75,79.5,0.7916645,0.20833552
12.75,79.75,0.21222977,0.7877702
12.75,80.0,0.21233182,0.78766817
12.75,80.25,0.21234281,0.7876572
12.75,80.5,0.21220025,0.7877997
12.75,80.75,0.21185109,0.7881489
12.75,81.0,0.21021204,0.78978795
12.75,81.25,0.21020176,0.78979826
12.75,81.5,0.20976663,0.7902334
12.75,81.75,0.2099835,0.79001653
12.75,82.0,0.20902915,0.79097086
12.75,82.25,0.20901011,0.7909899
12.75,82.5,0.79012257,0.20987743
12.75,82.75,0.7916895,0.20831048
12.75,83.0,0.79143715,0.20856285
12.75,83.25,0.7902541,0.20974588
12.75,83.5,0.79013205,0.20986795
12.75,83.75,0.7908829,0.20911711
12.75,84.0,0.791389,0.20861101
12.75,84.25,0.79141587,0.20858413
12.75,84.5,0.79146373,0.20853627
12.75,84.75,0.79023427,0.20976573
12.75,85.0,0.7909929,0.20900708
12.75,85.25,0.7911642,0.20883578
12.75,85.5,0.79146373,0.20853627
12.75,85.75,0.79163,0.20836997
12.75,86.0,0.79113424,0.20886576
12.75,86.25,0.79143375,0.20856625
12.75,86.5,0.7909921,0.20900792
12.75,86.75,0.79159856,0.20840144
12.75,87.0,0.7914478,0.20855218
12.75,87.25,0.7913819,0.2086181
12.75,87.5,0.7913819,0.2086181
12.75,87.75,0.79086614,0.20913386
12.75,88.0,0.79115367,0.20884633
12.75,88.25,0.7919869,0.20801312
12.75,88.5,0.7916412,0.20835882
12.75,88.75,0.7916412,0.20835882
12.75,89.0,0.7929046,0.20709538
12.75,89.25,0.7919069,0.2080931
12.75,89.5,0.7921612,0.20783877
12.75,89.75,0.7921612,0.20783877
12.75,90.0,0.7926296,0.2073704
12.75,90.25,0.792143,0.20785701
12.75,90.5,0.7921925,0.20780748
12.75,90.75,0.79231733,0.20768267
12.75,91.0,0.7913687,0.20863128
12.75,91.25,0.79136723,0.20863277
12.75,91.5,0.79152346,0.20847654
12.75,91.75,0.7919737,0.20802629
12.75,92.0,0.7918507,0.20814931
12.75,92.25,0.79167444,0.20832556
12.75,92.5,0.7926549,0.20734513
12.75,92.75,0.7924895,0.20751047
12.75,93.0,0.79207236,0.20792764
12.75,93.25,0.79094577,0.20905423
12.75,93.5,0.7918582,0.2081418
12.75,93.75,0.79158574,0.20841426
12.75,94.0,0.7917279,0.2082721
12.75,94.25,0.79098463,0.20901537
12.75,94.5,0.7913716,0.20862842
12.75,94.75,0.7918768,0.2081232
12.75,95.0,0.79202485,0.20797515
12.75,95.25,0.79269606,0.20730394
12.75,95.5,0.79202485,0.20797515
12.75,95.75,0.79222125,0.20777875
12.75,96.0,0.7918768,0.2081232
13.0,68.0,0.7923372,0.20766282
13.0,68.25,0.7923372,0.20766282
13.0,68.5,0.7927476,0.20725238
13.0,68.75,0.7910671,0.20893288
13.0,69.0,0.7913377,0.20866227
13.0,69.25,0.79172784,0.20827216
13.0,69.5,0.791334,0.20866603
13.0,69.75,0.7902484,0.2097516
13.0,70.0,0.7898503,0.2101497
13.0,70.25,0.7898503,0.2101497
13.0,70.5,0.7902484,0.2097516
13.0,70.75,0.7906851,0.20931488
13.0,71.0,0.79053456,0.20946544
13.0,71.25,0.79137963,0.20862037
13.0,71.5,0.7904099,0.20959008
13.0,71.75,0.21213272,0.7878673
13.0,72.0,0.21147369,0.7885263
13.0,72.25,0.21024957,0.78975046
13.0,72.5,0.21017396,0.78982604
13.0,72.75,0.7904762,0.2095238
13.0,73.0,0.7910593,0.20894068
13.0,73.25,0.7909196,0.2090804
13.0,73.5,0.7909781,0.20902193
13.0,73.75,0.79143584,0.20856416
13.0,74.0,0.79104936,0.20895064
13.0,74.25,0.791277,0.20872301
13.0,74.5,0.7909559,0.2090441
13.0,74.75,0.7905624,0.20943761
13.0,75.0,0.20937346,0.7906265
13.0,75.25,0.7910272,0.20897281
13.0,75.5,0.7912256,0.20877439
13.0,75.75,0.7909865,0.20901352
13.0,76.0,0.7909152,0.20908481
13.0,76.25,0.7915208,0.20847923
13.0,76.5,0.7914154,0.2085846
13.0,76.75,0.7909392,0.20906079
13.0,77.0,0.7907473,0.20925272
13.0,77.25,0.7922451,0.20775491
13.0,77.5,0.7913659,0.20863408
13.0,77.75,0.7907765,0.20922351
13.0,78.0,0.7917628,0.20823717
13.0,78.25,0.7916944,0.2083056
13.0,78.5,0.7919291,0.20807087
13.0,78.75,0.79184073,0.20815927
13.0,79.0,0.20999557,0.79000443
13.0,79.25,0.7902782,0.2097218
13.0,79.5,0.79107505,0.20892495
13.0,79.75,0.79102653,0.20897347
13.0,80.0,0.21233182,0.78766817
13.0,80.25,0.2132969,0.7867031
13.0,80.5,0.21401,0.78599
13.0,80.75,0.21157984,0.78842014
13.0,81.0,0.21168657,0.78831345
13.0,81.25,0.21126248,0.78873754
13.0,81.5,0.20989819,0.7901018
13.0,81.75,0.20916072,0.7908393
13.0,82.0,0.20870608,0.7912939
13.0,82.25,0.20887855,0.7911215
13.0,82.5,0.79012257,0.20987743
13.0,82.75,0.7903979,0.20960212
13.0,83.0,0.20886958,0.7911304
13.0,83.25,0.7916895,0.20831048
13.0,83.5,0.7915709,0.2084291
13.0,83.75,0.20790564,0.79209435
13.0,84.0,0.7908422,0.20915782
13.0,84.25,0.7901842,0.2098158
13.0,84.5,0.7925149,0.20748508
13.0,84.75,0.7916145,0.20838553
13.0,85.0,0.7916145,0.20838553
13.0,85.25,0.7916145,0.20838553
13.0,85.5,0.7912937,0.20870632
13.0,85.75,0.79178077,0.20821923
13.0,86.0,0.7909921,0.20900792
13.0,86.25,0.7921262,0.20787382
13.0,86.5,0.79107744,0.20892256
13.0,86.75,0.79183877,0.20816123
13.0,87.0,0.7921097,0.20789027
13.0,87.25,0.7910803,0.2089197
13.0,87.5,0.7918685,0.20813149
13.0,87.75,0.791569,0.208431
13.0,88.0,0.7913764,0.20862359
13.0,88.25,0.79220104,0.20779896
13.0,88.5,0.791473,0.20852703
13.0,88.75,0.791545,0.20845503
13.0,89.0,0.791545,0.20845503
13.0,89.25,0.7919929,0.2080071
13.0,89.5,0.7921612,0.20783877
13.0,89.75,0.79197836,0.20802164
13.0,90.0,0.7926296,0.2073704
13.0,90.25,0.7920197,0.20798028
13.0,90.5,0.7918435,0.20815653
13.0,90.75,0.7920449,0.20795512
13.0,91.0,0.7913687,0.20863128
13.0,91.25,0.79182297,0.20817703
13.0,91.5,0.7919737,0.20802629
13.0,91.75,0.7919737,0.20802629
13.0,92.0,0.79183066,0.20816934
13.0,92.25,0.7924895,0.20751047
13.0,92.5,0.7923956,0.20760441
13.0,92.75,0.7925211,0.20747888
13.0,93.0,0.79130626,0.20869374
13.0,93.25,0.79121536,0.20878464
13.0,93.5,0.79107,0.20893002
13.0,93.75,0.79207236,0.20792764
13.0,94.0,0.7914284,0.20857161
13.0,94.25,0.79128414,0.20871586
13.0,94.5,0.79121536,0.20878464
13.0,94.75,0.79222125,0.20777875
13.0,95.0,0.7919271,0.2080729
13.0,95.25,0.79123664,0.20876336
13.0,95.5,0.79143155,0.20856845
13.0,95.75,0.79222125,0.20777875
13.0,96.0,0.7915784,0.20842159
13.25,68.0,0.79162973,0.20837027
13.25,68.25,0.79249173,0.20750827
13.25,68.5,0.79151785,0.20848215
13.25,68.75,0.7919571,0.20804292
13.25,69.0,0.79196304,0.20803696
13.25,69.25,0.79196304,0.20803696
13.25,69.5,0.7917802,0.20821983
13.25,69.75,0.7921222,0.20787781
13.25,70.0,0.7921222,0.20787781
13.25,70.25,0.79056984,0.20943016
13.25,70.5,0.20941086,0.79058915
13.25,70.75,0.21064614,0.78935385
13.25,71.0,0.790808,0.20919198
13.25,71.25,0.7909951,0.20900488
13.25,71.5,0.2095359,0.7904641
13.25,71.75,0.21045178,0.7895482
13.25,72.0,0.20992859,0.7900714
13.25,72.25,0.20875758,0.7912424
13.25,72.5,0.78982645,0.21017355
13.25,72.75,0.7903571,0.20964289
13.25,73.0,0.7910593,0.20894068
13.25,73.25,0.7909517,0.20904827
13.25,73.5,0.7912256,0.20877439
13.25,73.75,0.7919365,0.20806348
13.25,74.0,0.79104936,0.20895064
13.25,74.25,0.7912256,0.20877439
13.25,74.5,0.7909517,0.20904827
13.25,74.75,0.7909559,0.2090441
13.25,75.0,0.20856208,0.7914379
13.25,75.25,0.789903,0.21009701
13.25,75.5,0.78977144,0.21022856
13.25,75.75,0.7901324,0.2098676
13.25,76.0,0.20925519,0.7907448
13.25,76.25,0.7909964,0.20900363
13.25,76.5,0.79112154,0.20887846
13.25,76.75,0.7918525,0.20814753
13.25,77.0,0.7917065,0.2082935
13.25,77.25,0.79146934,0.20853066
13.25,77.5,0.79107726,0.20892274
13.25,77.75,0.7907765,0.20922351
13.25,78.0,0.21130387,0.7886961
13.25,78.25,0.7909678,0.20903218
13.25,78.5,0.21091594,0.7890841
13.25,78.75,0.20880191,0.7911981
13.25,79.0,0.20930342,0.79069656
13.25,79.25,0.2102046,0.7897954
13.25,79.5,0.21165897,0.78834105
13.25,79.75,0.21155693,0.7884431
13.25,80.0,0.21155693,0.7884431
13.25,80.25,0.2166558,0.7833442
13.25,80.5,0.21342987,0.78657013
13.25,80.75,0.2108877,0.7891123
13.25,81.0,0.21085185,0.78914815
13.25,81.25,0.21055259,0.7894474
13.25,81.5,0.20865451,0.7913455
13.25,81.75,0.20873982,0.7912602
13.25,82.0,0.20801394,0.79198605
13.25,82.25,0.208022,0.791978
13.25,82.5,0.20807956,0.7919204
13.25,82.75,0.20807956,0.7919204
13.25,83.0,0.20745155,0.7925484
13.25,83.25,0.7898892,0.21011078
13.25,83.5,0.79143715,0.20856285
13.25,83.75,0.20766813,0.7923319
13.25,84.0,0.20766813,0.7923319
13.25,84.25,0.79075885,0.20924115
13.25,84.5,0.79185694,0.20814306
13.25,84.75,0.79086375,0.20913625
13.25,85.0,0.7915782,0.20842183
13.25,85.25,0.79139644,0.20860356
13.25,85.5,0.79158235,0.20841765
13.25,85.75,0.7900792,0.20992082
13.25,86.0,0.78980964,0.21019036
13.25,86.25,0.78954285,0.21045715
13.25,86.5,0.7910722,0.20892781
13.25,86.75,0.79118526,0.20881474
13.25,87.0,0.7916349,0.20836508
13.25,87.25,0.7929178,0.20708221
13.25,87.5,0.7913819,0.2086181
13.25,87.75,0.79123104,0.20876896
13.25,88.0,0.7910803,0.2089197
13.25,88.25,0.7925114,0.2074886
13.25,88.5,0.7911282,0.20887178
13.25,88.75,0.7910795,0.20892048
13.25,89.0,0.79025626,0.20974374
13.25,89.25,0.20988183,0.79011816
13.25,89.5,0.79169506,0.20830494
13.25,89.75,0.79247,0.20753002
13.25,90.0,0.7920197,0.20798028
13.25,90.25,0.79247,0.20753002
13.25,90.5,0.79247,0.20753002
13.25,90.75,0.7915271,0.20847291
13.25,91.0,0.7913687,0.20863128
13.25,91.25,0.7922639,0.20773607
13.25,91.5,0.7922639,0.20773607
13.25,91.75,0.7922083,0.20779169
13.25,92.0,0.79157627,0.20842373
13.25,92.25,0.7918997,0.20810032
13.25,92.5,0.7918715,0.20812851
13.25,92.75,0.7915733,0.20842671
13.25,93.0,0.79269534,0.20730466
13.25,93.25,0.79128623,0.20871377
13.25,93.5,0.7910685,0.2089315
13.25,93.75,0.7910624,0.20893759
13.25,94.0,0.79187596,0.20812404
13.25,94.25,0.7914284,0.20857161
13.25,94.5,0.7914295,0.20857048
13.25,94.75,0.79173464,0.20826536
13.25,95.0,0.7918768,0.2081232
13.25,95.25,0.79173464,0.20826536
13.25,95.5,0.7918768,0.2081232
13.25,95.75,0.79173464,0.20826536
13.25,96.0,0.79175466,0.20824534
13.5,68.0,0.7924963,0.20750368
13.5,68.25,0.7924963,0.20750368
13.5,68.5,0.7922636,0.20773637
13.5,68.75,0.7915664,0.20843363
13.5,69.0,0.7910975,0.20890248
13.5,69.25,0.7910975,0.20890248
13.5,69.5,0.7913302,0.20866978
13.5,69.75,0.7913302,0.20866978
13.5,70.0,0.79196304,0.20803696
13.5,70.25,0.7913821,0.20861793
13.5,70.5,0.7903223,0.2096777
13.5,70.75,0.7902484,0.2097516
13.5,71.0,0.79013956,0.20986044
13.5,71.25,0.21012764,0.78987235
13.5,71.5,0.2095359,0.7904641
13.5,71.75,0.2095359,0.7904641
13.5,72.0,0.2102138,0.7897862
13.5,72.25,0.790893,0.20910698
13.5,72.5,0.79065484,0.20934516
13.5,72.75,0.78989536,0.21010464
13.5,73.0,0.791023,0.20897698
13.5,73.25,0.7911543,0.20884567
13.5,73.5,0.79104936,0.20895064
13.5,73.75,0.79164344,0.20835656
13.5,74.0,0.7919879,0.2080121
13.5,74.25,0.7909781,0.20902193
13.5,74.5,0.7917972,0.20820278
13.5,74.75,0.7909559,0.2090441
13.5,75.0,0.20819482,0.79180515
13.5,75.25,0.20882508,0.7911749
13.5,75.5,0.20995575,0.79004425
13.5,75.75,0.20825121,0.79174876
13.5,76.0,0.21019495,0.78980505
13.5,76.25,0.2103967,0.7896033
13.5,76.5,0.21185304,0.788147
13.5,76.75,0.20889014,0.79110986
13.5,77.0,0.20899218,0.7910078
13.5,77.25,0.7907765,0.20922351
13.5,77.5,0.7907765,0.20922351
13.5,77.75,0.7908478,0.20915222
13.5,78.0,0.7909678,0.20903218
13.5,78.25,0.79151654,0.20848346
13.5,78.5,0.7903826,0.20961738
13.5,78.75,0.20880191,0.7911981
13.5,79.0,0.20943499,0.790565
13.5,79.25,0.21023412,0.7897659
13.5,79.5,0.2130635,0.7869365
13.5,79.75,0.21414296,0.785857
13.5,80.0,0.21331786,0.7866821
13.5,80.25,0.21858372,0.7814163
13.5,80.5,0.21916425,0.78083575
13.5,80.75,0.21185279,0.7881472
13.5,81.0,0.20953089,0.7904691
13.5,81.25,0.20936705,0.79063296
13.5,81.5,0.20865451,0.7913455
13.5,81.75,0.20846857,0.79153144
13.5,82.0,0.20846857,0.79153144
13.5,82.25,0.20786333,0.79213667
13.5,82.5,0.20807956,0.7919204
13.5,82.75,0.20772697,0.79227304
13.5,83.0,0.20745155,0.7925484
13.5,83.25,0.78985107,0.21014893
13.5,83.5,0.7903665,0.20963353
13.5,83.75,0.79081374,0.20918626
13.5,84.0,0.20776503,0.79223496
13.5,84.25,0.20821966,0.79178035
13.5,84.5,0.20721349,0.7927865
13.5,84.75,0.7908636,0.20913643
13.5,85.0,0.7924212,0.20757878
13.5,85.25,0.79023826,0.20976174
13.5,85.5,0.79075885,0.20924115
13.5,85.75,0.20840189,0.7915981
13.5,86.0,0.20774427,0.79225576
13.5,86.25,0.20787583,0.79212415
13.5,86.5,0.7902357,0.2097643
13.5,86.75,0.7916186,0.20838141
13.5,87.0,0.79114074,0.20885926
13.5,87.25,0.79165435,0.20834565
13.5,87.5,0.79165435,0.20834565
13.5,87.75,0.7910803,0.2089197
13.5,88.0,0.7912439,0.20875609
13.5,88.25,0.7922119,0.20778811
13.5,88.5,0.7912937,0.20870632
13.5,88.75,0.20884134,0.7911587
13.5,89.0,0.20884134,0.7911587
13.5,89.25,0.20957096,0.79042906
13.5,89.5,0.79109085,0.20890915
13.5,89.75,0.79155564,0.20844436
13.5,90.0,0.79231924,0.20768076
13.5,90.25,0.7921051,0.20789492
13.5,90.5,0.7913312,0.20866883
13.5,90.75,0.79158914,0.20841086
13.5,91.0,0.7919659,0.2080341
13.5,91.25,0.79193735,0.20806265
13.5,91.5,0.7927772,0.20722282
13.5,91.75,0.791183,0.208817
13.5,92.0,0.7915586,0.20844138
13.5,92.25,0.7917209,0.20827907
13.5,92.5,0.7918424,0.2081576
13.5,92.75,0.7916826,0.2083174
13.5,93.0,0.7914295,0.20857048
13.5,93.25,0.7914655,0.20853448
13.5,93.5,0.7912453,0.20875472
13.5,93.75,0.791396,0.20860398
13.5,94.0,0.792705,0.207295
13.5,94.25,0.79128414,0.20871586
13.5,94.5,0.79128623,0.20871377
13.5,94.75,0.7917926,0.20820743
13.5,95.0,0.79174304,0.20825696
13.5,95.25,0.7917926,0.20820743
13.5,95.5,0.7916493,0.20835072
13.5,95.75,0.7919488,0.2080512
13.5,96.0,0.79149306,0.20850694
13.75,68.0,0.7917889,0.20821112
13.75,68.25,0.7890771,0.2109229
13.75,68.5,0.79215187,0.20784813
13.75,68.75,0.7921597,0.20784032
13.75,69.0,0.7917802,0.20821983
13.75,69.25,0.7910975,0.20890248
13.75,69.5,0.79125375,0.20874625
13.75,69.75,0.79148644,0.20851356
13.75,70.0,0.7913302,0.20866978
13.75,70.25,0.7917868,0.20821321
13.75,70.5,0.7913377,0.20866227
13.75,70.75,0.7907204,0.2092796
13.75,71.0,0.7907204,0.2092796
13.75,71.25,0.21104352,0.78895646
13.75,71.5,0.20936672,0.79063326
13.75,71.75,0.7904073,0.2095927
13.75,72.0,0.79147303,0.20852697
13.75,72.25,0.79212594,0.20787406
13.75,72.5,0.7919754,0.20802462
13.75,72.75,0.2105097,0.7894903
13.75,73.0,0.79043776,0.20956224
13.75,73.25,0.7909196,0.2090804
13.75,73.5,0.79104936,0.20895064
13.75,73.75,0.79110074,0.20889926
13.75,74.0,0.79110074,0.20889926
13.75,74.25,0.7909781,0.20902193
13.75,74.5,0.7909781,0.20902193
13.75,74.75,0.789903,0.21009701
13.75,75.0,0.20832682,0.7916732
13.75,75.25,0.2081703,0.7918297
13.75,75.5,0.20825121,0.79174876
13.75,75.75,0.20856208,0.7914379
13.75,76.0,0.21050082,0.78949916
13.75,76.25,0.21356265,0.78643733
13.75,76.5,0.21344838,0.7865516
13.75,76.75,0.2103402,0.7896598
13.75,77.0,0.21025501,0.789745
13.75,77.25,0.21056588,0.78943413
13.75,77.5,0.2103402,0.7896598
13.75,77.75,0.7907765,0.20922351
13.75,78.0,0.79161996,0.20838004
13.75,78.25,0.7922828,0.20771718
13.75,78.5,0.7909271,0.20907289
13.75,78.75,0.21091543,0.78908455
13.75,79.0,0.21109387,0.7889061
13.75,79.25,0.2107731,0.7892269
13.75,79.5,0.21165897,0.78834105
13.75,79.75,0.21165897,0.78834105
13.75,80.0,0.21165897,0.78834105
13.75,80.25,0.21120434,0.78879565
13.75,80.5,0.21414296,0.785857
13.75,80.75,0.21149875,0.78850126
13.75,81.0,0.2099337,0.7900663
13.75,81.25,0.20950961,0.7904904
13.75,81.5,0.20892575,0.7910743
13.75,81.75,0.20833701,0.791663
13.75,82.0,0.20873982,0.7912602
13.75,82.25,0.2097925,0.7902075
13.75,82.5,0.20805004,0.79195
13.75,82.75,0.20772697,0.79227304
13.75,83.0,0.20790619,0.7920938
13.75,83.25,0.790751,0.20924902
13.75,83.5,0.7909994,0.20900059
13.75,83.75,0.79155546,0.20844454
13.75,84.0,0.20872623,0.7912738
13.75,84.25,0.21173501,0.788265
13.75,84.5,0.21507242,0.7849276
13.75,84.75,0.79105914,0.20894086
13.75,85.0,0.79122204,0.20877796
13.75,85.25,0.79053986,0.20946014
13.75,85.5,0.79052943,0.20947057
13.75,85.75,0.7903013,0.20969868
13.75,86.0,0.79013914,0.20986086
13.75,86.25,0.79059666,0.20940334
13.75,86.5,0.79013914,0.20986086
13.75,86.75,0.7911787,0.2088213
13.75,87.0,0.7912943,0.20870572
13.75,87.25,0.79201925,0.20798075
13.75,87.5,0.7912752,0.2087248
13.75,87.75,0.7914581,0.20854193
13.75,88.0,0.7914581,0.20854193
13.75,88.25,0.79229724,0.20770276
13.75,88.5,0.7913308,0.20866919
13.75,88.75,0.7908289,0.20917112
13.75,89.0,0.20867217,0.79132783
13.75,89.25,0.20982532,0.79017466
13.75,89.5,0.7912416,0.20875841
13.75,89.75,0.79163957,0.20836043
13.75,90.0,0.7920197,0.20798028
13.75,90.25,0.7922272,0.20777279
13.75,90.5,0.79178345,0.20821655
13.75,90.75,0.7918925,0.20810747
13.75,91.0,0.79115236,0.20884764
13.75,91.25,0.7923087,0.20769131
13.75,91.5,0.7925943,0.20740569
13.75,91.75,0.79129964,0.20870036
13.75,92.0,0.7917243,0.20827568
13.75,92.25,0.7917727,0.20822728
13.75,92.5,0.79141706,0.20858294
13.75,92.75,0.79183066,0.20816934
13.75,93.0,0.7914284,0.20857161
13.75,93.25,0.7913562,0.2086438
13.75,93.5,0.7916557,0.20834428
13.75,93.75,0.79094577,0.20905423
13.75,94.0,0.79157645,0.20842355
13.75,94.25,0.7919011,0.20809889
13.75,94.5,0.7911799,0.2088201
13.75,94.75,0.7919932,0.2080068
13.75,95.0,0.7916493,0.20835072
13.75,95.25,0.7916493,0.20835072
13.75,95.5,0.79179794,0.20820206
13.75,95.75,0.79314023,0.20685977
13.75,96.0,0.79222125,0.20777875
14.0,68.0,0.7927476,0.20725238
14.0,68.25,0.7917081,0.20829189
14.0,68.5,0.79109454,0.20890546
14.0,68.75,0.7921597,0.20784032
14.0,69.0,0.7921176,0.2078824
14.0,69.25,0.7917868,0.20821321
14.0,69.5,0.79148644,0.20851356
14.0,69.75,0.79148644,0.20851356
14.0,70.0,0.79148644,0.20851356
14.0,70.25,0.7916955,0.20830452
14.0,70.5,0.7916938,0.2083062
14.0,70.75,0.7912412,0.20875877
14.0,71.0,0.7913827,0.20861733
14.0,71.25,0.7921222,0.20787781
14.0,71.5,0.7902721,0.20972788
14.0,71.75,0.7904073,0.2095927
14.0,72.0,0.7917078,0.20829219
14.0,72.25,0.7921059,0.20789409
14.0,72.5,0.7909396,0.20906037
14.0,72.75,0.7900363,0.20996368
14.0,73.0,0.7907385,0.20926148
14.0,73.25,0.7909196,0.2090804
14.0,73.5,0.79104936,0.20895064
14.0,73.75,0.79164344,0.20835656
14.0,74.0,0.7912056,0.20879441
14.0,74.25,0.7909781,0.20902193
14.0,74.5,0.79119223,0.20880777
14.0,74.75,0.7901324,0.2098676
14.0,75.0,0.21058601,0.789414
14.0,75.25,0.21058601,0.789414
14.0,75.5,0.20995575,0.79004425
14.0,75.75,0.210323,0.789677
14.0,76.0,0.21006864,0.78993136
14.0,76.25,0.20990051,0.7900995
14.0,76.5,0.21089026,0.7891097
14.0,76.75,0.2103402,0.7896598
14.0,77.0,0.2099857,0.79001427
14.0,77.25,0.21068016,0.7893199
14.0,77.5,0.21048759,0.7895124
14.0,77.75,0.21028382,0.7897162
14.0,78.0,0.7904539,0.20954609
14.0,78.25,0.7915659,0.2084341
14.0,78.5,0.79154867,0.20845133
14.0,78.75,0.21091543,0.78908455
14.0,79.0,0.21083951,0.7891605
14.0,79.25,0.79180443,0.20819557
14.0,79.5,0.7907379,0.20926207
14.0,79.75,0.21211068,0.7878893
14.0,80.0,0.21165605,0.78834397
14.0,80.25,0.21165605,0.78834397
14.0,80.5,0.21211068,0.7878893
14.0,80.75,0.21105912,0.7889409
14.0,81.0,0.20942007,0.7905799
14.0,81.25,0.20854135,0.79145867
14.0,81.5,0.20910622,0.7908938
14.0,81.75,0.21039481,0.7896052
14.0,82.0,0.21039481,0.7896052
14.0,82.25,0.20876968,0.7912303
14.0,82.5,0.20850176,0.79149824
14.0,82.75,0.79052943,0.20947057
14.0,83.0,0.79052943,0.20947057
14.0,83.25,0.79146814,0.20853186
14.0,83.5,0.79113096,0.20886904
14.0,83.75,0.20909956,0.79090047
14.0,84.0,0.20821674,0.7917833
14.0,84.25,0.20899895,0.7910011
14.0,84.5,0.79100674,0.20899326
14.0,84.75,0.79117596,0.20882404
14.0,85.0,0.7916491,0.2083509
14.0,85.25,0.79154164,0.20845836
14.0,85.5,0.20768973,0.79231024
14.0,85.75,0.78925717,0.21074283
14.0,86.0,0.7901464,0.20985359
14.0,86.25,0.79137945,0.20862055
14.0,86.5,0.7899604,0.21003962
14.0,86.75,0.7911787,0.2088213
14.0,87.0,0.79139733,0.20860267
14.0,87.25,0.7929178,0.20708221
14.0,87.5,0.7917123,0.20828772
14.0,87.75,0.79124224,0.20875776
14.0,88.0,0.7914981,0.20850188
14.0,88.25,0.79229724,0.20770276
14.0,88.5,0.7913308,0.20866919
14.0,88.75,0.7913308,0.20866919
14.0,89.0,0.7914183,0.20858169
14.0,89.25,0.7912118,0.20878822
14.0,89.5,0.791729,0.20827103
14.0,89.75,0.7915148,0.20848519
14.0,90.0,0.79193157,0.20806843
14.0,90.25,0.7919577,0.20804232
14.0,90.5,0.792143,0.20785701
14.0,90.75,0.7921956,0.20780438
14.0,91.0,0.7916757,0.20832431
14.0,91.25,0.79211587,0.20788413
14.0,91.5,0.79182297,0.20817703
14.0,91.75,0.79136723,0.20863277
14.0,92.0,0.7919753,0.20802468
14.0,92.25,0.791755,0.20824498
14.0,92.5,0.7917067,0.20829332
14.0,92.75,0.79190063,0.20809937
14.0,93.0,0.79121315,0.20878685
14.0,93.25,0.79121315,0.20878685
14.0,93.5,0.7907629,0.2092371
14.0,93.75,0.7915648,0.20843518
14.0,94.0,0.79180646,0.20819354
14.0,94.25,0.79168224,0.20831776
14.0,94.5,0.79145086,0.20854914
14.0,94.75,0.7917217,0.2082783
14.0,95.0,0.7919932,0.2080068
14.0,95.25,0.7919932,0.2080068
14.0,95.5,0.79173464,0.20826536
14.0,95.75,0.7919488,0.2080512
14.0,96.0,0.7921359,0.2078641
14.25,68.0,0.7927476,0.20725238
14.25,68.25,0.7919517,0.20804828
14.25,68.5,0.7927476,0.20725238
14.25,68.75,0.7919038,0.2080962
14.25,69.0,0.79212594,0.20787406
14.25,69.25,0.7913564,0.20864362
14.25,69.5,0.7917868,0.20821321
14.25,69.75,0.79148644,0.20851356
14.25,70.0,0.79148644,0.20851356
14.25,70.25,0.7916955,0.20830452
14.25,70.5,0.79148644,0.20851356
14.25,70.75,0.79148644,0.20851356
14.25,71.0,0.7909321,0.20906788
14.25,71.25,0.7913887,0.20861131
14.25,71.5,0.7915014,0.2084986
14.25,71.75,0.7905736,0.2094264
14.25,72.0,0.7915516,0.20844841
14.25,72.25,0.79115695,0.20884305
14.25,72.5,0.7905736,0.2094264
14.25,72.75,0.7904965,0.20950347
14.25,73.0,0.79112744,0.20887256
14.25,73.25,0.7909781,0.20902193
14.25,73.5,0.7913786,0.20862138
14.25,73.75,0.79164344,0.20835656
14.25,74.0,0.7911483,0.2088517
14.25,74.25,0.79134846,0.20865154
14.25,74.5,0.7909781,0.20902193
14.25,74.75,0.7901324,0.2098676
14.25,75.0,0.210323,0.789677
14.25,75.25,0.210323,0.789677
14.25,75.5,0.210323,0.789677
14.25,75.75,0.20881987,0.79118013
14.25,76.0,0.210323,0.789677
14.25,76.25,0.21028382,0.7897162
14.25,76.5,0.21089026,0.7891097
14.25,76.75,0.2099857,0.79001427
14.25,77.0,0.2089746,0.7910254
14.25,77.25,0.21082889,0.7891711
14.25,77.5,0.21082889,0.7891711
14.25,77.75,0.21123758,0.78876245
14.25,78.0,0.21097949,0.78902054
14.25,78.25,0.21115515,0.7888448
14.25,78.5,0.21039899,0.789601
14.25,78.75,0.20970826,0.7902917
14.25,79.0,0.2098867,0.79011333
14.25,79.25,0.7915928,0.20840722
14.25,79.5,0.79040974,0.20959026
14.25,79.75,0.21211068,0.7878893
14.25,80.0,0.21211068,0.7878893
14.25,80.25,0.21211068,0.7878893
14.25,80.5,0.21197912,0.78802085
14.25,80.75,0.21105912,0.7889409
14.25,81.0,0.20942007,0.7905799
14.25,81.25,0.20886442,0.79113555
14.25,81.5,0.20937747,0.79062253
14.25,81.75,0.20948282,0.7905172
14.25,82.0,0.20892029,0.7910797
14.25,82.25,0.20863812,0.79136187
14.25,82.5,0.20890456,0.79109544
14.25,82.75,0.20850176,0.79149824
14.25,83.0,0.20918068,0.7908193
14.25,83.25,0.20890944,0.79109055
14.25,83.5,0.2088074,0.7911926
14.25,83.75,0.20821674,0.7917833
14.25,84.0,0.20867138,0.7913286
14.25,84.25,0.20881364,0.79118633
14.25,84.5,0.20895436,0.79104567
14.25,84.75,0.7911367,0.20886332
14.25,85.0,0.7916145,0.20838553
14.25,85.25,0.7910336,0.20896637
14.25,85.5,0.79154164,0.20845836
14.25,85.75,0.79154605,0.20845395
14.25,86.0,0.7915917,0.2084083
14.25,86.25,0.7912331,0.20876688
14.25,86.5,0.79158646,0.20841354
14.25,86.75,0.7915845,0.20841551
14.25,87.0,0.79144233,0.20855767
14.25,87.25,0.79201925,0.20798075
14.25,87.5,0.7916088,0.20839119
14.25,87.75,0.7909757,0.20902431
14.25,88.0,0.79165435,0.20834565
14.25,88.25,0.79186016,0.20813984
14.25,88.5,0.7917974,0.2082026
14.25,88.75,0.791473,0.20852703
14.25,89.0,0.7911282,0.20887178
14.25,89.25,0.7920649,0.2079351
14.25,89.5,0.7920197,0.20798028
14.25,89.75,0.79180694,0.20819306
14.25,90.0,0.79193157,0.20806843
14.25,90.25,0.7919577,0.20804232
14.25,90.5,0.7915074,0.20849258
14.25,90.75,0.79188865,0.20811135
14.25,91.0,0.7910692,0.20893079
14.25,91.25,0.7915618,0.20843822
14.25,91.5,0.7914526,0.20854741
14.25,91.75,0.79199374,0.20800626
14.25,92.0,0.7919031,0.20809692
14.25,92.25,0.7921209,0.20787913
14.25,92.5,0.7916701,0.20832992
14.25,92.75,0.7921209,0.20787913
14.25,93.0,0.7920267,0.2079733
14.25,93.25,0.79163015,0.20836985
14.25,93.5,0.7920267,0.2079733
14.25,93.75,0.7919711,0.20802891
14.25,94.0,0.79120386,0.20879614
14.25,94.25,0.7915759,0.20842409
14.25,94.5,0.79135865,0.20864135
14.25,94.75,0.79217196,0.20782804
14.25,95.0,0.79184514,0.20815486
14.25,95.25,0.79201573,0.20798427
14.25,95.5,0.7919932,0.2080068
14.25,95.75,0.79209954,0.20790046
14.25,96.0,0.7916472,0.2083528
14.5,68.0,0.7917568,0.20824319
14.5,68.25,0.7921543,0.20784569
14.5,68.5,0.7925001,0.20749992
14.5,68.75,0.7915664,0.20843363
14.5,69.0,0.7923735,0.20762652
14.5,69.25,0.79153264,0.20846736
14.5,69.5,0.7917868,0.20821321
14.5,69.75,0.7912389,0.2087611
14.5,70.0,0.79148644,0.20851356
14.5,70.25,0.79148644,0.20851356
14.5,70.5,0.7912389,0.2087611
14.5,70.75,0.7912389,0.2087611
14.5,71.0,0.7908408,0.2091592
14.5,71.25,0.79108834,0.20891166
14.5,71.5,0.79103816,0.20896184
14.5,71.75,0.7912472,0.20875281
14.5,72.0,0.7917078,0.20829219
14.5,72.25,0.7909467,0.20905328
14.5,72.5,0.79048175,0.20951825
14.5,72.75,0.7902887,0.20971131
14.5,73.0,0.7912256,0.20877439
14.5,73.25,0.79119223,0.20880777
14.5,73.5,0.79129326,0.20870674
14.5,73.75,0.7918652,0.20813477
14.5,74.0,0.791077,0.20892298
14.5,74.25,0.79102796,0.20897204
14.5,74.5,0.7911543,0.20884567
14.5,74.75,0.789903,0.21009701
14.5,75.0,0.20922704,0.790773
14.5,75.25,0.21024865,0.78975135
14.5,75.5,0.21087891,0.7891211
14.5,75.75,0.21073018,0.7892698
14.5,76.0,0.2091803,0.7908197
14.5,76.25,0.21078049,0.7892195
14.5,76.5,0.20970383,0.7902962
14.5,76.75,0.21120697,0.788793
14.5,77.0,0.21057671,0.7894233
14.5,77.25,0.21144617,0.78855383
14.5,77.5,0.21112178,0.7888782
14.5,77.75,0.21031237,0.78968763
14.5,78.0,0.2107791,0.7892209
14.5,78.25,0.20985399,0.790146
14.5,78.5,0.21030428,0.78969574
14.5,78.75,0.20923375,0.79076624
14.5,79.0,0.20941219,0.7905878
14.5,79.25,0.21041541,0.7895846
14.5,79.5,0.21173821,0.7882618
14.5,79.75,0.21160665,0.7883934
14.5,80.0,0.21173821,0.7882618
14.5,80.25,0.21128358,0.78871644
14.5,80.5,0.21163617,0.7883638
14.5,80.75,0.21162258,0.7883774
14.5,81.0,0.2090476,0.7909524
14.5,81.25,0.20849195,0.7915081
14.5,81.5,0.20873375,0.79126626
14.5,81.75,0.20841625,0.7915838
14.5,82.0,0.20841625,0.7915838
14.5,82.25,0.20866846,0.7913315
14.5,82.5,0.20812929,0.7918707
14.5,82.75,0.21028692,0.7897131
14.5,83.0,0.20854796,0.79145205
14.5,83.25,0.20914802,0.79085195
14.5,83.5,0.20914802,0.79085195
14.5,83.75,0.20857015,0.7914299
14.5,84.0,0.2085819,0.7914181
14.5,84.25,0.20919731,0.7908027
14.5,84.5,0.20862648,0.7913735
14.5,84.75,0.20854129,0.7914587
14.5,85.0,0.20849602,0.79150397
14.5,85.25,0.7900835,0.20991647
14.5,85.5,0.79146373,0.20853627
14.5,85.75,0.7913305,0.20866948
14.5,86.0,0.79116833,0.20883167
14.5,86.25,0.79109037,0.20890963
14.5,86.5,0.7912916,0.2087084
14.5,86.75,0.7912196,0.20878041
14.5,87.0,0.7911849,0.2088151
14.5,87.25,0.7916126,0.20838737
14.5,87.5,0.79106104,0.20893896
14.5,87.75,0.79146975,0.20853025
14.5,88.0,0.7909761,0.2090239
14.5,88.25,0.7921143,0.20788568
14.5,88.5,0.7912041,0.2087959
14.5,88.75,0.79085296,0.20914704
14.5,89.0,0.7913308,0.20866919
14.5,89.25,0.7916745,0.2083255
14.5,89.5,0.7918435,0.20815653
14.5,89.75,0.7922992,0.20770079
14.5,90.0,0.7915074,0.20849258
14.5,90.25,0.7918797,0.20812029
14.5,90.5,0.7918797,0.20812029
14.5,90.75,0.791828,0.20817202
14.5,91.0,0.7916957,0.20830429
14.5,91.25,0.7918175,0.20818251
14.5,91.5,0.79134625,0.20865375
14.5,91.75,0.7912609,0.2087391
14.5,92.0,0.7913804,0.2086196
14.5,92.25,0.79183066,0.20816934
14.5,92.5,0.79183066,0.20816934
14.5,92.75,0.79183066,0.20816934
14.5,93.0,0.7917365,0.20826352
14.5,93.25,0.7917365,0.20826352
14.5,93.5,0.7917365,0.20826352
14.5,93.75,0.79143375,0.20856625
14.5,94.0,0.7916125,0.2083875
14.5,94.25,0.7919711,0.20802891
14.5,94.5,0.7920267,0.2079733
14.5,94.75,0.79154295,0.20845705
14.5,95.0,0.79217196,0.20782804
14.5,95.25,0.7919932,0.2080068
14.5,95.5,0.79226416,0.20773584
14.5,95.75,0.7919515,0.20804852
14.5,96.0,0.79209954,0.20790046
14.75,68.0,0.79266745,0.20733255
14.75,68.25,0.7923372,0.20766282
14.75,68.5,0.7919068,0.20809323
14.75,68.75,0.79082143,0.20917857
14.75,69.0,0.79138803,0.20861197
14.75,69.25,0.79177773,0.20822227
14.75,69.5,0.7917868,0.20821321
14.75,69.75,0.7912389,0.2087611
14.75,70.0,0.7908408,0.2091592
14.75,70.25,0.7912389,0.2087611
14.75,70.5,0.7916955,0.20830452
14.75,70.75,0.79108834,0.20891166
14.75,71.0,0.7912974,0.20870262
14.75,71.25,0.79103816,0.20896184
14.75,71.5,0.79108834,0.20891166
14.75,71.75,0.7912472,0.20875281
14.75,72.0,0.7910643,0.20893568
14.75,72.25,0.7916576,0.20834237
14.75,72.5,0.7905234,0.20947659
14.75,72.75,0.7905712,0.20942879
14.75,73.0,0.7909781,0.20902193
14.75,73.25,0.79134846,0.20865154
14.75,73.5,0.7920794,0.20792061
14.75,73.75,0.7918652,0.20813477
14.75,74.0,0.7918652,0.20813477
14.75,74.25,0.7911543,0.20884567
14.75,74.5,0.79066724,0.20933276
14.75,74.75,0.2095697,0.7904303
14.75,75.0,0.2095697,0.7904303
14.75,75.25,0.21087891,0.7891211
14.75,75.5,0.21073018,0.7892698
14.75,75.75,0.21024865,0.78975135
14.75,76.0,0.79117006,0.20882994
14.75,76.25,0.7905819,0.20941812
14.75,76.5,0.20971337,0.79028666
14.75,76.75,0.20996773,0.79003227
14.75,77.0,0.21002424,0.78997576
14.75,77.25,0.21049152,0.78950846
14.75,77.5,0.21019341,0.7898066
14.75,77.75,0.20996773,0.79003227
14.75,78.0,0.21003315,0.7899668
14.75,78.25,0.21003315,0.7899668
14.75,78.5,0.21030428,0.78969574
14.75,78.75,0.79144204,0.20855796
14.75,79.0,0.79032016,0.20967984
14.75,79.25,0.21206775,0.7879323
14.75,79.5,0.21173821,0.7882618
14.75,79.75,0.21173821,0.7882618
14.75,80.0,0.21173821,0.7882618
14.75,80.25,0.21160665,0.7883934
14.75,80.5,0.21173821,0.7882618
14.75,80.75,0.7915928,0.20840722
14.75,81.0,0.20894556,0.7910544
14.75,81.25,0.20816888,0.79183114
14.75,81.5,0.20873375,0.79126626
14.75,81.75,0.20909935,0.79090065
14.75,82.0,0.20911035,0.7908896
14.75,82.25,0.20894875,0.79105127
14.75,82.5,0.20881239,0.79118764
14.75,82.75,0.21028692,0.7897131
14.75,83.0,0.21000178,0.78999823
14.75,83.25,0.20853697,0.791463
14.75,83.5,0.20925006,0.7907499
14.75,83.75,0.20761581,0.7923842
14.75,84.0,0.20729274,0.79270726
14.75,84.25,0.20854129,0.7914587
14.75,84.5,0.20854129,0.7914587
14.75,84.75,0.20872906,0.791271
14.75,85.0,0.20799248,0.7920075
14.75,85.25,0.20885216,0.7911478
14.75,85.5,0.790628,0.20937198
14.75,85.75,0.7913909,0.2086091
14.75,86.0,0.7909099,0.20909011
14.75,86.25,0.79101896,0.20898104
14.75,86.5,0.7912537,0.20874631
14.75,86.75,0.79107744,0.20892256
14.75,87.0,0.7912196,0.20878041
14.75,87.25,0.79088616,0.20911384
14.75,87.5,0.79174566,0.20825434
14.75,87.75,0.79174566,0.20825434
14.75,88.0,0.79179704,0.20820296
14.75,88.25,0.7917752,0.20822477
14.75,88.5,0.7916412,0.20835882
14.75,88.75,0.7915415,0.20845848
14.75,89.0,0.7912967,0.20870328
14.75,89.25,0.7915526,0.2084474
14.75,89.5,0.792143,0.20785701
14.75,89.75,0.7919997,0.2080003
14.75,90.0,0.79231924,0.20768076
14.75,90.25,0.7926536,0.20734638
14.75,90.5,0.7915074,0.20849258
14.75,90.75,0.7915526,0.2084474
14.75,91.0,0.79115456,0.20884544
14.75,91.25,0.792716,0.20728397
14.75,91.5,0.79166675,0.20833325
14.75,91.75,0.7915604,0.20843959
14.75,92.0,0.79183066,0.20816934
14.75,92.25,0.79152256,0.20847744
14.75,92.5,0.7927292,0.2072708
14.75,92.75,0.79154503,0.20845497
14.75,93.0,0.79177284,0.20822716
14.75,93.25,0.7916298,0.20837021
14.75,93.5,0.79128414,0.20871586
14.75,93.75,0.7918089,0.2081911
14.75,94.0,0.7918089,0.2081911
14.75,94.25,0.7912385,0.20876151
14.75,94.5,0.79121315,0.20878685
14.75,94.75,0.79197556,0.20802444
14.75,95.0,0.7915253,0.2084747
14.75,95.25,0.7922417,0.20775831
14.75,95.5,0.7919515,0.20804852
14.75,95.75,0.79209954,0.20790046
14.75,96.0,0.7919932,0.2080068
15.0,68.0,0.79171187,0.20828813
15.0,68.25,0.7923372,0.20766282
15.0,68.5,0.7918806,0.20811939
15.0,68.75,0.79174924,0.20825076
15.0,69.0,0.791334,0.20866603
15.0,69.25,0.79063874,0.20936126
15.0,69.5,0.79212594,0.20787406
15.0,69.75,0.7913302,0.20866978
15.0,70.0,0.79148644,0.20851356
15.0,70.25,0.7908408,0.2091592
15.0,70.5,0.7908408,0.2091592
15.0,70.75,0.7912472,0.20875281
15.0,71.0,0.7912472,0.20875281
15.0,71.25,0.7912974,0.20870262
15.0,71.5,0.7912472,0.20875281
15.0,71.75,0.7916576,0.20834237
15.0,72.0,0.7916576,0.20834237
15.0,72.25,0.7913663,0.20863372
15.0,72.5,0.79046625,0.20953375
15.0,72.75,0.7906225,0.20937753
15.0,73.0,0.7913786,0.20862138
15.0,73.25,0.79166883,0.20833117
15.0,73.5,0.79166883,0.20833117
15.0,73.75,0.79166883,0.20833117
15.0,74.0,0.79119223,0.20880777
15.0,74.25,0.7909517,0.20904827
15.0,74.5,0.7902037,0.20979631
15.0,74.75,0.7901324,0.2098676
15.0,75.0,0.79066724,0.20933276
15.0,75.25,0.20986535,0.79013467
15.0,75.5,0.21064499,0.78935504
15.0,75.75,0.20986535,0.79013467
15.0,76.0,0.7903665,0.20963353
15.0,76.25,0.20996773,0.79003227
15.0,76.5,0.20865852,0.7913415
15.0,76.75,0.20996773,0.79003227
15.0,77.0,0.20971337,0.79028666
15.0,77.25,0.21020693,0.7897931
15.0,77.5,0.20971337,0.79028666
15.0,77.75,0.21001425,0.7899858
15.0,78.0,0.2107791,0.7892209
15.0,78.25,0.2109445,0.78905547
15.0,78.5,0.2090971,0.7909029
15.0,78.75,0.7909271,0.20907289
15.0,79.0,0.21039827,0.78960174
15.0,79.25,0.21051158,0.78948843
15.0,79.5,0.21269102,0.787309
15.0,79.75,0.21163617,0.7883638
15.0,80.0,0.21173821,0.7882618
15.0,80.25,0.21321274,0.7867873
15.0,80.5,0.21173821,0.7882618
15.0,80.75,0.21041541,0.7895846
15.0,81.0,0.20894556,0.7910544
15.0,81.25,0.20931731,0.7906827
15.0,81.5,0.20883065,0.79116935
15.0,81.75,0.20809318,0.79190683
15.0,82.0,0.20909935,0.79090065
15.0,82.25,0.20894875,0.79105127
15.0,82.5,0.20881239,0.79118764
15.0,82.75,0.21026917,0.78973085
15.0,83.0,0.21028692,0.7897131
15.0,83.25,0.20825668,0.79174334
15.0,83.5,0.20798543,0.7920146
15.0,83.75,0.20764533,0.7923547
15.0,84.0,0.20862648,0.7913735
15.0,84.25,0.20854129,0.7914587
15.0,84.5,0.20799248,0.7920075
15.0,84.75,0.20891759,0.7910824
15.0,85.0,0.2092157,0.7907843
15.0,85.25,0.20830335,0.79169667
15.0,85.5,0.7906687,0.20933127
15.0,85.75,0.79118115,0.20881885
15.0,86.0,0.7912537,0.20874631
15.0,86.25,0.791325,0.20867503
15.0,86.5,0.7912537,0.20874631
15.0,86.75,0.7910511,0.20894891
15.0,87.0,0.7912537,0.20874631
15.0,87.25,0.79098517,0.20901483
15.0,87.5,0.79118776,0.20881224
15.0,87.75,0.7913299,0.20867008
15.0,88.0,0.79095745,0.20904255
15.0,88.25,0.7922003,0.20779967
15.0,88.5,0.79188037,0.20811963
15.0,88.75,0.7912967,0.20870328
15.0,89.0,0.7912967,0.20870328
15.0,89.25,0.7916745,0.2083255
15.0,89.5,0.7922937,0.20770627
15.0,89.75,0.792143,0.20785701
15.0,90.0,0.79193157,0.20806843
15.0,90.25,0.79231924,0.20768076
15.0,90.5,0.79231924,0.20768076
15.0,90.75,0.7920649,0.2079351
15.0,91.0,0.7913687,0.20863128
15.0,91.25,0.79166675,0.20833325
15.0,91.5,0.7914526,0.20854741
15.0,91.75,0.79166675,0.20833325
15.0,92.0,0.79152256,0.20847744
15.0,92.25,0.791867,0.20813298
15.0,92.5,0.79216653,0.20783347
15.0,92.75,0.7912741,0.20872593
15.0,93.0,0.7922231,0.2077769
15.0,93.25,0.79177284,0.20822716
15.0,93.5,0.79128623,0.20871377
15.0,93.75,0.7917365,0.20826352
15.0,94.0,0.79163015,0.20836985
15.0,94.25,0.79143375,0.20856625
15.0,94.5,0.7912499,0.20875013
15.0,94.75,0.7921695,0.20783049
15.0,95.0,0.7921695,0.20783049
15.0,95.25,0.79209954,0.20790046
15.0,95.5,0.79184514,0.20815486
15.0,95.75,0.79201573,0.20798427
15.0,96.0,0.7918677,0.20813233
15.25,68.0,0.7916703,0.20832968
15.25,68.25,0.7925001,0.20749992
15.25,68.5,0.7921543,0.20784569
15.25,68.75,0.79174924,0.20825076
15.25,69.0,0.7913834,0.20861661
15.25,69.25,0.7903208,0.20967919
15.25,69.5,0.7921709,0.20782912
15.25,69.75,0.7917868,0.20821321
15.25,70.0,0.79148644,0.20851356
15.25,70.25,0.79153925,0.20846075
15.25,70.5,0.79114115,0.20885885
15.25,70.75,0.7909081,0.2090919
15.25,71.0,0.79109097,0.20890903
15.25,71.25,0.7912472,0.20875281
15.25,71.5,0.7916576,0.20834237
15.25,71.75,0.7916576,0.20834237
15.25,72.0,0.7909885,0.2090115
15.25,72.25,0.7909885,0.2090115
15.25,72.5,0.79127604,0.20872396
15.25,72.75,0.7912901,0.2087099
15.25,73.0,0.79121804,0.20878196
15.25,73.25,0.79177785,0.20822215
15.25,73.5,0.79166883,0.20833117
15.25,73.75,0.7912912,0.20870882
15.25,74.0,0.7911543,0.20884567
15.25,74.25,0.7909196,0.2090804
15.25,74.5,0.20803583,0.7919642
15.25,74.75,0.21079372,0.78920627
15.25,75.0,0.21062455,0.7893754
15.25,75.25,0.2111181,0.7888819
15.25,75.5,0.21064499,0.78935504
15.25,75.75,0.21048784,0.78951216
15.25,76.0,0.20955448,0.7904455
15.25,76.25,0.20953116,0.7904688
15.25,76.5,0.20996773,0.79003227
15.25,76.75,0.2108159,0.7891841
15.25,77.0,0.21049152,0.78950846
15.25,77.25,0.21002424,0.78997576
15.25,77.5,0.21075083,0.7892492
15.25,77.75,0.21112178,0.7888782
15.25,78.0,0.21538375,0.78461623
15.25,78.25,0.21127239,0.78872764
15.25,78.5,0.20940797,0.790592
15.25,78.75,0.2117822,0.7882178
15.25,79.0,0.21035862,0.7896414
15.25,79.25,0.21206775,0.7879323
15.25,79.5,0.2137705,0.7862295
15.25,79.75,0.2137705,0.7862295
15.25,80.0,0.21163617,0.7883638
15.25,80.25,0.21294539,0.7870546
15.25,80.5,0.21128358,0.78871644
15.25,80.75,0.21187219,0.7881278
15.25,81.0,0.21052213,0.7894779
15.25,81.25,0.21009804,0.789902
15.25,81.5,0.209005,0.790995
15.25,81.75,0.20896779,0.7910322
15.25,82.0,0.20909935,0.79090065
15.25,82.25,0.20894875,0.79105127
15.25,82.5,0.21042947,0.7895705
15.25,82.75,0.21014434,0.78985566
15.25,83.0,0.21000178,0.78999823
15.25,83.25,0.7890352,0.2109648
15.25,83.5,0.20785387,0.79214615
15.25,83.75,0.2074514,0.7925486
15.25,84.0,0.20849602,0.79150397
15.25,84.25,0.20872906,0.791271
15.25,84.5,0.20799248,0.7920075
15.25,84.75,0.210427,0.789573
15.25,85.0,0.210427,0.789573
15.25,85.25,0.2093483,0.7906517
15.25,85.5,0.7906687,0.20933127
15.25,85.75,0.7912496,0.20875043
15.25,86.0,0.7912537,0.20874631
15.25,86.25,0.79116833,0.20883167
15.25,86.5,0.79146785,0.20853215
15.25,86.75,0.7912537,0.20874631
15.25,87.0,0.7912537,0.20874631
15.25,87.25,0.79118776,0.20881224
15.25,87.5,0.79118776,0.20881224
15.25,87.75,0.79118776,0.20881224
15.25,88.0,0.7913299,0.20867008
15.25,88.25,0.792199,0.20780098
15.25,88.5,0.7916412,0.20835882
15.25,88.75,0.7910479,0.20895213
15.25,89.0,0.7917974,0.2082026
15.25,89.25,0.79231733,0.20768267
15.25,89.5,0.7915419,0.20845813
15.25,89.75,0.79319227,0.20680773
15.25,90.0,0.7921051,0.20789492
15.25,90.25,0.7921051,0.20789492
15.25,90.5,0.79280585,0.20719415
15.25,90.75,0.79185075,0.20814925
15.25,91.0,0.791545,0.20845503
15.25,91.25,0.7915435,0.20845652
15.25,91.5,0.79162884,0.20837116
15.25,91.75,0.7914526,0.20854741
15.25,92.0,0.7916799,0.20832008
15.25,92.25,0.79116416,0.20883584
15.25,92.5,0.79216653,0.20783347
15.25,92.75,0.7912741,0.20872593
15.25,93.0,0.79187864,0.20812136
15.25,93.25,0.79157645,0.20842355
15.25,93.5,0.79187864,0.20812136
15.25,93.75,0.79187864,0.20812136
15.25,94.0,0.79163015,0.20836985
15.25,94.25,0.7915759,0.20842409
15.25,94.5,0.7919711,0.20802891
15.25,94.75,0.7909444,0.2090556
15.25,95.0,0.79238975,0.20761025
15.25,95.25,0.79209954,0.20790046
15.25,95.5,0.791837,0.20816302
15.25,95.75,0.7916889,0.20831108
15.25,96.0,0.7919386,0.2080614
15.5,68.0,0.7891654,0.21083462
15.5,68.25,0.7917622,0.20823783
15.5,68.5,0.79185766,0.20814234
15.5,68.75,0.7911683,0.20883173
15.5,69.0,0.79143673,0.20856327
15.5,69.25,0.7907204,0.2092796
15.5,69.5,0.7913827,0.20861733
15.5,69.75,0.79196304,0.20803696
15.5,70.0,0.7917868,0.20821321
15.5,70.25,0.79113454,0.20886546
15.5,70.5,0.79167765,0.20832235
15.5,70.75,0.79088944,0.20911056
15.5,71.0,0.79167765,0.20832235
15.5,71.25,0.7916576,0.20834237
15.5,71.5,0.7916576,0.20834237
15.5,71.75,0.7905034,0.20949662
15.5,72.0,0.7916576,0.20834237
15.5,72.25,0.7909172,0.20908278
15.5,72.5,0.7912188,0.20878118
15.5,72.75,0.7911646,0.20883542
15.5,73.0,0.7920714,0.2079286
15.5,73.25,0.79076064,0.20923936
15.5,73.5,0.79099053,0.20900947
15.5,73.75,0.7911343,0.2088657
15.5,74.0,0.7911543,0.20884567
15.5,74.25,0.7909909,0.20900911
15.5,74.5,0.7907704,0.20922959
15.5,74.75,0.2090416,0.7909584
15.5,75.0,0.2111181,0.7888819
15.5,75.25,0.2150242,0.78497577
15.5,75.5,0.21018973,0.7898103
15.5,75.75,0.20955448,0.7904455
15.5,76.0,0.20833045,0.79166955
15.5,76.25,0.20996773,0.79003227
15.5,76.5,0.21020693,0.7897931
15.5,76.75,0.20988254,0.79011744
15.5,77.0,0.20996773,0.79003227
15.5,77.25,0.20988254,0.79011744
15.5,77.5,0.78974366,0.21025634
15.5,77.75,0.21501671,0.7849833
15.5,78.0,0.21263744,0.7873626
15.5,78.25,0.7909079,0.20909208
15.5,78.5,0.7911425,0.20885748
15.5,78.75,0.7917446,0.20825541
15.5,79.0,0.7903826,0.20961738
15.5,79.25,0.21223693,0.78776306
15.5,79.5,0.21163617,0.7883638
15.5,79.75,0.21128358,0.78871644
15.5,80.0,0.21294539,0.7870546
15.5,80.25,0.21294539,0.7870546
15.5,80.5,0.21200946,0.78799057
15.5,80.75,0.21188994,0.7881101
15.5,81.0,0.21052213,0.7894779
15.5,81.25,0.21009804,0.789902
15.5,81.5,0.20992315,0.79007685
15.5,81.75,0.21028875,0.78971124
15.5,82.0,0.21057388,0.7894261
15.5,82.25,0.20881718,0.7911828
15.5,82.5,0.20868082,0.7913192
15.5,82.75,0.79081374,0.20918626
15.5,83.0,0.79085,0.20915002
15.5,83.25,0.21028692,0.7897131
15.5,83.5,0.20798543,0.7920146
15.5,83.75,0.20870018,0.7912998
15.5,84.0,0.20849602,0.79150397
15.5,84.25,0.20849602,0.79150397
15.5,84.5,0.7895952,0.21040481
15.5,84.75,0.79171056,0.20828944
15.5,85.0,0.78895867,0.21104133
15.5,85.25,0.7904139,0.20958608
15.5,85.5,0.7900835,0.20991647
15.5,85.75,0.79132086,0.20867914
15.5,86.0,0.7910874,0.20891261
15.5,86.25,0.7912537,0.20874631
15.5,86.5,0.7912537,0.20874631
15.5,86.75,0.7912537,0.20874631
15.5,87.0,0.7912537,0.20874631
15.5,87.25,0.79118776,0.20881224
15.5,87.5,0.79118776,0.20881224
15.5,87.75,0.79118776,0.20881224
15.5,88.0,0.7914981,0.20850188
15.5,88.25,0.79229724,0.20770276
15.5,88.5,0.7916412,0.20835882
15.5,88.75,0.7916412,0.20835882
15.5,89.0,0.79085296,0.20914704
15.5,89.25,0.79231733,0.20768267
15.5,89.5,0.792005,0.207995
15.5,89.75,0.79228514,0.20771486
15.5,90.0,0.79241544,0.20758456
15.5,90.25,0.79224724,0.20775276
15.5,90.5,0.7918035,0.20819652
15.5,90.75,0.79233736,0.20766264
15.5,91.0,0.791545,0.20845503
15.5,91.25,0.7917535,0.20824653
15.5,91.5,0.7914526,0.20854741
15.5,91.75,0.79159474,0.20840526
15.5,92.0,0.7919524,0.20804763
15.5,92.25,0.79116416,0.20883584
15.5,92.5,0.7913783,0.20862168
15.5,92.75,0.7912741,0.20872593
15.5,93.0,0.79187864,0.20812136
15.5,93.25,0.79177284,0.20822716
15.5,93.5,0.7920267,0.2079733
15.5,93.75,0.79128534,0.20871466
15.5,94.0,0.7920267,0.2079733
15.5,94.25,0.79180646,0.20819354
15.5,94.5,0.7920267,0.2079733
15.5,94.75,0.79199284,0.20800716
15.5,95.0,0.7922417,0.20775831
15.5,95.25,0.7919715,0.2080285
15.5,95.5,0.7919386,0.2080614
15.5,95.75,0.79184216,0.20815784
15.5,96.0,0.7920377,0.20796227
15.75,68.0,0.7900346,0.20996541
15.75,68.25,0.7900346,0.20996541
15.75,68.5,0.79215187,0.20784813
15.75,68.75,0.79193735,0.20806265
15.75,69.0,0.7916393,0.20836067
15.75,69.25,0.7907691,0.2092309
15.75,69.5,0.7907204,0.2092796
15.75,69.75,0.7909717,0.2090283
15.75,70.0,0.7913834,0.20861661
15.75,70.25,0.7912412,0.20875877
15.75,70.5,0.7913332,0.2086668
15.75,70.75,0.7905234,0.20947659
15.75,71.0,0.79088944,0.20911056
15.75,71.25,0.7910272,0.20897281
15.75,71.5,0.79115695,0.20884305
15.75,71.75,0.791171,0.20882899
15.75,72.0,0.7917767,0.20822328
15.75,72.25,0.7917054,0.20829457
15.75,72.5,0.7909172,0.20908278
15.75,72.75,0.79024845,0.20975155
15.75,73.0,0.7918271,0.20817292
15.75,73.25,0.791883,0.20811701
15.75,73.5,0.7920794,0.20792061
15.75,73.75,0.79241776,0.20758224
15.75,74.0,0.7908789,0.20912111
15.75,74.25,0.7902037,0.20979631
15.75,74.5,0.20933522,0.7906648
15.75,74.75,0.20992105,0.79007894
15.75,75.0,0.2111181,0.7888819
15.75,75.25,0.21142541,0.7885746
15.75,75.5,0.21018973,0.7898103
15.75,75.75,0.2093853,0.7906147
15.75,76.0,0.20963967,0.79036033
15.75,76.25,0.21019341,0.7898066
15.75,76.5,0.21019341,0.7898066
15.75,76.75,0.20907143,0.7909286
15.75,77.0,0.20896938,0.79103065
15.75,77.25,0.20996773,0.79003227
15.75,77.5,0.21112178,0.7888782
15.75,77.75,0.7905407,0.2094593
15.75,78.0,0.79193074,0.20806926
15.75,78.25,0.7905053,0.20949471
15.75,78.5,0.79039145,0.20960855
15.75,78.75,0.7915709,0.2084291
15.75,79.0,0.7915935,0.20840651
15.75,79.25,0.79161996,0.20838004
15.75,79.5,0.21269102,0.787309
15.75,79.75,0.21415165,0.7858484
15.75,80.0,0.21163617,0.7883638
15.75,80.25,0.21128358,0.78871644
15.75,80.5,0.21173821,0.7882618
15.75,80.75,0.21188994,0.7881101
15.75,81.0,0.20875163,0.7912484
15.75,81.25,0.20931731,0.7906827
15.75,81.5,0.20929629,0.7907037
15.75,81.75,0.20961273,0.7903873
15.75,82.0,0.20981245,0.79018754
15.75,82.25,0.20894875,0.79105127
15.75,82.5,0.20881239,0.79118764
15.75,82.75,0.20881239,0.79118764
15.75,83.0,0.20853697,0.791463
15.75,83.25,0.20973538,0.7902646
15.75,83.5,0.79092973,0.20907027
15.75,83.75,0.7912937,0.20870632
15.75,84.0,0.7923123,0.20768768
15.75,84.25,0.7917396,0.20826042
15.75,84.5,0.79117805,0.20882195
15.75,84.75,0.7907547,0.20924532
15.75,85.0,0.79067695,0.20932305
15.75,85.25,0.7884839,0.21151608
15.75,85.5,0.210427,0.789573
15.75,85.75,0.20953143,0.7904686
15.75,86.0,0.7910874,0.20891261
15.75,86.25,0.7910511,0.20894891
15.75,86.5,0.7910874,0.20891261
15.75,86.75,0.7910511,0.20894891
15.75,87.0,0.7912537,0.20874631
15.75,87.25,0.79118776,0.20881224
15.75,87.5,0.7916744,0.20832562
15.75,87.75,0.7913299,0.20867008
15.75,88.0,0.79115367,0.20884633
15.75,88.25,0.79229724,0.20770276
15.75,88.5,0.79085296,0.20914704
15.75,88.75,0.7916412,0.20835882
15.75,89.0,0.7916412,0.20835882
15.75,89.25,0.7916745,0.2083255
15.75,89.5,0.7925917,0.20740831
15.75,89.75,0.79224724,0.20775276
15.75,90.0,0.79224724,0.20775276
15.75,90.25,0.792663,0.20733702
15.75,90.5,0.7918035,0.20819652
15.75,90.75,0.79185075,0.20814925
15.75,91.0,0.7913308,0.20866919
15.75,91.25,0.79162884,0.20837116
15.75,91.5,0.79159474,0.20840526
15.75,91.75,0.7920954,0.20790458
15.75,92.0,0.7916799,0.20832008
15.75,92.25,0.7916799,0.20832008
15.75,92.5,0.7916799,0.20832008
15.75,92.75,0.7915736,0.20842642
15.75,93.0,0.79128623,0.20871377
15.75,93.25,0.7914349,0.20856512
15.75,93.5,0.7920267,0.2079733
15.75,93.75,0.791396,0.20860398
15.75,94.0,0.79161626,0.20838374
15.75,94.25,0.7920267,0.2079733
15.75,94.5,0.7914284,0.20857161
15.75,94.75,0.79211956,0.20788044
15.75,95.0,0.79183614,0.20816386
15.75,95.25,0.79188484,0.20811516
15.75,95.5,0.7919715,0.2080285
15.75,95.75,0.79205453,0.20794547
15.75,96.0,0.79163116,0.20836884
16.0,68.0,0.7910255,0.20897448
16.0,68.25,0.7900346,0.20996541
16.0,68.5,0.79152495,0.20847505
16.0,68.75,0.7905066,0.2094934
16.0,69.0,0.7912412,0.20875877
16.0,69.25,0.7902721,0.20972788
16.0,69.5,0.7903223,0.2096777
16.0,69.75,0.7903208,0.20967919
16.0,70.0,0.7905234,0.20947659
16.0,70.25,0.7905234,0.20947659
16.0,70.5,0.7905234,0.20947659
16.0,70.75,0.7902721,0.20972788
16.0,71.0,0.7903208,0.20967919
16.0,71.25,0.79115695,0.20884305
16.0,71.5,0.7915014,0.2084986
16.0,71.75,0.7915492,0.2084508
16.0,72.0,0.791361,0.20863903
16.0,72.25,0.7905512,0.20944881
16.0,72.5,0.7912188,0.20878118
16.0,72.75,0.7912262,0.20877379
16.0,73.0,0.7913752,0.20862478
16.0,73.25,0.79153854,0.20846146
16.0,73.5,0.7908927,0.20910728
16.0,73.75,0.7908789,0.20912111
16.0,74.0,0.7908221,0.20917791
16.0,74.25,0.7905393,0.20946068
16.0,74.5,0.21045667,0.78954333
16.0,74.75,0.20995748,0.7900425
16.0,75.0,0.21079372,0.78920627
16.0,75.25,0.2111181,0.7888819
16.0,75.5,0.21044233,0.7895577
16.0,75.75,0.21018973,0.7898103
16.0,76.0,0.20986535,0.79013467
16.0,76.25,0.20865852,0.7913415
16.0,76.5,0.2102786,0.78972137
16.0,76.75,0.20988254,0.79011744
16.0,77.0,0.21105824,0.78894174
16.0,77.25,0.21144617,0.78855383
16.0,77.5,0.7903033,0.20969671
16.0,77.75,0.7915709,0.2084291
16.0,78.0,0.79135054,0.20864946
16.0,78.25,0.7900831,0.20991689
16.0,78.5,0.21178271,0.7882173
16.0,78.75,0.2123287,0.7876713
16.0,79.0,0.79123,0.20876998
16.0,79.25,0.79151654,0.20848346
16.0,79.5,0.2137705,0.7862295
16.0,79.75,0.21408136,0.78591865
16.0,80.0,0.21224515,0.78775483
16.0,80.25,0.2137705,0.7862295
16.0,80.5,0.21266763,0.78733236
16.0,80.75,0.211186,0.788814
16.0,81.0,0.20894556,0.7910544
16.0,81.25,0.20862351,0.7913765
16.0,81.5,0.20989634,0.7901037
16.0,81.75,0.20961273,0.7903873
16.0,82.0,0.2096698,0.7903302
16.0,82.25,0.20839721,0.7916028
16.0,82.5,0.20952548,0.79047453
16.0,82.75,0.20871034,0.7912897
16.0,83.0,0.20808233,0.7919177
16.0,83.25,0.7914196,0.20858037
16.0,83.5,0.7912199,0.20878011
16.0,83.75,0.79178077,0.20821923
16.0,84.0,0.7913158,0.2086842
16.0,84.25,0.790632,0.20936799
16.0,84.5,0.79097027,0.20902973
16.0,84.75,0.7907484,0.20925158
16.0,85.0,0.7884839,0.21151608
16.0,85.25,0.21283776,0.78716224
16.0,85.5,0.20981276,0.79018724
16.0,85.75,0.20928288,0.7907171
16.0,86.0,0.79010737,0.20989263
16.0,86.25,0.79112655,0.20887345
16.0,86.5,0.79112655,0.20887345
16.0,86.75,0.7912981,0.20870191
16.0,87.0,0.7910511,0.20894891
16.0,87.25,0.79118776,0.20881224
16.0,87.5,0.7914981,0.20850188
16.0,87.75,0.7914981,0.20850188
16.0,88.0,0.7915694,0.20843059
16.0,88.25,0.7921143,0.20788568
16.0,88.5,0.79145825,0.20854175
16.0,88.75,0.7909304,0.20906961
16.0,89.0,0.79138696,0.20861304
16.0,89.25,0.7915678,0.2084322
16.0,89.5,0.7921051,0.20789492
16.0,89.75,0.7925917,0.20740831
16.0,90.0,0.79204464,0.20795536
16.0,90.25,0.7919025,0.20809752
16.0,90.5,0.7921051,0.20789492
16.0,90.75,0.79133844,0.20866156
16.0,91.0,0.79115456,0.20884544
16.0,91.25,0.7916088,0.20839119
16.0,91.5,0.7920954,0.20790458
16.0,91.75,0.79175097,0.20824903
16.0,92.0,0.7916079,0.20839208
16.0,92.25,0.7918221,0.20817792
16.0,92.5,0.7916799,0.20832008
16.0,92.75,0.7918221,0.20817792
16.0,93.0,0.79187864,0.20812136
16.0,93.25,0.7920267,0.2079733
16.0,93.5,0.7914334,0.2085666
16.0,93.75,0.79163015,0.20836985
16.0,94.0,0.79187864,0.20812136
16.0,94.25,0.7917365,0.20826352
16.0,94.5,0.7914731,0.20852691
16.0,94.75,0.79079646,0.20920354
16.0,95.0,0.20741954,0.7925805
16.0,95.25,0.20696491,0.7930351
16.0,95.5,0.20696491,0.7930351
16.0,95.75,0.7918983,0.20810169
16.0,96.0,0.7914356,0.2085644
16.25,68.0,0.2133044,0.7866956
16.25,68.25,0.7904837,0.20951629
16.25,68.5,0.7904837,0.20951629
16.25,68.75,0.7903608,0.20963919
16.25,69.0,0.79077893,0.20922107
16.25,69.25,0.7902605,0.2097395
16.25,69.5,0.7912227,0.20877731
16.25,69.75,0.7911307,0.20886928
16.25,70.0,0.7902103,0.2097897
16.25,70.25,0.7902103,0.2097897
16.25,70.5,0.7901616,0.20983839
16.25,70.75,0.7901295,0.20987052
16.25,71.0,0.7901616,0.20983839
16.25,71.25,0.7909043,0.20909572
16.25,71.5,0.7906027,0.20939732
16.25,71.75,0.79035574,0.20964426
16.25,72.0,0.7914387,0.2085613
16.25,72.25,0.7915949,0.20840508
16.25,72.5,0.7904407,0.20955932
16.25,72.75,0.7911157,0.2088843
16.25,73.0,0.7914611,0.20853889
16.25,73.25,0.79123795,0.20876205
16.25,73.5,0.79116845,0.20883155
16.25,73.75,0.7908623,0.20913768
16.25,74.0,0.790743,0.209257
16.25,74.25,0.20930989,0.7906901
16.25,74.5,0.20867921,0.7913208
16.25,74.75,0.20964694,0.79035306
16.25,75.0,0.20957133,0.79042864
16.25,75.25,0.20929357,0.7907064
16.25,75.5,0.21076839,0.7892316
16.25,75.75,0.21030682,0.7896932
16.25,76.0,0.21076839,0.7892316
16.25,76.25,0.21084209,0.7891579
16.25,76.5,0.21109645,0.78890353
16.25,76.75,0.21101126,0.7889887
16.25,77.0,0.21176207,0.7882379
16.25,77.25,0.7901215,0.2098785
16.25,77.5,0.7914102,0.20858979
16.25,77.75,0.7914604,0.2085396
16.25,78.0,0.21179356,0.78820646
16.25,78.25,0.21091962,0.7890804
16.25,78.5,0.21117863,0.78882134
16.25,78.75,0.21115471,0.7888453
16.25,79.0,0.21085507,0.78914493
16.25,79.25,0.21205756,0.7879424
16.25,79.5,0.2125571,0.7874429
16.25,79.75,0.21426895,0.7857311
16.25,80.0,0.21422368,0.7857763
16.25,80.25,0.21365997,0.78634
16.25,80.5,0.2125805,0.7874195
16.25,80.75,0.79057455,0.20942545
16.25,81.0,0.79034644,0.20965356
16.25,81.25,0.20889476,0.7911053
16.25,81.5,0.7913438,0.20865619
16.25,81.75,0.7904306,0.2095694
16.25,82.0,0.79161364,0.20838636
16.25,82.25,0.20794258,0.7920574
16.25,82.5,0.2085321,0.7914679
16.25,82.75,0.20812929,0.7918707
16.25,83.0,0.7901436,0.20985639
16.25,83.25,0.79164743,0.20835257
16.25,83.5,0.7925479,0.20745212
16.25,83.75,0.791719,0.20828098
16.25,84.0,0.7916542,0.20834577
16.25,84.25,0.79181087,0.20818913
16.25,84.5,0.79186225,0.20813775
16.25,84.75,0.7912212,0.2087788
16.25,85.0,0.7910916,0.20890838
16.25,85.25,0.20889275,0.79110724
16.25,85.5,0.20849094,0.79150903
16.25,85.75,0.20869637,0.79130363
16.25,86.0,0.20857202,0.79142797
16.25,86.25,0.20857202,0.79142797
16.25,86.5,0.7906561,0.20934391
16.25,86.75,0.79101604,0.20898396
16.25,87.0,0.7911432,0.20885682
16.25,87.25,0.79091096,0.20908904
16.25,87.5,0.79107726,0.20892274
16.25,87.75,0.7913876,0.20861238
16.25,88.0,0.7912439,0.20875609
16.25,88.25,0.79204303,0.20795697
16.25,88.5,0.79145825,0.20854175
16.25,88.75,0.79145825,0.20854175
16.25,89.0,0.79145825,0.20854175
16.25,89.25,0.7919782,0.20802182
16.25,89.5,0.7921367,0.20786327
16.25,89.75,0.7919946,0.20800543
16.25,90.0,0.7908069,0.20919311
16.25,90.25,0.791231,0.20876902
16.25,90.5,0.79144514,0.20855486
16.25,90.75,0.79173136,0.20826864
16.25,91.0,0.7909377,0.20906228
16.25,91.25,0.7914983,0.2085017
16.25,91.5,0.7914983,0.2085017
16.25,91.75,0.79139197,0.20860803
16.25,92.0,0.79135525,0.20864475
16.25,92.25,0.79184186,0.20815814
16.25,92.5,0.792056,0.20794398
16.25,92.75,0.79135525,0.20864475
16.25,93.0,0.79115474,0.20884526
16.25,93.25,0.7911215,0.20887852
16.25,93.5,0.79176813,0.20823187
16.25,93.75,0.79176813,0.20823187
16.25,94.0,0.79176813,0.20823187
16.25,94.25,0.79119575,0.20880425
16.25,94.5,0.20736259,0.7926374
16.25,94.75,0.20696491,0.7930351
16.25,95.0,0.20741954,0.7925805
16.25,95.25,0.20728798,0.79271203
16.25,95.5,0.20728798,0.79271203
16.25,95.75,0.79103434,0.20896566
16.25,96.0,0.7918281,0.2081719
16.5,68.0,0.79141444,0.20858556
16.5,68.25,0.79146373,0.20853627
16.5,68.5,0.79021025,0.20978975
16.5,68.75,0.79066974,0.20933026
16.5,69.0,0.7902094,0.20979059
16.5,69.25,0.790301,0.20969898
16.5,69.5,0.7908291,0.20917088
16.5,69.75,0.7904631,0.20953691
16.5,70.0,0.7905969,0.2094031
16.5,70.25,0.79040533,0.20959467
16.5,70.5,0.7902094,0.20979059
16.5,70.75,0.7902807,0.2097193
16.5,71.0,0.790301,0.20969898
16.5,71.25,0.7910234,0.20897663
16.5,71.5,0.79116553,0.20883447
16.5,71.75,0.79035574,0.20964426
16.5,72.0,0.79028445,0.20971555
16.5,72.25,0.79028445,0.20971555
16.5,72.5,0.79125047,0.20874953
16.5,72.75,0.7911157,0.2088843
16.5,73.0,0.7914611,0.20853889
16.5,73.25,0.79093844,0.20906156
16.5,73.5,0.7913766,0.20862341
16.5,73.75,0.7913766,0.20862341
16.5,74.0,0.7900219,0.2099781
16.5,74.25,0.20923428,0.7907657
16.5,74.5,0.20965275,0.7903472
16.5,74.75,0.20964694,0.79035306
16.5,75.0,0.20842372,0.79157627
16.5,75.25,0.20901626,0.79098374
16.5,75.5,0.20901626,0.79098374
16.5,75.75,0.20901626,0.79098374
16.5,76.0,0.20931697,0.79068303
16.5,76.25,0.21101126,0.7889887
16.5,76.5,0.21101126,0.7889887
16.5,76.75,0.21084209,0.7891579
16.5,77.0,0.21016808,0.78983194
16.5,77.25,0.7907373,0.20926273
16.5,77.5,0.790778,0.20922202
16.5,77.75,0.21086253,0.7891375
16.5,78.0,0.2098994,0.7901006
16.5,78.25,0.21055706,0.78944296
16.5,78.5,0.2122487,0.7877513
16.5,78.75,0.2141779,0.7858221
16.5,79.0,0.21130733,0.78869265
16.5,79.25,0.21151206,0.7884879
16.5,79.5,0.21215746,0.7878425
16.5,79.75,0.21173821,0.7882618
16.5,80.0,0.21314573,0.78685427
16.5,80.25,0.21173821,0.7882618
16.5,80.5,0.21321274,0.7867873
16.5,80.75,0.79062176,0.20937824
16.5,81.0,0.7918043,0.20819569
16.5,81.25,0.79146296,0.20853704
16.5,81.5,0.79135895,0.20864105
16.5,81.75,0.7923948,0.20760518
16.5,82.0,0.7917158,0.2082842
16.5,82.25,0.79121727,0.20878273
16.5,82.5,0.2081588,0.7918412
16.5,82.75,0.2093575,0.7906425
16.5,83.0,0.7910259,0.20897412
16.5,83.25,0.79128253,0.20871747
16.5,83.5,0.79144883,0.20855117
16.5,83.75,0.7915188,0.2084812
16.5,84.0,0.7914057,0.20859432
16.5,84.25,0.791283,0.20871699
16.5,84.5,0.79152876,0.20847124
16.5,84.75,0.789973,0.21002698
16.5,85.0,0.20874164,0.79125834
16.5,85.25,0.20869637,0.79130363
16.5,85.5,0.20869637,0.79130363
16.5,85.75,0.2083855,0.79161453
16.5,86.0,0.7906366,0.2093634
16.5,86.25,0.7909769,0.20902312
16.5,86.5,0.79090405,0.20909595
16.5,86.75,0.79094476,0.20905524
16.5,87.0,0.7909769,0.20902312
16.5,87.25,0.789622,0.21037799
16.5,87.5,0.7910168,0.20898318
16.5,87.75,0.7909761,0.2090239
16.5,88.0,0.791159,0.20884103
16.5,88.25,0.79204303,0.20795697
16.5,88.5,0.79145825,0.20854175
16.5,88.75,0.79138696,0.20861304
16.5,89.0,0.79138696,0.20861304
16.5,89.25,0.7919765,0.20802349
16.5,89.5,0.79206586,0.20793414
16.5,89.75,0.791231,0.20876902
16.5,90.0,0.21035653,0.78964347
16.5,90.25,0.2100752,0.7899248
16.5,90.5,0.7907662,0.20923382
16.5,90.75,0.7913302,0.20866978
16.5,91.0,0.7912203,0.2087797
16.5,91.25,0.79155624,0.20844376
16.5,91.5,0.7921733,0.20782667
16.5,91.75,0.79166293,0.20833707
16.5,92.0,0.79135525,0.20864475
16.5,92.25,0.79184186,0.20815814
16.5,92.5,0.792056,0.20794398
16.5,92.75,0.79171157,0.20828843
16.5,93.0,0.79147524,0.20852476
16.5,93.25,0.79147524,0.20852476
16.5,93.5,0.791626,0.20837402
16.5,93.75,0.7911757,0.20882428
16.5,94.0,0.7910195,0.2089805
16.5,94.25,0.7913219,0.20867813
16.5,94.5,0.20736259,0.7926374
16.5,94.75,0.2070659,0.7929341
16.5,95.0,0.20728798,0.79271203
16.5,95.25,0.20728798,0.79271203
16.5,95.5,0.20769079,0.7923092
16.5,95.75,0.20698112,0.7930189
16.5,96.0,0.7913536,0.20864642
16.75,68.0,0.7912316,0.20876843
16.75,68.25,0.79149586,0.20850414
16.75,68.5,0.79109776,0.20890224
16.75,68.75,0.79024553,0.20975447
16.75,69.0,0.79040915,0.20959085
16.75,69.25,0.7901616,0.20983839
16.75,69.5,0.79201543,0.20798457
16.75,69.75,0.79108053,0.20891947
16.75,70.0,0.790532,0.209468
16.75,70.25,0.7901616,0.20983839
16.75,70.5,0.7900888,0.20991123
16.75,70.75,0.790301,0.20969898
16.75,71.0,0.790532,0.209468
16.75,71.25,0.790532,0.209468
16.75,71.5,0.790532,0.209468
16.75,71.75,0.790532,0.209468
16.75,72.0,0.79067487,0.20932513
16.75,72.25,0.79109424,0.20890576
16.75,72.5,0.7904407,0.20955932
16.75,72.75,0.7911157,0.2088843
16.75,73.0,0.791913,0.20808703
16.75,73.25,0.79127276,0.20872724
16.75,73.5,0.7908047,0.20919532
16.75,73.75,0.7912437,0.20875633
16.75,74.0,0.78986377,0.21013623
16.75,74.25,0.20867921,0.7913208
16.75,74.5,0.20857456,0.79142547
16.75,74.75,0.20781757,0.79218245
16.75,75.0,0.20901626,0.79098374
16.75,75.25,0.20964694,0.79035306
16.75,75.5,0.20957133,0.79042864
16.75,75.75,0.21033181,0.7896682
16.75,76.0,0.2095697,0.7904303
16.75,76.25,0.20989776,0.79010224
16.75,76.5,0.20950836,0.79049164
16.75,76.75,0.21046619,0.7895338
16.75,77.0,0.7912554,0.20874459
16.75,77.25,0.7913588,0.20864117
16.75,77.5,0.79128754,0.20871246
16.75,77.75,0.2108187,0.7891813
16.75,78.0,0.20946282,0.7905372
16.75,78.25,0.21048233,0.78951764
16.75,78.5,0.21295038,0.78704965
16.75,78.75,0.21191701,0.78808296
16.75,79.0,0.21127081,0.7887292
16.75,79.25,0.20722935,0.7927706
16.75,79.5,0.212709,0.787291
16.75,79.75,0.21243775,0.78756225
16.75,80.0,0.21283486,0.78716516
16.75,80.25,0.21321274,0.7867873
16.75,80.5,0.21160665,0.7883934
16.75,80.75,0.21188994,0.7881101
16.75,81.0,0.7904116,0.20958841
16.75,81.25,0.7917876,0.20821238
16.75,81.5,0.791866,0.208134
16.75,81.75,0.7920748,0.2079252
16.75,82.0,0.7907916,0.20920843
16.75,82.25,0.7922203,0.2077797
16.75,82.5,0.7913538,0.20864618
16.75,82.75,0.20953791,0.7904621
16.75,83.0,0.2098872,0.7901128
16.75,83.25,0.79083383,0.20916617
16.75,83.5,0.79158,0.20841998
16.75,83.75,0.7914782,0.20852178
16.75,84.0,0.79137665,0.20862335
16.75,84.25,0.79137665,0.20862335
16.75,84.5,0.79110277,0.20889723
16.75,84.75,0.79113907,0.20886093
16.75,85.0,0.79073167,0.20926833
16.75,85.25,0.20807938,0.7919206
16.75,85.5,0.20729274,0.79270726
16.75,85.75,0.20775525,0.79224473
16.75,86.0,0.7903354,0.20966458
16.75,86.25,0.7899814,0.21001858
16.75,86.5,0.20781131,0.7921887
16.75,86.75,0.20809945,0.7919005
16.75,87.0,0.7907274,0.20927262
16.75,87.25,0.79106617,0.20893383
16.75,87.5,0.79091096,0.20908904
16.75,87.75,0.79156387,0.20843613
16.75,88.0,0.79156387,0.20843613
16.75,88.25,0.7918764,0.20812362
16.75,88.5,0.7917782,0.2082218
16.75,88.75,0.79111916,0.20888084
16.75,89.0,0.79160196,0.20839804
16.75,89.25,0.7918115,0.20818847
16.75,89.5,0.79181457,0.20818543
16.75,89.75,0.79130226,0.20869774
16.75,90.0,0.21050163,0.7894984
16.75,90.25,0.2100752,0.7899248
16.75,90.5,0.20951149,0.7904885
16.75,90.75,0.79131544,0.20868456
16.75,91.0,0.7913565,0.2086435
16.75,91.25,0.79151833,0.20848167
16.75,91.5,0.7920171,0.2079829
16.75,91.75,0.7913421,0.20865792
16.75,92.0,0.791199,0.20880097
16.75,92.25,0.79105365,0.20894635
16.75,92.5,0.792056,0.20794398
16.75,92.75,0.7914631,0.20853692
16.75,93.0,0.79147524,0.20852476
16.75,93.25,0.7911757,0.20882428
16.75,93.5,0.7916174,0.2083826
16.75,93.75,0.7910195,0.2089805
16.75,94.0,0.79129267,0.20870733
16.75,94.25,0.7913626,0.20863742
16.75,94.5,0.7903229,0.2096771
16.75,94.75,0.20682347,0.79317653
16.75,95.0,0.20698944,0.7930106
16.75,95.25,0.20741954,0.7925805
16.75,95.5,0.20728798,0.79271203
16.75,95.75,0.20769079,0.7923092
16.75,96.0,0.20917502,0.790825
17.0,68.0,0.79170036,0.20829964
17.0,68.25,0.79154456,0.20845544
17.0,68.5,0.79149586,0.20850414
17.0,68.75,0.7903961,0.2096039
17.0,69.0,0.7902118,0.2097882
17.0,69.25,0.7908794,0.20912057
17.0,69.5,0.7912729,0.20872712
17.0,69.75,0.79108053,0.20891947
17.0,70.0,0.7908291,0.20917088
17.0,70.25,0.7902103,0.2097897
17.0,70.5,0.7902103,0.2097897
17.0,70.75,0.7904129,0.2095871
17.0,71.0,0.7904607,0.2095393
17.0,71.25,0.79029727,0.20970273
17.0,71.5,0.79029727,0.20970273
17.0,71.75,0.79029727,0.20970273
17.0,72.0,0.7904607,0.2095393
17.0,72.25,0.7911083,0.20889169
17.0,72.5,0.79125047,0.20874953
17.0,72.75,0.7911157,0.2088843
17.0,73.0,0.79101086,0.20898914
17.0,73.25,0.79127026,0.20872974
17.0,73.5,0.7909142,0.20908582
17.0,73.75,0.79058325,0.20941675
17.0,74.0,0.78991514,0.21008486
17.0,74.25,0.2092247,0.7907753
17.0,74.5,0.20867921,0.7913208
17.0,74.75,0.2087619,0.79123807
17.0,75.0,0.20925546,0.79074454
17.0,75.25,0.21022163,0.78977835
17.0,75.5,0.2087385,0.7912615
17.0,75.75,0.20837264,0.79162735
17.0,76.0,0.2106832,0.7893168
17.0,76.25,0.21101126,0.7889887
17.0,76.5,0.21101126,0.7889887
17.0,76.75,0.21086253,0.7891375
17.0,77.0,0.21016808,0.78983194
17.0,77.25,0.20907357,0.79092646
17.0,77.5,0.20989776,0.79010224
17.0,77.75,0.20989776,0.79010224
17.0,78.0,0.2098142,0.7901858
17.0,78.25,0.21145587,0.7885441
17.0,78.5,0.2116418,0.7883582
17.0,78.75,0.21164781,0.7883522
17.0,79.0,0.21065143,0.7893486
17.0,79.25,0.2112824,0.7887176
17.0,79.5,0.21218674,0.78781325
17.0,79.75,0.21183439,0.7881656
17.0,80.0,0.21128358,0.78871644
17.0,80.25,0.789849,0.21015102
17.0,80.5,0.789849,0.21015102
17.0,80.75,0.79017717,0.20982283
17.0,81.0,0.7917302,0.20826977
17.0,81.25,0.7920686,0.2079314
17.0,81.5,0.791866,0.208134
17.0,81.75,0.7919245,0.20807552
17.0,82.0,0.79222286,0.20777714
17.0,82.25,0.7915652,0.20843482
17.0,82.5,0.79101354,0.20898646
17.0,82.75,0.20989472,0.7901053
17.0,83.0,0.20958021,0.7904198
17.0,83.25,0.20954369,0.7904563
17.0,83.5,0.79087454,0.20912546
17.0,83.75,0.79126173,0.20873827
17.0,84.0,0.79122543,0.20877457
17.0,84.25,0.79117405,0.20882595
17.0,84.5,0.79130536,0.20869464
17.0,84.75,0.79130536,0.20869464
17.0,85.0,0.79232967,0.20767033
17.0,85.25,0.7902682,0.20973182
17.0,85.5,0.7901436,0.20985639
17.0,85.75,0.7902874,0.20971262
17.0,86.0,0.79126894,0.20873106
17.0,86.25,0.79025674,0.20974326
17.0,86.5,0.20752497,0.79247504
17.0,86.75,0.20735787,0.7926421
17.0,87.0,0.20854779,0.7914522
17.0,87.25,0.20898436,0.7910156
17.0,87.5,0.79112166,0.20887834
17.0,87.75,0.79107726,0.20892274
17.0,88.0,0.7911069,0.20889312
17.0,88.25,0.7936581,0.20634192
17.0,88.5,0.791089,0.208911
17.0,88.75,0.791089,0.208911
17.0,89.0,0.7910403,0.2089597
17.0,89.25,0.79097664,0.20902336
17.0,89.5,0.7917433,0.20825672
17.0,89.75,0.791231,0.20876902
17.0,90.0,0.791231,0.20876902
17.0,90.25,0.791231,0.20876902
17.0,90.5,0.7904077,0.20959228
17.0,90.75,0.7903628,0.20963722
17.0,91.0,0.7912671,0.2087329
17.0,91.25,0.79164296,0.20835704
17.0,91.5,0.79151833,0.20848167
17.0,91.75,0.792318,0.20768201
17.0,92.0,0.791199,0.20880097
17.0,92.25,0.792056,0.20794398
17.0,92.5,0.79184186,0.20815814
17.0,92.75,0.7912678,0.20873219
17.0,93.0,0.7916984,0.2083016
17.0,93.25,0.79147524,0.20852476
17.0,93.5,0.791319,0.20868099
17.0,93.75,0.7908716,0.20912838
17.0,94.0,0.790961,0.20903897
17.0,94.25,0.79099315,0.20900685
17.0,94.5,0.79119575,0.20880425
17.0,94.75,0.79152197,0.20847803
17.0,95.0,0.20679551,0.7932045
17.0,95.25,0.20698944,0.7930106
17.0,95.5,0.20698944,0.7930106
17.0,95.75,0.20741954,0.7925805
17.0,96.0,0.20917502,0.790825
17.25,68.0,0.79149586,0.20850414
17.25,68.25,0.7924148,0.20758522
17.25,68.5,0.79174715,0.20825285
17.25,68.75,0.7909566,0.20904338
17.25,69.0,0.7906099,0.2093901
17.25,69.25,0.7902118,0.2097882
17.25,69.5,0.7904631,0.20953691
17.25,69.75,0.7904631,0.20953691
17.25,70.0,0.79161733,0.20838267
17.25,70.25,0.7904129,0.2095871
17.25,70.5,0.790532,0.209468
17.25,70.75,0.79035574,0.20964426
17.25,71.0,0.7904129,0.2095871
17.25,71.25,0.79020786,0.20979214
17.25,71.5,0.7902486,0.20975143
17.25,71.75,0.790226,0.20977402
17.25,72.0,0.7904607,0.2095393
17.25,72.25,0.79116553,0.20883447
17.25,72.5,0.7908067,0.20919329
17.25,72.75,0.79033434,0.20966566
17.25,73.0,0.791913,0.20808703
17.25,73.25,0.7911195,0.20888048
17.25,73.5,0.7911763,0.20882368
17.25,73.75,0.79148537,0.20851463
17.25,74.0,0.7904288,0.20957118
17.25,74.25,0.20794304,0.792057
17.25,74.5,0.20803559,0.7919644
17.25,74.75,0.20964694,0.79035306
17.25,75.0,0.21049063,0.78950936
17.25,75.25,0.21076839,0.7892316
17.25,75.5,0.2103653,0.7896347
17.25,75.75,0.2106832,0.7893168
17.25,76.0,0.20957133,0.79042864
17.25,76.25,0.20962164,0.79037833
17.25,76.5,0.20865852,0.7913415
17.25,76.75,0.21084209,0.7891579
17.25,77.0,0.21094772,0.78905225
17.25,77.25,0.20989776,0.79010224
17.25,77.5,0.20896938,0.79103065
17.25,77.75,0.21094772,0.78905225
17.25,78.0,0.20988981,0.7901102
17.25,78.25,0.20908965,0.79091036
17.25,78.5,0.21016094,0.789839
17.25,78.75,0.21191701,0.78808296
17.25,79.0,0.21202697,0.78797305
17.25,79.25,0.2119324,0.7880676
17.25,79.5,0.21392557,0.7860744
17.25,79.75,0.21392557,0.7860744
17.25,80.0,0.21173821,0.7882618
17.25,80.25,0.7910979,0.20890212
17.25,80.5,0.7916202,0.2083798
17.25,80.75,0.7915839,0.2084161
17.25,81.0,0.79196936,0.20803064
17.25,81.25,0.7919245,0.20807552
17.25,81.5,0.7919245,0.20807552
17.25,81.75,0.7911634,0.20883662
17.25,82.0,0.790948,0.20905203
17.25,82.25,0.20825344,0.79174656
17.25,82.5,0.20981124,0.7901888
17.25,82.75,0.21069387,0.78930616
17.25,83.0,0.21990328,0.7800967
17.25,83.25,0.20965582,0.7903442
17.25,83.5,0.7892586,0.2107414
17.25,83.75,0.7915188,0.2084812
17.25,84.0,0.791792,0.20820802
17.25,84.25,0.79130536,0.20869464
17.25,84.5,0.79130536,0.20869464
17.25,84.75,0.79130536,0.20869464
17.25,85.0,0.7915195,0.20848048
17.25,85.25,0.79146767,0.20853233
17.25,85.5,0.7914311,0.20856887
17.25,85.75,0.7912848,0.2087152
17.25,86.0,0.79127336,0.20872664
17.25,86.25,0.7911182,0.2088818
17.25,86.5,0.20781131,0.7921887
17.25,86.75,0.20840491,0.7915951
17.25,87.0,0.20889917,0.79110086
17.25,87.25,0.20873,0.79127
17.25,87.5,0.7911069,0.20889312
17.25,87.75,0.79094595,0.20905405
17.25,88.0,0.79051745,0.20948255
17.25,88.25,0.20879816,0.79120183
17.25,88.5,0.79109365,0.20890635
17.25,88.75,0.7910403,0.2089597
17.25,89.0,0.7905449,0.20945507
17.25,89.25,0.21014746,0.78985256
17.25,89.5,0.7908069,0.20919311
17.25,89.75,0.7913556,0.20864439
17.25,90.0,0.7904077,0.20959228
17.25,90.25,0.791231,0.20876902
17.25,90.5,0.20977709,0.7902229
17.25,90.75,0.2088925,0.79110754
17.25,91.0,0.7913078,0.2086922
17.25,91.25,0.79126704,0.20873296
17.25,91.5,0.79164296,0.20835704
17.25,91.75,0.79123574,0.20876426
17.25,92.0,0.791199,0.20880097
17.25,92.25,0.7911116,0.20888841
17.25,92.5,0.7916965,0.20830351
17.25,92.75,0.79191065,0.20808935
17.25,93.0,0.791626,0.20837402
17.25,93.25,0.79149526,0.20850474
17.25,93.5,0.79091233,0.20908767
17.25,93.75,0.7902439,0.20975608
17.25,94.0,0.7901124,0.20988762
17.25,94.25,0.7913706,0.20862943
17.25,94.5,0.791646,0.208354
17.25,94.75,0.79098713,0.20901287
17.25,95.0,0.20698944,0.7930106
17.25,95.25,0.20741954,0.7925805
17.25,95.5,0.20696491,0.7930351
17.25,95.75,0.20741954,0.7925805
17.25,96.0,0.79200906,0.20799094
17.5,68.0,0.79170036,0.20829964
17.5,68.25,0.7920451,0.20795488
17.5,68.5,0.7924148,0.20758522
17.5,68.75,0.7911592,0.20884079
17.5,69.0,0.7915288,0.20847118
17.5,69.25,0.7915288,0.20847118
17.5,69.5,0.7904631,0.20953691
17.5,69.75,0.7911307,0.20886928
17.5,70.0,0.7904631,0.20953691
17.5,70.25,0.7904129,0.2095871
17.5,70.5,0.7904129,0.2095871
17.5,70.75,0.7904129,0.2095871
17.5,71.0,0.7904129,0.2095871
17.5,71.25,0.7901366,0.20986342
17.5,71.5,0.7903488,0.20965117
17.5,71.75,0.790532,0.209468
17.5,72.0,0.79035574,0.20964426
17.5,72.25,0.79132175,0.20867825
17.5,72.5,0.7908067,0.20919329
17.5,72.75,0.79125047,0.20874953
17.5,73.0,0.791913,0.20808703
17.5,73.25,0.7910117,0.20898831
17.5,73.5,0.7919009,0.20809913
17.5,73.75,0.79058325,0.20941675
17.5,74.0,0.7907101,0.20928991
17.5,74.25,0.20891657,0.79108346
17.5,74.5,0.2080195,0.7919805
17.5,74.75,0.20901626,0.79098374
17.5,75.0,0.2106832,0.7893168
17.5,75.25,0.21051402,0.789486
17.5,75.5,0.21053447,0.78946555
17.5,75.75,0.2106832,0.7893168
17.5,76.0,0.20957133,0.79042864
17.5,76.25,0.21046619,0.7895338
17.5,76.5,0.7904707,0.20952928
17.5,76.75,0.7911115,0.20888847
17.5,77.0,0.20907143,0.7909286
17.5,77.25,0.21084209,0.7891579
17.5,77.5,0.2108187,0.7891813
17.5,77.75,0.2098142,0.7901858
17.5,78.0,0.20934433,0.7906557
17.5,78.25,0.2100635,0.7899365
17.5,78.5,0.20849201,0.79150796
17.5,78.75,0.21149854,0.78850144
17.5,79.0,0.2117258,0.78827417
17.5,79.25,0.21170789,0.7882921
17.5,79.5,0.21330048,0.78669953
17.5,79.75,0.21422368,0.7857763
17.5,80.0,0.21365997,0.78634
17.5,80.25,0.7913653,0.20863467
17.5,80.5,0.79164237,0.20835763
17.5,80.75,0.79194933,0.20805067
17.5,81.0,0.79164773,0.20835227
17.5,81.25,0.79192066,0.20807934
17.5,81.5,0.79177374,0.20822626
17.5,81.75,0.790948,0.20905203
17.5,82.0,0.21028042,0.7897196
17.5,82.25,0.20918548,0.7908145
17.5,82.5,0.21024781,0.7897522
17.5,82.75,0.20981124,0.7901888
17.5,83.0,0.20971803,0.79028195
17.5,83.25,0.21700424,0.78299576
17.5,83.5,0.7910874,0.20891261
17.5,83.75,0.7909309,0.20906907
17.5,84.0,0.791686,0.208314
17.5,84.25,0.79134256,0.20865744
17.5,84.5,0.79130536,0.20869464
17.5,84.75,0.7911291,0.20887089
17.5,85.0,0.79130536,0.20869464
17.5,85.25,0.79130536,0.20869464
17.5,85.5,0.7910537,0.20894629
17.5,85.75,0.7916434,0.20835662
17.5,86.0,0.792204,0.20779598
17.5,86.25,0.7906561,0.20934391
17.5,86.5,0.20750044,0.79249954
17.5,86.75,0.20735787,0.7926421
17.5,87.0,0.20855787,0.79144216
17.5,87.25,0.20883563,0.7911644
17.5,87.5,0.79051745,0.20948255
17.5,87.75,0.7911069,0.20889312
17.5,88.0,0.20939289,0.7906071
17.5,88.25,0.20905252,0.7909475
17.5,88.5,0.790969,0.20903099
17.5,88.75,0.7910177,0.20898229
17.5,89.0,0.7910177,0.20898229
17.5,89.25,0.79055256,0.20944744
17.5,89.5,0.21025307,0.78974694
17.5,89.75,0.20982236,0.79017764
17.5,90.0,0.20982236,0.79017764
17.5,90.25,0.20990755,0.79009247
17.5,90.5,0.20951149,0.7904885
17.5,90.75,0.2096532,0.7903468
17.5,91.0,0.7911832,0.20881683
17.5,91.25,0.7917325,0.20826751
17.5,91.5,0.7917325,0.20826751
17.5,91.75,0.7917325,0.20826751
17.5,92.0,0.7914132,0.20858681
17.5,92.25,0.79120284,0.20879716
17.5,92.5,0.7917561,0.2082439
17.5,92.75,0.792056,0.20794398
17.5,93.0,0.79146975,0.20853025
17.5,93.25,0.79117113,0.20882887
17.5,93.5,0.7914113,0.20858872
17.5,93.75,0.7913626,0.20863742
17.5,94.0,0.79039466,0.20960534
17.5,94.25,0.7913219,0.20867813
17.5,94.5,0.7913219,0.20867813
17.5,94.75,0.20741954,0.7925805
17.5,95.0,0.20741954,0.7925805
17.5,95.25,0.20741954,0.7925805
17.5,95.5,0.20741954,0.7925805
17.5,95.75,0.7907577,0.20924228
17.5,96.0,0.7919769,0.20802307
17.75,68.0,0.79170036,0.20829964
17.75,68.25,0.79154456,0.20845544
17.75,68.5,0.79154456,0.20845544
17.75,68.75,0.7915709,0.2084291
17.75,69.0,0.79135257,0.20864743
17.75,69.25,0.791671,0.20832902
17.75,69.5,0.7904129,0.2095871
17.75,69.75,0.7904631,0.20953691
17.75,70.0,0.7904631,0.20953691
17.75,70.25,0.7904129,0.2095871
17.75,70.5,0.790532,0.209468
17.75,70.75,0.7904129,0.2095871
17.75,71.0,0.7904129,0.2095871
17.75,71.25,0.7902103,0.2097897
17.75,71.5,0.7902103,0.2097897
17.75,71.75,0.79023665,0.20976335
17.75,72.0,0.7906027,0.20939732
17.75,72.25,0.7916662,0.20833379
17.75,72.5,0.7911121,0.20888788
17.75,72.75,0.79125047,0.20874953
17.75,73.0,0.791913,0.20808703
17.75,73.25,0.7907684,0.20923162
17.75,73.5,0.7919009,0.20809913
17.75,73.75,0.7914814,0.20851862
17.75,74.0,0.7904288,0.20957118
17.75,74.25,0.20923428,0.7907657
17.75,74.5,0.2092247,0.7907753
17.75,74.75,0.21076839,0.7892316
17.75,75.0,0.21053447,0.78946555
17.75,75.25,0.21076839,0.7892316
17.75,75.5,0.21051402,0.789486
17.75,75.75,0.21076839,0.7892316
17.75,76.0,0.20837264,0.79162735
17.75,76.25,0.2108187,0.7891813
17.75,76.5,0.791121,0.208879
17.75,76.75,0.78986377,0.21013623
17.75,77.0,0.20954517,0.79045486
17.75,77.25,0.21084209,0.7891579
17.75,77.5,0.21101126,0.7889887
17.75,77.75,0.21017502,0.78982496
17.75,78.0,0.21179356,0.78820646
17.75,78.25,0.2098142,0.7901858
17.75,78.5,0.2113345,0.78866553
17.75,78.75,0.21231568,0.7876843
17.75,79.0,0.2117258,0.78827417
17.75,79.25,0.21185736,0.7881426
17.75,79.5,0.21325521,0.7867448
17.75,79.75,0.21596904,0.784031
17.75,80.0,0.21426895,0.7857311
17.75,80.25,0.7913653,0.20863467
17.75,80.5,0.7922852,0.2077148
17.75,80.75,0.7918951,0.20810491
17.75,81.0,0.7918013,0.20819873
17.75,81.25,0.7920807,0.2079193
17.75,81.5,0.7917358,0.20826417
17.75,81.75,0.7918585,0.2081415
17.75,82.0,0.7915189,0.20848107
17.75,82.25,0.7912208,0.20877922
17.75,82.5,0.79078364,0.20921636
17.75,82.75,0.21042466,0.78957534
17.75,83.0,0.2098872,0.7901128
17.75,83.25,0.2087737,0.79122627
17.75,83.5,0.7915885,0.20841151
17.75,83.75,0.79097027,0.20902973
17.75,84.0,0.7916346,0.20836538
17.75,84.25,0.7916157,0.20838428
17.75,84.5,0.79130536,0.20869464
17.75,84.75,0.7914475,0.20855248
17.75,85.0,0.79107505,0.20892495
17.75,85.25,0.79137665,0.20862335
17.75,85.5,0.79113907,0.20886093
17.75,85.75,0.7912804,0.20871961
17.75,86.0,0.7908187,0.20918131
17.75,86.25,0.79126894,0.20873106
17.75,86.5,0.7911182,0.2088818
17.75,86.75,0.7907274,0.20927262
17.75,87.0,0.78989184,0.21010816
17.75,87.25,0.20796685,0.79203314
17.75,87.5,0.79044616,0.20955384
17.75,87.75,0.79091096,0.20908904
17.75,88.0,0.79044616,0.20955384
17.75,88.25,0.7937114,0.20628858
17.75,88.5,0.79109365,0.20890635
17.75,88.75,0.7912203,0.2087797
17.75,89.0,0.7912203,0.2087797
17.75,89.25,0.79102534,0.20897466
17.75,89.5,0.791231,0.20876902
17.75,89.75,0.7917433,0.20825672
17.75,90.0,0.79156977,0.20843023
17.75,90.25,0.79156977,0.20843023
17.75,90.5,0.7913556,0.20864439
17.75,90.75,0.79063016,0.20936984
17.75,91.0,0.79143447,0.20856553
17.75,91.25,0.791433,0.20856702
17.75,91.5,0.791433,0.20856702
17.75,91.75,0.7921725,0.20782751
17.75,92.0,0.7912899,0.20871007
17.75,92.25,0.79177654,0.20822346
17.75,92.5,0.7914132,0.20858681
17.75,92.75,0.7914132,0.20858681
17.75,93.0,0.791646,0.208354
17.75,93.25,0.79117113,0.20882887
17.75,93.5,0.79117113,0.20882887
17.75,93.75,0.7911589,0.20884109
17.75,94.0,0.79011935,0.20988065
17.75,94.25,0.7906241,0.20937592
17.75,94.5,0.79011935,0.20988065
17.75,94.75,0.20741954,0.7925805
17.75,95.0,0.20696491,0.7930351
17.75,95.25,0.20741954,0.7925805
17.75,95.5,0.20741954,0.7925805
17.75,95.75,0.20741954,0.7925805
17.75,96.0,0.79070395,0.20929605
18.0,68.0,0.79154456,0.20845544
18.0,68.25,0.79154456,0.20845544
18.0,68.5,0.79149586,0.20850414
18.0,68.75,0.7908758,0.20912421
18.0,69.0,0.7906586,0.2093414
18.0,69.25,0.7908612,0.20913881
18.0,69.5,0.7908612,0.20913881
18.0,69.75,0.7908612,0.20913881
18.0,70.0,0.7908612,0.20913881
18.0,70.25,0.7904631,0.20953691
18.0,70.5,0.7904129,0.2095871
18.0,70.75,0.7904129,0.2095871
18.0,71.0,0.7904631,0.20953691
18.0,71.25,0.7903512,0.20964879
18.0,71.5,0.7901295,0.20987052
18.0,71.75,0.7904129,0.2095871
18.0,72.0,0.79151,0.20849001
18.0,72.25,0.7911834,0.20881659
18.0,72.5,0.7913663,0.20863372
18.0,72.75,0.79125047,0.20874953
18.0,73.0,0.79076123,0.20923877
18.0,73.25,0.79090536,0.20909464
18.0,73.5,0.7910322,0.2089678
18.0,73.75,0.7904974,0.20950258
18.0,74.0,0.20872511,0.7912749
18.0,74.25,0.21034615,0.78965384
18.0,74.5,0.21034615,0.78965384
18.0,74.75,0.21022163,0.78977835
18.0,75.0,0.21053447,0.78946555
18.0,75.25,0.2106832,0.7893168
18.0,75.5,0.2106832,0.7893168
18.0,75.75,0.21051402,0.789486
18.0,76.0,0.7906794,0.2093206
18.0,76.25,0.79101825,0.20898175
18.0,76.5,0.7911617,0.20883828
18.0,76.75,0.7903516,0.20964837
18.0,77.0,0.21084209,0.7891579
18.0,77.25,0.21109645,0.78890353
18.0,77.5,0.20925914,0.79074085
18.0,77.75,0.21145587,0.7885441
18.0,78.0,0.21023268,0.7897673
18.0,78.25,0.2108057,0.7891943
18.0,78.5,0.2086854,0.7913146
18.0,78.75,0.21191701,0.78808296
18.0,79.0,0.2117258,0.78827417
18.0,79.25,0.21205075,0.78794926
18.0,79.5,0.21041715,0.78958285
18.0,79.75,0.21340394,0.78659606
18.0,80.0,0.21344921,0.78655076
18.0,80.25,0.7913653,0.20863467
18.0,80.5,0.7911975,0.20880252
18.0,80.75,0.79175675,0.20824325
18.0,81.0,0.7922852,0.2077148
18.0,81.25,0.7915374,0.2084626
18.0,81.5,0.7915596,0.20844042
18.0,81.75,0.7922024,0.20779759
18.0,82.0,0.7918585,0.2081415
18.0,82.25,0.7922447,0.20775533
18.0,82.5,0.7915819,0.20841807
18.0,82.75,0.79144216,0.20855784
18.0,83.0,0.7896795,0.21032047
18.0,83.25,0.7917029,0.20829707
18.0,83.5,0.7914052,0.2085948
18.0,83.75,0.7911265,0.20887351
18.0,84.0,0.7917362,0.20826381
18.0,84.25,0.791428,0.20857197
18.0,84.5,0.79137665,0.20862335
18.0,84.75,0.79137665,0.20862335
18.0,85.0,0.79139394,0.20860606
18.0,85.25,0.791792,0.20820802
18.0,85.5,0.79186326,0.20813674
18.0,85.75,0.79113907,0.20886093
18.0,86.0,0.79087025,0.20912975
18.0,86.25,0.79090405,0.20909595
18.0,86.5,0.79090846,0.20909154
18.0,86.75,0.7911182,0.2088818
18.0,87.0,0.78989184,0.21010816
18.0,87.25,0.20809945,0.7919005
18.0,87.5,0.20796685,0.79203314
18.0,87.75,0.7902121,0.2097879
18.0,88.0,0.79106617,0.20893383
18.0,88.25,0.79174507,0.20825493
18.0,88.5,0.7910177,0.20898229
18.0,88.75,0.7912203,0.2087797
18.0,89.0,0.7912203,0.2087797
18.0,89.25,0.79174024,0.20825976
18.0,89.5,0.791231,0.20876902
18.0,89.75,0.79200613,0.20799387
18.0,90.0,0.79340017,0.20659983
18.0,90.25,0.79220873,0.20779127
18.0,90.5,0.79220873,0.20779127
18.0,90.75,0.79131544,0.20868456
18.0,91.0,0.7913565,0.2086435
18.0,91.25,0.79180527,0.20819473
18.0,91.5,0.7913143,0.2086857
18.0,91.75,0.7912567,0.20874327
18.0,92.0,0.7911137,0.20888633
18.0,92.25,0.7911137,0.20888633
18.0,92.5,0.7926046,0.20739537
18.0,92.75,0.7915639,0.20843607
18.0,93.0,0.7913706,0.20862943
18.0,93.25,0.7906241,0.20937592
18.0,93.5,0.7906241,0.20937592
18.0,93.75,0.79039466,0.20960534
18.0,94.0,0.79016656,0.20983344
18.0,94.25,0.78997046,0.21002954
18.0,94.5,0.20880647,0.79119354
18.0,94.75,0.20769079,0.7923092
18.0,95.0,0.20728798,0.79271203
18.0,95.25,0.20741954,0.7925805
18.0,95.5,0.20696491,0.7930351
18.0,95.75,0.20741954,0.7925805
18.0,96.0,0.79098713,0.20901287
18.25,68.0,0.79149586,0.20850414
18.25,68.25,0.79149586,0.20850414
18.25,68.5,0.79149586,0.20850414
18.25,68.75,0.7908758,0.20912421
18.25,69.0,0.7906099,0.2093901
18.25,69.25,0.79057777,0.20942223
18.25,69.5,0.79057777,0.20942223
18.25,69.75,0.7907493,0.20925069
18.25,70.0,0.7908612,0.20913881
18.25,70.25,0.7908612,0.20913881
18.25,70.5,0.7904631,0.20953691
18.25,70.75,0.7904631,0.20953691
18.25,71.0,0.7904631,0.20953691
18.25,71.25,0.7908612,0.20913881
18.25,71.5,0.7911307,0.20886928
18.25,71.75,0.79161733,0.20838267
18.25,72.0,0.7915471,0.20845288
18.25,72.25,0.7910643,0.20893568
18.25,72.5,0.7916662,0.20833379
18.25,72.75,0.79125047,0.20874953
18.25,73.0,0.79086757,0.20913243
18.25,73.25,0.7912476,0.2087524
18.25,73.5,0.79169554,0.20830446
18.25,73.75,0.78991514,0.21008486
18.25,74.0,0.20905508,0.79094493
18.25,74.25,0.20914909,0.7908509
18.25,74.5,0.21043134,0.78956866
18.25,74.75,0.2106832,0.7893168
18.25,75.0,0.20893107,0.7910689
18.25,75.25,0.20939258,0.79060745
18.25,75.5,0.20880274,0.79119724
18.25,75.75,0.20957133,0.79042864
18.25,76.0,0.7904288,0.20957118
18.25,76.25,0.7910504,0.20894963
18.25,76.5,0.79130995,0.20869005
18.25,76.75,0.79110736,0.20889264
18.25,77.0,0.79087955,0.20912045
18.25,77.25,0.21084401,0.78915596
18.25,77.5,0.21023268,0.7897673
18.25,77.75,0.20972064,0.7902794
18.25,78.0,0.21114856,0.78885144
18.25,78.25,0.21145587,0.7885441
18.25,78.5,0.21140912,0.7885909
18.25,78.75,0.21851186,0.7814881
18.25,79.0,0.2117258,0.78827417
18.25,79.25,0.21205075,0.78794926
18.25,79.5,0.2130307,0.7869693
18.25,79.75,0.2135344,0.7864656
18.25,80.0,0.2123357,0.7876643
18.25,80.25,0.79111737,0.20888263
18.25,80.5,0.7915191,0.2084809
18.25,80.75,0.79158825,0.20841175
18.25,81.0,0.79207104,0.20792896
18.25,81.25,0.79156953,0.20843047
18.25,81.5,0.7918804,0.20811957
18.25,81.75,0.79185796,0.20814204
18.25,82.0,0.7915596,0.20844042
18.25,82.25,0.7915053,0.20849472
18.25,82.5,0.7915715,0.2084285
18.25,82.75,0.7916255,0.2083745
18.25,83.0,0.7915715,0.2084285
18.25,83.25,0.79139525,0.20860475
18.25,83.5,0.79165274,0.20834726
18.25,83.75,0.79137665,0.20862335
18.25,84.0,0.7916151,0.20838487
18.25,84.25,0.79137665,0.20862335
18.25,84.5,0.791428,0.20857197
18.25,84.75,0.7917384,0.20826161
18.25,85.0,0.7912556,0.2087444
18.25,85.25,0.79154164,0.20845836
18.25,85.5,0.79181087,0.20818913
18.25,85.75,0.7920395,0.20796049
18.25,86.0,0.7911432,0.20885682
18.25,86.25,0.7909669,0.20903307
18.25,86.5,0.7911432,0.20885682
18.25,86.75,0.7911432,0.20885682
18.25,87.0,0.7911015,0.20889848
18.25,87.25,0.20764421,0.7923558
18.25,87.5,0.20809945,0.7919005
18.25,87.75,0.20796685,0.79203314
18.25,88.0,0.20893805,0.79106194
18.25,88.25,0.79340327,0.20659673
18.25,88.5,0.79109365,0.20890635
18.25,88.75,0.7910177,0.20898229
18.25,89.0,0.79109365,0.20890635
18.25,89.25,0.79055256,0.20944744
18.25,89.5,0.7906808,0.20931917
18.25,89.75,0.79158455,0.20841545
18.25,90.0,0.7919092,0.20809078
18.25,90.25,0.7919092,0.20809078
18.25,90.5,0.79173297,0.20826703
18.25,90.75,0.7914421,0.2085579
18.25,91.0,0.7912596,0.20874041
18.25,91.25,0.79188323,0.20811677
18.25,91.5,0.79180527,0.20819473
18.25,91.75,0.791707,0.20829302
18.25,92.0,0.7911137,0.20888633
18.25,92.25,0.7915639,0.20843607
18.25,92.5,0.79172015,0.20827985
18.25,92.75,0.7916138,0.20838618
18.25,93.0,0.79150754,0.20849246
18.25,93.25,0.7914113,0.20858872
18.25,93.5,0.7913219,0.20867813
18.25,93.75,0.7907152,0.20928478
18.25,94.0,0.20866421,0.7913358
18.25,94.25,0.20692155,0.7930784
18.25,94.5,0.2066181,0.7933819
18.25,94.75,0.20698112,0.7930189
18.25,95.0,0.20728798,0.79271203
18.25,95.25,0.20741954,0.7925805
18.25,95.5,0.20741954,0.7925805
18.25,95.75,0.20741954,0.7925805
18.25,96.0,0.79098874,0.20901126
18.5,68.0,0.79174715,0.20825285
18.5,68.25,0.7924148,0.20758522
18.5,68.5,0.79255694,0.20744306
18.5,68.75,0.79231346,0.20768654
18.5,69.0,0.7908612,0.20913881
18.5,69.25,0.7906099,0.2093901
18.5,69.5,0.7906099,0.2093901
18.5,69.75,0.79057777,0.20942223
18.5,70.0,0.7908612,0.20913881
18.5,70.25,0.7906586,0.2093414
18.5,70.5,0.7906586,0.2093414
18.5,70.75,0.7907493,0.20925069
18.5,71.0,0.7902605,0.2097395
18.5,71.25,0.7902605,0.2097395
18.5,71.5,0.7904631,0.20953691
18.5,71.75,0.7910966,0.20890337
18.5,72.0,0.7915973,0.2084027
18.5,72.25,0.7915471,0.20845288
18.5,72.5,0.7916662,0.20833379
18.5,72.75,0.7904407,0.20955932
18.5,73.0,0.79088587,0.20911413
18.5,73.25,0.7907684,0.20923162
18.5,73.5,0.7906717,0.2093283
18.5,73.75,0.20882227,0.79117775
18.5,74.0,0.20914358,0.7908564
18.5,74.25,0.20956756,0.79043245
18.5,74.5,0.20923428,0.7907657
18.5,74.75,0.20931697,0.79068303
18.5,75.0,0.20891161,0.7910884
18.5,75.25,0.20781757,0.79218245
18.5,75.5,0.20781757,0.79218245
18.5,75.75,0.2085668,0.7914332
18.5,76.0,0.78991514,0.21008486
18.5,76.25,0.79093176,0.20906824
18.5,76.5,0.79136014,0.20863986
18.5,76.75,0.79119384,0.20880616
18.5,77.0,0.79083884,0.20916116
18.5,77.25,0.211113,0.788887
18.5,77.5,0.21149239,0.7885076
18.5,77.75,0.21145587,0.7885441
18.5,78.0,0.21114856,0.78885144
18.5,78.25,0.21189106,0.78810894
18.5,78.5,0.21336885,0.78663117
18.5,78.75,0.21857606,0.7814239
18.5,79.0,0.21278894,0.78721106
18.5,79.25,0.21205075,0.78794926
18.5,79.5,0.20956361,0.7904364
18.5,79.75,0.2135344,0.7864656
18.5,80.0,0.21328004,0.78672
18.5,80.25,0.21344385,0.7865561
18.5,80.5,0.79140604,0.20859396
18.5,80.75,0.7920915,0.20790851
18.5,81.0,0.7914991,0.20850092
18.5,81.25,0.79153323,0.20846677
18.5,81.5,0.7922737,0.2077263
18.5,81.75,0.7915596,0.20844042
18.5,82.0,0.7915596,0.20844042
18.5,82.25,0.7916565,0.2083435
18.5,82.5,0.791401,0.20859897
18.5,82.75,0.79144543,0.20855457
18.5,83.0,0.7913538,0.20864618
18.5,83.25,0.79134387,0.20865613
18.5,83.5,0.7915201,0.20847988
18.5,83.75,0.791687,0.20831299
18.5,84.0,0.7913119,0.20868808
18.5,84.25,0.7921622,0.20783782
18.5,84.5,0.7913058,0.20869422
18.5,84.75,0.7915947,0.20840532
18.5,85.0,0.7918422,0.20815778
18.5,85.25,0.79143846,0.20856154
18.5,85.5,0.7916346,0.20836538
18.5,85.75,0.791792,0.20820802
18.5,86.0,0.7911091,0.20889091
18.5,86.25,0.7909669,0.20903307
18.5,86.5,0.79145354,0.20854646
18.5,86.75,0.7909669,0.20903307
18.5,87.0,0.7915081,0.20849192
18.5,87.25,0.79141873,0.20858127
18.5,87.5,0.79007226,0.20992774
18.5,87.75,0.20778798,0.792212
18.5,88.0,0.20909478,0.79090524
18.5,88.25,0.20879816,0.79120183
18.5,88.5,0.20847665,0.79152334
18.5,88.75,0.7908568,0.20914322
18.5,89.0,0.20918512,0.7908149
18.5,89.25,0.7907667,0.20923328
18.5,89.5,0.7919092,0.20809078
18.5,89.75,0.7919092,0.20809078
18.5,90.0,0.7915959,0.20840412
18.5,90.25,0.7907726,0.20922738
18.5,90.5,0.7911456,0.20885438
18.5,90.75,0.79159284,0.20840716
18.5,91.0,0.79140896,0.20859104
18.5,91.25,0.791433,0.20856702
18.5,91.5,0.79188323,0.20811677
18.5,91.75,0.791707,0.20829302
18.5,92.0,0.7915805,0.2084195
18.5,92.25,0.7914883,0.20851171
18.5,92.5,0.7915721,0.2084279
18.5,92.75,0.79146576,0.20853424
18.5,93.0,0.79121536,0.20878464
18.5,93.25,0.79142475,0.20857525
18.5,93.5,0.7913467,0.20865327
18.5,93.75,0.790874,0.209126
18.5,94.0,0.78890043,0.21109957
18.5,94.25,0.78890043,0.21109957
18.5,94.5,0.20620845,0.79379153
18.5,94.75,0.20916949,0.7908305
18.5,95.0,0.20741954,0.7925805
18.5,95.25,0.20741954,0.7925805
18.5,95.5,0.20741954,0.7925805
18.5,95.75,0.20728798,0.79271203
18.5,96.0,0.20917502,0.790825
18.75,68.0,0.79255694,0.20744306
18.75,68.25,0.79174715,0.20825285
18.75,68.5,0.79174715,0.20825285
18.75,68.75,0.7911592,0.20884079
18.75,69.0,0.79201543,0.20798457
18.75,69.25,0.7912272,0.20877278
18.75,69.5,0.7908612,0.20913881
18.75,69.75,0.7908612,0.20913881
18.75,70.0,0.791671,0.20832902
18.75,70.25,0.7906529,0.20934713
18.75,70.5,0.79068494,0.20931506
18.75,70.75,0.7908612,0.20913881
18.75,71.0,0.7902605,0.2097395
18.75,71.25,0.7904631,0.20953691
18.75,71.5,0.79068494,0.20931506
18.75,71.75,0.79028684,0.20971316
18.75,72.0,0.79028684,0.20971316
18.75,72.25,0.79104644,0.20895356
18.75,72.5,0.79140174,0.20859826
18.75,72.75,0.7904407,0.20955932
18.75,73.0,0.7916988,0.20830119
18.75,73.25,0.7910438,0.20895618
18.75,73.5,0.7914814,0.20851862
18.75,73.75,0.20819159,0.7918084
18.75,74.0,0.20814665,0.79185337
18.75,74.25,0.20867921,0.7913208
18.75,74.5,0.20923428,0.7907657
18.75,74.75,0.20901626,0.79098374
18.75,75.0,0.2087619,0.79123807
18.75,75.25,0.20957133,0.79042864
18.75,75.5,0.7907296,0.20927042
18.75,75.75,0.79096806,0.20903194
18.75,76.0,0.7910002,0.20899981
18.75,76.25,0.7910141,0.20898592
18.75,76.5,0.7912822,0.20871782
18.75,76.75,0.79119384,0.20880616
18.75,77.0,0.79170793,0.20829207
18.75,77.25,0.21048233,0.78951764
18.75,77.5,0.21145587,0.7885441
18.75,77.75,0.21149239,0.7885076
18.75,78.0,0.21185453,0.7881455
18.75,78.25,0.21809904,0.78190094
18.75,78.5,0.21216494,0.78783506
18.75,78.75,0.21231568,0.7876843
18.75,79.0,0.21179,0.78821003
18.75,79.25,0.21208727,0.7879127
18.75,79.5,0.21341008,0.7865899
18.75,79.75,0.7897838,0.21021622
18.75,80.0,0.79143816,0.20856184
18.75,80.25,0.79150945,0.20849055
18.75,80.5,0.79150945,0.20849055
18.75,80.75,0.79167575,0.20832425
18.75,81.0,0.79160446,0.20839554
18.75,81.25,0.7917037,0.2082963
18.75,81.5,0.7915596,0.20844042
18.75,81.75,0.7917358,0.20826417
18.75,82.0,0.7917358,0.20826417
18.75,82.25,0.7913826,0.20861739
18.75,82.5,0.7915715,0.2084285
18.75,82.75,0.79208827,0.20791173
18.75,83.0,0.7915715,0.2084285
18.75,83.25,0.791486,0.20851398
18.75,83.5,0.7912726,0.20872742
18.75,83.75,0.79147035,0.20852965
18.75,84.0,0.79186326,0.20813674
18.75,84.25,0.7906295,0.2093705
18.75,84.5,0.7914782,0.20852178
18.75,84.75,0.79097027,0.20902973
18.75,85.0,0.7921343,0.20786572
18.75,85.25,0.79143846,0.20856154
18.75,85.5,0.7916346,0.20836538
18.75,85.75,0.7913092,0.20869082
18.75,86.0,0.7911849,0.2088151
18.75,86.25,0.7911091,0.20889091
18.75,86.5,0.7909669,0.20903307
18.75,86.75,0.7915081,0.20849192
18.75,87.0,0.7913696,0.20863038
18.75,87.25,0.7913383,0.20866168
18.75,87.5,0.790901,0.209099
18.75,87.75,0.79044616,0.20955384
18.75,88.0,0.20900959,0.7909904
18.75,88.25,0.20866922,0.7913308
18.75,88.5,0.2087544,0.7912456
18.75,88.75,0.79116493,0.20883507
18.75,89.0,0.79109365,0.20890635
18.75,89.25,0.7913302,0.20866978
18.75,89.5,0.79173297,0.20826703
18.75,89.75,0.7923254,0.20767462
18.75,90.0,0.7920514,0.20794863
18.75,90.25,0.79184717,0.20815283
18.75,90.5,0.7919092,0.20809078
18.75,90.75,0.79210514,0.20789486
18.75,91.0,0.79140896,0.20859104
18.75,91.25,0.791433,0.20856702
18.75,91.5,0.791707,0.20829302
18.75,91.75,0.7915589,0.20844108
18.75,92.0,0.7914126,0.20858741
18.75,92.25,0.7914126,0.20858741
18.75,92.5,0.7911278,0.2088722
18.75,92.75,0.79139876,0.20860124
18.75,93.0,0.79140794,0.20859206
18.75,93.25,0.79113656,0.20886344
18.75,93.5,0.79036355,0.20963645
18.75,93.75,0.79045725,0.20954275
18.75,94.0,0.78904295,0.21095705
18.75,94.25,0.78909075,0.21090925
18.75,94.5,0.78967106,0.21032894
18.75,94.75,0.20741954,0.7925805
18.75,95.0,0.20741954,0.7925805
18.75,95.25,0.20741954,0.7925805
18.75,95.5,0.20728798,0.79271203
18.75,95.75,0.20916949,0.7908305
18.75,96.0,0.20917502,0.790825
19.0,68.0,0.79160136,0.20839864
19.0,68.25,0.7924148,0.20758522
19.0,68.5,0.79174715,0.20825285
19.0,68.75,0.791969,0.208031
19.0,69.0,0.7912272,0.20877278
19.0,69.25,0.791051,0.20894903
19.0,69.5,0.79135257,0.20864743
19.0,69.75,0.791671,0.20832902
19.0,70.0,0.7912729,0.20872712
19.0,70.25,0.79028684,0.20971316
19.0,70.5,0.7908612,0.20913881
19.0,70.75,0.7904631,0.20953691
19.0,71.0,0.7904631,0.20953691
19.0,71.25,0.7908612,0.20913881
19.0,71.5,0.79028684,0.20971316
19.0,71.75,0.7904631,0.20953691
19.0,72.0,0.7904631,0.20953691
19.0,72.25,0.7904129,0.2095871
19.0,72.5,0.7909043,0.20909572
19.0,72.75,0.79028445,0.20971555
19.0,73.0,0.79091746,0.20908254
19.0,73.25,0.7910238,0.20897621
19.0,73.5,0.7918814,0.20811862
19.0,73.75,0.79101825,0.20898175
19.0,74.0,0.20927769,0.7907223
19.0,74.25,0.20886998,0.79113
19.0,74.5,0.20893182,0.7910682
19.0,74.75,0.21005988,0.7899401
19.0,75.0,0.20942768,0.7905723
19.0,75.25,0.21005988,0.7899401
19.0,75.5,0.20957379,0.7904262
19.0,75.75,0.79097754,0.20902246
19.0,76.0,0.7910504,0.20894963
19.0,76.25,0.7910504,0.20894963
19.0,76.5,0.79119384,0.20880616
19.0,76.75,0.79159194,0.20840806
19.0,77.0,0.79210603,0.20789397
19.0,77.25,0.79142827,0.20857173
19.0,77.5,0.21002392,0.78997606
19.0,77.75,0.21158998,0.78841
19.0,78.0,0.21198864,0.7880114
19.0,78.25,0.2116265,0.7883735
19.0,78.5,0.21181244,0.78818756
19.0,78.75,0.21003398,0.789966
19.0,79.0,0.21105504,0.78894496
19.0,79.25,0.21218486,0.78781515
19.0,79.5,0.21601287,0.78398716
19.0,79.75,0.21423368,0.7857663
19.0,80.0,0.7897838,0.21021622
19.0,80.25,0.79045814,0.20954186
19.0,80.5,0.79160446,0.20839554
19.0,80.75,0.7914282,0.20857179
19.0,81.0,0.7914282,0.20857179
19.0,81.25,0.7917358,0.20826417
19.0,81.5,0.79153323,0.20846677
19.0,81.75,0.7914967,0.2085033
19.0,82.0,0.79153323,0.20846677
19.0,82.25,0.7913868,0.20861322
19.0,82.5,0.79134387,0.20865613
19.0,82.75,0.7915039,0.2084961
19.0,83.0,0.7913175,0.20868248
19.0,83.25,0.7912726,0.20872742
19.0,83.5,0.79181373,0.20818627
19.0,83.75,0.7915195,0.20848048
19.0,84.0,0.79110694,0.20889306
19.0,84.25,0.7908183,0.20918173
19.0,84.5,0.78974056,0.21025944
19.0,84.75,0.7920997,0.20790029
19.0,85.0,0.7911465,0.20885348
19.0,85.25,0.79162127,0.20837873
19.0,85.5,0.79181087,0.20818913
19.0,85.75,0.79110277,0.20889723
19.0,86.0,0.7910578,0.20894217
19.0,86.25,0.7908816,0.20911843
19.0,86.5,0.7915081,0.20849192
19.0,86.75,0.7913721,0.20862788
19.0,87.0,0.7913318,0.20866817
19.0,87.25,0.7923066,0.2076934
19.0,87.5,0.7916088,0.20839119
19.0,87.75,0.79154277,0.20845723
19.0,88.0,0.79030186,0.20969814
19.0,88.25,0.20849246,0.79150754
19.0,88.5,0.20880333,0.7911967
19.0,88.75,0.7913078,0.2086922
19.0,89.0,0.79109365,0.20890635
19.0,89.25,0.7911013,0.20889872
19.0,89.5,0.79144514,0.20855486
19.0,89.75,0.7923595,0.20764053
19.0,90.0,0.79173297,0.20826703
19.0,90.25,0.7923595,0.20764053
19.0,90.5,0.79184717,0.20815283
19.0,90.75,0.7916208,0.20837921
19.0,91.0,0.7915852,0.2084148
19.0,91.25,0.79188323,0.20811677
19.0,91.5,0.79184914,0.20815086
19.0,91.75,0.791707,0.20829302
19.0,92.0,0.7917402,0.20825982
19.0,92.25,0.7915921,0.20840788
19.0,92.5,0.79162425,0.20837575
19.0,92.75,0.79162425,0.20837575
19.0,93.0,0.7913758,0.20862418
19.0,93.25,0.79050606,0.20949394
19.0,93.5,0.7899468,0.2100532
19.0,93.75,0.78904295,0.21095705
19.0,94.0,0.7893639,0.21063608
19.0,94.25,0.7907152,0.20928478
19.0,94.5,0.79080445,0.20919555
19.0,94.75,0.20777817,0.79222184
19.0,95.0,0.20790973,0.7920903
19.0,95.25,0.20818098,0.79181904
19.0,95.5,0.20965968,0.7903403
19.0,95.75,0.20965968,0.7903403
19.0,96.0,0.7905296,0.20947039
19.25,68.0,0.79174715,0.20825285
19.25,68.25,0.79154456,0.20845544
19.25,68.5,0.79174715,0.20825285
19.25,68.75,0.79180163,0.20819837
19.25,69.0,0.79201543,0.20798457
19.25,69.25,0.7915288,0.20847118
19.25,69.5,0.7908612,0.20913881
19.25,69.75,0.7906586,0.2093414
19.25,70.0,0.7907493,0.20925069
19.25,70.25,0.7906586,0.2093414
19.25,70.5,0.7902605,0.2097395
19.25,70.75,0.7908612,0.20913881
19.25,71.0,0.7908612,0.20913881
19.25,71.25,0.79028684,0.20971316
19.25,71.5,0.7908612,0.20913881
19.25,71.75,0.7904631,0.20953691
19.25,72.0,0.7904129,0.2095871
19.25,72.25,0.7904631,0.20953691
19.25,72.5,0.7904129,0.2095871
19.25,72.75,0.7901853,0.20981473
19.25,73.0,0.7908804,0.20911962
19.25,73.25,0.7910238,0.20897621
19.25,73.5,0.79091746,0.20908254
19.25,73.75,0.791913,0.20808703
19.25,74.0,0.7914122,0.20858783
19.25,74.25,0.20886998,0.79113
19.25,74.5,0.2093684,0.7906316
19.25,74.75,0.20926887,0.79073113
19.25,75.0,0.20959832,0.7904017
19.25,75.25,0.7906794,0.2093206
19.25,75.5,0.7904288,0.20957118
19.25,75.75,0.79101825,0.20898175
19.25,76.0,0.7908676,0.20913237
19.25,76.25,0.7914485,0.20855153
19.25,76.5,0.79159194,0.20840806
19.25,76.75,0.7906119,0.20938808
19.25,77.0,0.21093981,0.7890602
19.25,77.25,0.21146975,0.78853023
19.25,77.5,0.21246868,0.7875313
19.25,77.75,0.21065296,0.78934705
19.25,78.0,0.21045198,0.78954804
19.25,78.25,0.2116265,0.7883735
19.25,78.5,0.21177591,0.7882241
19.25,78.75,0.79029435,0.20970565
19.25,79.0,0.7914604,0.2085396
19.25,79.25,0.79170793,0.20829207
19.25,79.5,0.792295,0.20770502
19.25,79.75,0.78983516,0.21016484
19.25,80.0,0.21353805,0.78646195
19.25,80.25,0.7903852,0.20961481
19.25,80.5,0.7914003,0.20859969
19.25,80.75,0.79167575,0.20832425
19.25,81.0,0.79160446,0.20839554
19.25,81.25,0.79170173,0.20829827
19.25,81.5,0.791688,0.20831198
19.25,81.75,0.7916087,0.20839131
19.25,82.0,0.7915374,0.2084626
19.25,82.25,0.7913868,0.20861322
19.25,82.5,0.7914326,0.20856738
19.25,82.75,0.7916868,0.20831323
19.25,83.0,0.7913538,0.20864618
19.25,83.25,0.79073226,0.20926774
19.25,83.5,0.7904189,0.20958108
19.25,83.75,0.79064834,0.20935166
19.25,84.0,0.7908824,0.20911759
19.25,84.25,0.2092569,0.7907431
19.25,84.5,0.7901981,0.20980191
19.25,84.75,0.79043216,0.20956784
19.25,85.0,0.79212767,0.20787233
19.25,85.25,0.7914368,0.20856321
19.25,85.5,0.79126173,0.20873827
19.25,85.75,0.79107064,0.20892936
19.25,86.0,0.7910578,0.20894217
19.25,86.25,0.7915081,0.20849192
19.25,86.5,0.7915081,0.20849192
19.25,86.75,0.7913318,0.20866817
19.25,87.0,0.7910578,0.20894217
19.25,87.25,0.7914198,0.2085802
19.25,87.5,0.78986585,0.21013415
19.25,87.75,0.7917001,0.20829988
19.25,88.0,0.79154277,0.20845723
19.25,88.25,0.7940485,0.20595151
19.25,88.5,0.79121655,0.20878345
19.25,88.75,0.7905042,0.20949578
19.25,89.0,0.20880333,0.7911967
19.25,89.25,0.20922208,0.7907779
19.25,89.5,0.7906808,0.20931917
19.25,89.75,0.7917353,0.20826471
19.25,90.0,0.7919092,0.20809078
19.25,90.25,0.7913853,0.2086147
19.25,90.5,0.7916709,0.20832908
19.25,90.75,0.79210514,0.20789486
19.25,91.0,0.7915511,0.20844889
19.25,91.25,0.791707,0.20829302
19.25,91.5,0.791707,0.20829302
19.25,91.75,0.7915589,0.20844108
19.25,92.0,0.7914536,0.2085464
19.25,92.25,0.79162425,0.20837575
19.25,92.5,0.79189223,0.20810777
19.25,92.75,0.7914709,0.20852911
19.25,93.0,0.7912791,0.20872092
19.25,93.25,0.7906508,0.20934922
19.25,93.5,0.79082704,0.20917296
19.25,93.75,0.79096854,0.20903146
19.25,94.0,0.79064757,0.20935243
19.25,94.25,0.79163146,0.20836854
19.25,94.5,0.79099053,0.20900947
19.25,94.75,0.20965968,0.7903403
19.25,95.0,0.20790973,0.7920903
19.25,95.25,0.20965968,0.7903403
19.25,95.5,0.20777476,0.79222524
19.25,95.75,0.20965968,0.7903403
19.25,96.0,0.7915657,0.20843428
19.5,68.0,0.7916183,0.20838171
19.5,68.25,0.7916183,0.20838171
19.5,68.5,0.7922859,0.20771408
19.5,68.75,0.79103035,0.20896965
19.5,69.0,0.7907323,0.20926768
19.5,69.25,0.7907323,0.20926768
19.5,69.5,0.7915421,0.20845789
19.5,69.75,0.7905297,0.20947027
19.5,70.0,0.79048103,0.20951897
19.5,70.25,0.7901316,0.20986837
19.5,70.5,0.7905297,0.20947027
19.5,70.75,0.79065436,0.20934564
19.5,71.0,0.7907323,0.20926768
19.5,71.25,0.7903342,0.20966578
19.5,71.5,0.7903342,0.20966578
19.5,71.75,0.7900995,0.2099005
19.5,72.0,0.7907323,0.20926768
19.5,72.25,0.7901078,0.20989221
19.5,72.5,0.7902269,0.20977312
19.5,72.75,0.7901556,0.20984441
19.5,73.0,0.79091495,0.20908505
19.5,73.25,0.7907387,0.2092613
19.5,73.5,0.79100275,0.20899725
19.5,73.75,0.79108995,0.20891005
19.5,74.0,0.7912833,0.20871669
19.5,74.25,0.2092832,0.79071677
19.5,74.5,0.2092832,0.79071677
19.5,74.75,0.21053614,0.7894639
19.5,75.0,0.20893843,0.7910616
19.5,75.25,0.2109025,0.7890975
19.5,75.5,0.79024976,0.20975024
19.5,75.75,0.7897053,0.21029472
19.5,76.0,0.7908392,0.2091608
19.5,76.25,0.79024976,0.20975024
19.5,76.5,0.7913906,0.2086094
19.5,76.75,0.7915444,0.20845562
19.5,77.0,0.78968394,0.21031606
19.5,77.25,0.21120803,0.78879195
19.5,77.5,0.2108642,0.7891358
19.5,77.75,0.20939325,0.79060674
19.5,78.0,0.21065296,0.78934705
19.5,78.25,0.78968394,0.21031606
19.5,78.5,0.7917993,0.2082007
19.5,78.75,0.79191196,0.20808804
19.5,79.0,0.79142916,0.20857084
19.5,79.25,0.7918098,0.2081902
19.5,79.5,0.79107565,0.20892435
19.5,79.75,0.79125136,0.20874864
19.5,80.0,0.7907383,0.20926172
19.5,80.25,0.790463,0.20953703
19.5,80.5,0.7906869,0.2093131
19.5,80.75,0.7907398,0.20926023
19.5,81.0,0.7910391,0.20896089
19.5,81.25,0.7914096,0.20859039
19.5,81.5,0.79108435,0.20891565
19.5,81.75,0.79079986,0.20920014
19.5,82.0,0.790747,0.20925301
19.5,82.25,0.7912076,0.20879239
19.5,82.5,0.7915378,0.20846218
19.5,82.75,0.7913103,0.20868969
19.5,83.0,0.79049337,0.20950663
19.5,83.25,0.2101065,0.7898935
19.5,83.5,0.20837358,0.79162645
19.5,83.75,0.20813552,0.7918645
19.5,84.0,0.7908841,0.20911592
19.5,84.25,0.7906028,0.2093972
19.5,84.5,0.7910543,0.20894569
19.5,84.75,0.20809379,0.79190624
19.5,85.0,0.20939165,0.79060835
19.5,85.25,0.7918287,0.20817131
19.5,85.5,0.79118305,0.20881695
19.5,85.75,0.7909739,0.2090261
19.5,86.0,0.79072636,0.20927364
19.5,86.25,0.79072636,0.20927364
19.5,86.5,0.7914156,0.20858443
19.5,86.75,0.7910776,0.20892239
19.5,87.0,0.7912285,0.20877153
19.5,87.25,0.79151624,0.20848376
19.5,87.5,0.79129726,0.20870274
19.5,87.75,0.7909588,0.20904118
19.5,88.0,0.79109055,0.20890945
19.5,88.25,0.7934579,0.20654207
19.5,88.5,0.79088885,0.20911115
19.5,88.75,0.7909241,0.20907593
19.5,89.0,0.20874521,0.79125476
19.5,89.25,0.7905393,0.20946068
19.5,89.5,0.7914409,0.2085591
19.5,89.75,0.79207987,0.20792013
19.5,90.0,0.7910918,0.2089082
19.5,90.25,0.7922106,0.20778942
19.5,90.5,0.79210424,0.20789576
19.5,90.75,0.7918499,0.20815009
19.5,91.0,0.79166234,0.20833766
19.5,91.25,0.7915863,0.20841372
19.5,91.5,0.79143006,0.20856994
19.5,91.75,0.7916764,0.2083236
19.5,92.0,0.7910627,0.20893729
19.5,92.25,0.7915431,0.20845687
19.5,92.5,0.79129213,0.20870787
19.5,92.75,0.79013216,0.20986784
19.5,93.0,0.7910643,0.20893568
19.5,93.25,0.7907636,0.20923638
19.5,93.5,0.7910846,0.20891541
19.5,93.75,0.79167575,0.20832425
19.5,94.0,0.79104424,0.20895576
19.5,94.25,0.7918102,0.20818979
19.5,94.5,0.79099053,0.20900947
19.5,94.75,0.20763591,0.7923641
19.5,95.0,0.20776747,0.7922325
19.5,95.25,0.20777817,0.79222184
19.5,95.5,0.20818098,0.79181904
19.5,95.75,0.20848057,0.7915194
19.5,96.0,0.7908995,0.20910048
19.75,68.0,0.7924281,0.20757192
19.75,68.25,0.7922859,0.20771408
19.75,68.5,0.7924281,0.20757192
19.75,68.75,0.79103035,0.20896965
19.75,69.0,0.79048103,0.20951897
19.75,69.25,0.79048103,0.20951897
19.75,69.5,0.7905297,0.20947027
19.75,69.75,0.7905297,0.20947027
19.75,70.0,0.7905297,0.20947027
19.75,70.25,0.7907323,0.20926768
19.75,70.5,0.7905297,0.20947027
19.75,70.75,0.7901316,0.20986837
19.75,71.0,0.7900101,0.2099899
19.75,71.25,0.7900101,0.2099899
19.75,71.5,0.7907323,0.20926768
19.75,71.75,0.79070544,0.20929456
19.75,72.0,0.7907323,0.20926768
19.75,72.25,0.790158,0.20984203
19.75,72.5,0.79093164,0.20906836
19.75,72.75,0.7901078,0.20989221
19.75,73.0,0.7909541,0.20904589
19.75,73.25,0.7909746,0.20902538
19.75,73.5,0.79155785,0.20844215
19.75,73.75,0.79038006,0.20961994
19.75,74.0,0.20853956,0.79146045
19.75,74.25,0.20911403,0.790886
19.75,74.5,0.20837675,0.79162323
19.75,74.75,0.21044093,0.78955907
19.75,75.0,0.20942768,0.7905723
19.75,75.25,0.79024976,0.20975024
19.75,75.5,0.79029995,0.20970005
19.75,75.75,0.7902905,0.20970953
19.75,76.0,0.7902905,0.20970953
19.75,76.25,0.7902391,0.2097609
19.75,76.5,0.7895287,0.21047127
19.75,76.75,0.7895789,0.21042109
19.75,77.0,0.78984547,0.21015453
19.75,77.25,0.79082876,0.20917124
19.75,77.5,0.7900315,0.2099685
19.75,77.75,0.20994832,0.7900517
19.75,78.0,0.7893863,0.21061373
19.75,78.25,0.7918461,0.2081539
19.75,78.5,0.79137933,0.20862067
19.75,78.75,0.79151547,0.20848453
19.75,79.0,0.7914096,0.20859039
19.75,79.25,0.79125905,0.20874095
19.75,79.5,0.79125905,0.20874095
19.75,79.75,0.79111195,0.20888805
19.75,80.0,0.79106057,0.20893943
19.75,80.25,0.7910798,0.20892018
19.75,80.5,0.7907398,0.20926023
19.75,80.75,0.7906156,0.20938438
19.75,81.0,0.21067499,0.789325
19.75,81.25,0.7905213,0.20947868
19.75,81.5,0.7905704,0.20942962
19.75,81.75,0.21008392,0.7899161
19.75,82.0,0.2097858,0.7902142
19.75,82.25,0.79041976,0.20958024
19.75,82.5,0.79049337,0.20950663
19.75,82.75,0.7908015,0.20919847
19.75,83.0,0.79090494,0.20909506
19.75,83.25,0.79038495,0.20961505
19.75,83.5,0.20921619,0.7907838
19.75,83.75,0.20897813,0.7910219
19.75,84.0,0.7906699,0.20933008
19.75,84.25,0.79130226,0.20869774
19.75,84.5,0.7905496,0.20945042
19.75,84.75,0.20823756,0.7917625
19.75,85.0,0.20778292,0.7922171
19.75,85.25,0.79118305,0.20881695
19.75,85.5,0.7913483,0.20865172
19.75,85.75,0.79125774,0.20874226
19.75,86.0,0.7908872,0.20911282
19.75,86.25,0.79103005,0.20896995
19.75,86.5,0.7910259,0.20897412
19.75,86.75,0.7912285,0.20877153
19.75,87.0,0.7912285,0.20877153
19.75,87.25,0.7909484,0.20905161
19.75,87.5,0.7909484,0.20905161
19.75,87.75,0.79116255,0.20883745
19.75,88.0,0.79077214,0.20922786
19.75,88.25,0.79162884,0.20837116
19.75,88.5,0.7909241,0.20907593
19.75,88.75,0.7909241,0.20907593
19.75,89.0,0.7905317,0.2094683
19.75,89.25,0.79076874,0.20923126
19.75,89.5,0.79156756,0.20843244
19.75,89.75,0.7920907,0.20790929
19.75,90.0,0.7919025,0.20809752
19.75,90.25,0.7922106,0.20778942
19.75,90.5,0.79210424,0.20789576
19.75,90.75,0.7920984,0.2079016
19.75,91.0,0.7914304,0.20856959
19.75,91.25,0.79160583,0.20839417
19.75,91.5,0.79160583,0.20839417
19.75,91.75,0.791598,0.20840198
19.75,92.0,0.7912753,0.20872468
19.75,92.25,0.7914709,0.20852911
19.75,92.5,0.7902747,0.20972532
19.75,92.75,0.78878343,0.21121657
19.75,93.0,0.79162914,0.20837086
19.75,93.25,0.7910846,0.20891541
19.75,93.5,0.7911603,0.20883971
19.75,93.75,0.79210335,0.20789665
19.75,94.0,0.7918314,0.20816863
19.75,94.25,0.79209125,0.20790875
19.75,94.5,0.78955424,0.21044576
19.75,94.75,0.20818128,0.79181874
19.75,95.0,0.20776747,0.7922325
19.75,95.25,0.20747963,0.7925204
19.75,95.5,0.20790973,0.7920903
19.75,95.75,0.79103106,0.20896894
19.75,96.0,0.7900341,0.20996588
20.0,68.0,0.7922083,0.20779169
20.0,68.25,0.79202545,0.20797455
20.0,68.5,0.7924281,0.20757192
20.0,68.75,0.79077905,0.20922095
20.0,69.0,0.79048103,0.20951897
20.0,69.25,0.79048103,0.20951897
20.0,69.5,0.7904489,0.2095511
20.0,69.75,0.79048103,0.20951897
20.0,70.0,0.7907323,0.20926768
20.0,70.25,0.7907323,0.20926768
20.0,70.5,0.79048103,0.20951897
20.0,70.75,0.79048103,0.20951897
20.0,71.0,0.78974265,0.21025735
20.0,71.25,0.7904489,0.2095511
20.0,71.5,0.79020756,0.20979244
20.0,71.75,0.7908397,0.20916033
20.0,72.0,0.790566,0.20943397
20.0,72.25,0.7903342,0.20966578
20.0,72.5,0.7909176,0.20908242
20.0,72.75,0.7907828,0.20921719
20.0,73.0,0.7906324,0.20936757
20.0,73.25,0.7908029,0.2091971
20.0,73.5,0.79043984,0.20956016
20.0,73.75,0.20918301,0.790817
20.0,74.0,0.20946898,0.79053104
20.0,74.25,0.2089883,0.7910117
20.0,74.5,0.20911403,0.790886
20.0,74.75,0.79029995,0.20970005
20.0,75.0,0.79098624,0.20901376
20.0,75.25,0.79081994,0.20918006
20.0,75.5,0.78976864,0.21023136
20.0,75.75,0.21051143,0.78948855
20.0,76.0,0.21137473,0.78862524
20.0,76.25,0.7898399,0.21016008
20.0,76.5,0.79081964,0.20918036
20.0,76.75,0.79119045,0.20880955
20.0,77.0,0.79120886,0.20879114
20.0,77.25,0.7910115,0.20898849
20.0,77.5,0.7910115,0.20898849
20.0,77.75,0.7903805,0.20961952
20.0,78.0,0.79008055,0.20991945
20.0,78.25,0.79125905,0.20874095
20.0,78.5,0.79142916,0.20857084
20.0,78.75,0.7906435,0.20935649
20.0,79.0,0.7914012,0.2085988
20.0,79.25,0.7910115,0.20898849
20.0,79.5,0.79111195,0.20888805
20.0,79.75,0.79106057,0.20893943
20.0,80.0,0.7909893,0.20901072
20.0,80.25,0.790953,0.20904702
20.0,80.5,0.79111195,0.20888805
20.0,80.75,0.7910798,0.20892018
20.0,81.0,0.7910798,0.20892018
20.0,81.25,0.7905704,0.20942962
20.0,81.5,0.21085483,0.7891452
20.0,81.75,0.2101332,0.7898668
20.0,82.0,0.20893596,0.791064
20.0,82.25,0.20909622,0.7909038
20.0,82.5,0.2082964,0.7917036
20.0,82.75,0.7907608,0.20923918
20.0,83.0,0.79086864,0.20913136
20.0,83.25,0.79171306,0.20828694
20.0,83.5,0.7909563,0.20904368
20.0,83.75,0.20986845,0.79013157
20.0,84.0,0.20928602,0.79071397
20.0,84.25,0.79090357,0.20909643
20.0,84.5,0.7901963,0.2098037
20.0,84.75,0.7905968,0.20940322
20.0,85.0,0.20809379,0.79190624
20.0,85.25,0.20854843,0.7914516
20.0,85.5,0.7905113,0.20948869
20.0,85.75,0.20870008,0.79129994
20.0,86.0,0.20871651,0.7912835
20.0,86.25,0.20801516,0.79198486
20.0,86.5,0.20862094,0.7913791
20.0,86.75,0.79103005,0.20896995
20.0,87.0,0.7912285,0.20877153
20.0,87.25,0.7907458,0.2092542
20.0,87.5,0.7907458,0.2092542
20.0,87.75,0.7908704,0.20912957
20.0,88.0,0.7909484,0.20905161
20.0,88.25,0.79166955,0.20833045
20.0,88.5,0.7909241,0.20907593
20.0,88.75,0.79088885,0.20911115
20.0,89.0,0.79097277,0.20902723
20.0,89.25,0.79123527,0.20876473
20.0,89.5,0.79261684,0.20738316
20.0,89.75,0.79205436,0.20794564
20.0,90.0,0.79205436,0.20794564
20.0,90.25,0.7923752,0.2076248
20.0,90.5,0.7923752,0.2076248
20.0,90.75,0.7918,0.20819998
20.0,91.0,0.79113203,0.20886797
20.0,91.25,0.7916271,0.20837289
20.0,91.5,0.7916246,0.2083754
20.0,91.75,0.791598,0.20840198
20.0,92.0,0.7916869,0.20831311
20.0,92.25,0.79159766,0.20840234
20.0,92.5,0.79131526,0.20868474
20.0,92.75,0.7907158,0.20928419
20.0,93.0,0.7910846,0.20891541
20.0,93.25,0.7920178,0.20798218
20.0,93.5,0.791915,0.208085
20.0,93.75,0.791915,0.208085
20.0,94.0,0.7917684,0.20823163
20.0,94.25,0.79170966,0.20829034
20.0,94.5,0.20929696,0.79070306
20.0,94.75,0.20776747,0.7922325
20.0,95.0,0.20731284,0.7926872
20.0,95.25,0.20747963,0.7925204
20.0,95.5,0.20777817,0.79222184
20.0,95.75,0.7909356,0.20906442
20.0,96.0,0.7906778,0.20932221
20.25,68.0,0.79250824,0.20749176
20.25,68.25,0.79151744,0.20848256
20.25,68.5,0.79085517,0.20914483
20.25,68.75,0.79098356,0.20901644
20.25,69.0,0.7907323,0.20926768
20.25,69.25,0.7907323,0.20926768
20.25,69.5,0.7907323,0.20926768
20.25,69.75,0.79048103,0.20951897
20.25,70.0,0.79048103,0.20951897
20.25,70.25,0.7895797,0.21042031
20.25,70.5,0.7894614,0.21053863
20.25,70.75,0.7899002,0.21009982
20.25,71.0,0.7899002,0.21009982
20.25,71.25,0.79115385,0.20884615
20.25,71.5,0.2101145,0.7898855
20.25,71.75,0.2101145,0.7898855
20.25,72.0,0.209284,0.790716
20.25,72.25,0.790566,0.20943397
20.25,72.5,0.7909176,0.20908242
20.25,72.75,0.7901078,0.20989221
20.25,73.0,0.7911109,0.20888913
20.25,73.25,0.7907515,0.20924848
20.25,73.5,0.7909541,0.20904589
20.25,73.75,0.79055053,0.20944947
20.25,74.0,0.7906007,0.20939928
20.25,74.25,0.20881332,0.7911867
20.25,74.5,0.20777678,0.7922232
20.25,74.75,0.790835,0.20916498
20.25,75.0,0.79098624,0.20901376
20.25,75.25,0.79019845,0.20980155
20.25,75.5,0.21064813,0.7893519
20.25,75.75,0.2108173,0.78918266
20.25,76.0,0.20997413,0.7900259
20.25,76.25,0.7901271,0.2098729
20.25,76.5,0.7909423,0.20905769
20.25,76.75,0.79119617,0.20880383
20.25,77.0,0.79107624,0.20892376
20.25,77.25,0.7909613,0.20903867
20.25,77.5,0.21132103,0.788679
20.25,77.75,0.21003784,0.7899622
20.25,78.0,0.21096809,0.7890319
20.25,78.25,0.79111195,0.20888805
20.25,78.5,0.7910115,0.20898849
20.25,78.75,0.7917666,0.20823342
20.25,79.0,0.79231006,0.20768994
20.25,79.25,0.7920625,0.20793748
20.25,79.5,0.7910115,0.20898849
20.25,79.75,0.7910391,0.20896089
20.25,80.0,0.79086864,0.20913136
20.25,80.25,0.7910661,0.20893389
20.25,80.5,0.7898945,0.21010548
20.25,80.75,0.7909415,0.20905852
20.25,81.0,0.7912366,0.20876342
20.25,81.25,0.7911705,0.20882952
20.25,81.5,0.79056203,0.20943797
20.25,81.75,0.21041453,0.7895855
20.25,82.0,0.21066889,0.7893311
20.25,82.25,0.20950226,0.7904977
20.25,82.5,0.21012756,0.7898724
20.25,82.75,0.7902121,0.2097879
20.25,83.0,0.7899249,0.21007508
20.25,83.25,0.79090494,0.20909506
20.25,83.5,0.7909563,0.20904368
20.25,83.75,0.2093217,0.7906783
20.25,84.0,0.20945519,0.7905448
20.25,84.25,0.79045993,0.20954007
20.25,84.5,0.7911015,0.20889848
20.25,84.75,0.790418,0.20958197
20.25,85.0,0.79130226,0.20869774
20.25,85.25,0.79090357,0.20909643
20.25,85.5,0.20809379,0.79190624
20.25,85.75,0.2083957,0.7916043
20.25,86.0,0.20839526,0.79160476
20.25,86.25,0.20844527,0.79155475
20.25,86.5,0.208303,0.791697
20.25,86.75,0.7911808,0.20881921
20.25,87.0,0.7910143,0.20898569
20.25,87.25,0.79116255,0.20883745
20.25,87.5,0.79116255,0.20883745
20.25,87.75,0.7909067,0.20909327
20.25,88.0,0.20884879,0.7911512
20.25,88.25,0.7914172,0.20858282
20.25,88.5,0.79109144,0.20890856
20.25,88.75,0.79109144,0.20890856
20.25,89.0,0.7910061,0.20899391
20.25,89.25,0.7910137,0.20898628
20.25,89.5,0.7916949,0.20830512
20.25,89.75,0.79158854,0.20841146
20.25,90.0,0.79182047,0.20817953
20.25,90.25,0.79182297,0.20817703
20.25,90.5,0.7916949,0.20830512
20.25,90.75,0.7912966,0.2087034
20.25,91.0,0.7913784,0.20862162
20.25,91.25,0.79147124,0.20852876
20.25,91.5,0.79075634,0.20924366
20.25,91.75,0.79147375,0.20852625
20.25,92.0,0.7913875,0.2086125
20.25,92.25,0.7904189,0.20958108
20.25,92.5,0.79165834,0.20834166
20.25,92.75,0.7915907,0.20840931
20.25,93.0,0.7910846,0.20891541
20.25,93.25,0.7906733,0.20932668
20.25,93.5,0.7915297,0.20847028
20.25,93.75,0.79204094,0.20795906
20.25,94.0,0.7918859,0.20811409
20.25,94.25,0.79131955,0.20868045
20.25,94.5,0.20781825,0.79218173
20.25,94.75,0.208349,0.791651
20.25,95.0,0.20790973,0.7920903
20.25,95.25,0.20790973,0.7920903
20.25,95.5,0.20965968,0.7903403
20.25,95.75,0.7908827,0.2091173
20.25,96.0,0.7910007,0.20899928
20.5,68.0,0.7914725,0.2085275
20.5,68.25,0.7922607,0.2077393
20.5,68.5,0.7914157,0.20858431
20.5,68.75,0.79184014,0.20815986
20.5,69.0,0.7918342,0.20816582
20.5,69.25,0.7907323,0.20926768
20.5,69.5,0.7905297,0.20947027
20.5,69.75,0.7904489,0.2095511
20.5,70.0,0.7894614,0.21053863
20.5,70.25,0.7894614,0.21053863
20.5,70.5,0.7899002,0.21009982
20.5,70.75,0.7907547,0.20924532
20.5,71.0,0.20954724,0.7904528
20.5,71.25,0.21046312,0.7895369
20.5,71.5,0.21051316,0.7894868
20.5,71.75,0.2101145,0.7898855
20.5,72.0,0.209284,0.790716
20.5,72.25,0.790566,0.20943397
20.5,72.5,0.791144,0.20885599
20.5,72.75,0.7911929,0.20880711
20.5,73.0,0.79081,0.20919001
20.5,73.25,0.7909541,0.20904589
20.5,73.5,0.79049915,0.20950085
20.5,73.75,0.79055053,0.20944947
20.5,74.0,0.79029995,0.20970005
20.5,74.25,0.20918964,0.79081035
20.5,74.5,0.20952891,0.7904711
20.5,74.75,0.79042786,0.20957214
20.5,75.0,0.7907165,0.20928347
20.5,75.25,0.7909307,0.20906931
20.5,75.5,0.7906758,0.20932418
20.5,75.75,0.79042786,0.20957214
20.5,76.0,0.20879611,0.79120386
20.5,76.25,0.20879611,0.79120386
20.5,76.5,0.20925075,0.79074925
20.5,76.75,0.78995055,0.21004945
20.5,77.0,0.79083866,0.20916134
20.5,77.25,0.7902884,0.20971161
20.5,77.5,0.20999855,0.79000145
20.5,77.75,0.20990613,0.7900939
20.5,78.0,0.2109901,0.7890099
20.5,78.25,0.79106057,0.20893943
20.5,78.5,0.7908762,0.20912379
20.5,78.75,0.79182726,0.20817274
20.5,79.0,0.7920625,0.20793748
20.5,79.25,0.79131997,0.20868003
20.5,79.5,0.79038996,0.20961004
20.5,79.75,0.78984547,0.21015453
20.5,80.0,0.21384536,0.7861546
20.5,80.25,0.21223566,0.7877643
20.5,80.5,0.21223566,0.7877643
20.5,80.75,0.21081929,0.7891807
20.5,81.0,0.20809305,0.79190695
20.5,81.25,0.20712273,0.79287726
20.5,81.5,0.20743027,0.79256976
20.5,81.75,0.21053843,0.78946155
20.5,82.0,0.21043497,0.789565
20.5,82.25,0.21051829,0.7894817
20.5,82.5,0.20854461,0.7914554
20.5,82.75,0.21012756,0.7898724
20.5,83.0,0.21002132,0.7899787
20.5,83.25,0.7903241,0.20967591
20.5,83.5,0.7910812,0.20891881
20.5,83.75,0.20920381,0.79079616
20.5,84.0,0.20940992,0.79059005
20.5,84.25,0.79113287,0.20886713
20.5,84.5,0.7911015,0.20889848
20.5,84.75,0.79033375,0.20966625
20.5,85.0,0.7909459,0.20905411
20.5,85.25,0.79135853,0.20864147
20.5,85.5,0.79118806,0.20881194
20.5,85.75,0.79122436,0.20877564
20.5,86.0,0.20839526,0.79160476
20.5,86.25,0.2081409,0.7918591
20.5,86.5,0.20799063,0.79200935
20.5,86.75,0.78939044,0.21060956
20.5,87.0,0.7908159,0.20918411
20.5,87.25,0.7907458,0.2092542
20.5,87.5,0.79116184,0.20883816
20.5,87.75,0.7909484,0.20905161
20.5,88.0,0.7911209,0.20887911
20.5,88.25,0.20888852,0.79111147
20.5,88.5,0.7909648,0.20903522
20.5,88.75,0.7913056,0.2086944
20.5,89.0,0.791581,0.20841902
20.5,89.25,0.79148227,0.20851773
20.5,89.5,0.7914664,0.20853359
20.5,89.75,0.79176533,0.20823467
20.5,90.0,0.79176533,0.20823467
20.5,90.25,0.791394,0.208606
20.5,90.5,0.7919268,0.2080732
20.5,90.75,0.20952645,0.7904736
20.5,91.0,0.7906685,0.20933151
20.5,91.25,0.79103166,0.20896834
20.5,91.5,0.79147124,0.20852876
20.5,91.75,0.79189557,0.20810443
20.5,92.0,0.7912448,0.2087552
20.5,92.25,0.79165834,0.20834166
20.5,92.5,0.7919069,0.2080931
20.5,92.75,0.79208773,0.20791227
20.5,93.0,0.79026777,0.20973223
20.5,93.25,0.79034346,0.20965654
20.5,93.5,0.79175913,0.20824087
20.5,93.75,0.79175913,0.20824087
20.5,94.0,0.78994423,0.21005577
20.5,94.25,0.20929696,0.79070306
20.5,94.5,0.20768744,0.79231256
20.5,94.75,0.20790973,0.7920903
20.5,95.0,0.20790973,0.7920903
20.5,95.25,0.20790973,0.7920903
20.5,95.5,0.20777817,0.79222184
20.5,95.75,0.79126155,0.20873845
20.5,96.0,0.7909356,0.20906442
20.75,68.0,0.79250824,0.20749176
20.75,68.25,0.7924281,0.20757192
20.75,68.5,0.7914157,0.20858431
20.75,68.75,0.79082775,0.20917225
20.75,69.0,0.7913395,0.20866048
20.75,69.25,0.79048103,0.20951897
20.75,69.5,0.79048103,0.20951897
20.75,69.75,0.79048103,0.20951897
20.75,70.0,0.79048103,0.20951897
20.75,70.25,0.79048103,0.20951897
20.75,70.5,0.79048103,0.20951897
20.75,70.75,0.79115385,0.20884615
20.75,71.0,0.20897101,0.791029
20.75,71.25,0.2107976,0.7892024
20.75,71.5,0.2101145,0.7898855
20.75,71.75,0.20980719,0.79019284
20.75,72.0,0.7908397,0.20916033
20.75,72.25,0.790566,0.20943397
20.75,72.5,0.7915421,0.20845789
20.75,72.75,0.7909176,0.20908242
20.75,73.0,0.79098624,0.20901376
20.75,73.25,0.7908029,0.2091971
20.75,73.5,0.79026973,0.20973027
20.75,73.75,0.7899944,0.21000558
20.75,74.0,0.7903211,0.20967889
20.75,74.25,0.2096832,0.7903168
20.75,74.5,0.21048026,0.7895197
20.75,74.75,0.21003535,0.7899647
20.75,75.0,0.20985973,0.7901403
20.75,75.25,0.79074866,0.20925134
20.75,75.5,0.7909628,0.20903718
20.75,75.75,0.790642,0.20935798
20.75,76.0,0.20882064,0.79117936
20.75,76.25,0.20999132,0.79000866
20.75,76.5,0.20999132,0.79000866
20.75,76.75,0.2091487,0.7908513
20.75,77.0,0.20895478,0.7910452
20.75,77.25,0.20999132,0.79000866
20.75,77.5,0.20999132,0.79000866
20.75,77.75,0.20990613,0.7900939
20.75,78.0,0.21014193,0.7898581
20.75,78.25,0.7911556,0.20884442
20.75,78.5,0.7916422,0.20835781
20.75,78.75,0.79126203,0.20873797
20.75,79.0,0.7915886,0.2084114
20.75,79.25,0.79097664,0.20902336
20.75,79.5,0.79111195,0.20888805
20.75,79.75,0.7914204,0.2085796
20.75,80.0,0.79131997,0.20868003
20.75,80.25,0.7910115,0.20898849
20.75,80.5,0.20952855,0.79047143
20.75,80.75,0.211842,0.788158
20.75,81.0,0.21070659,0.7892934
20.75,81.25,0.21062537,0.78937465
20.75,81.5,0.21038668,0.7896133
20.75,81.75,0.20965451,0.7903455
20.75,82.0,0.2097397,0.7902603
20.75,82.25,0.20923604,0.790764
20.75,82.5,0.21037169,0.7896283
20.75,82.75,0.20854461,0.7914554
20.75,83.0,0.20969471,0.79030526
20.75,83.25,0.20992775,0.79007226
20.75,83.5,0.20973998,0.79026
20.75,83.75,0.20920381,0.79079616
20.75,84.0,0.78984416,0.21015584
20.75,84.25,0.79131454,0.20868546
20.75,84.5,0.79050064,0.20949936
20.75,84.75,0.7905113,0.20948869
20.75,85.0,0.79107153,0.20892847
20.75,85.25,0.79137063,0.20862937
20.75,85.5,0.7916431,0.20835692
20.75,85.75,0.79100025,0.20899975
20.75,86.0,0.7910622,0.20893782
20.75,86.25,0.20801516,0.79198486
20.75,86.5,0.20795868,0.7920413
20.75,86.75,0.20782353,0.7921765
20.75,87.0,0.79021245,0.20978755
20.75,87.25,0.7908144,0.2091856
20.75,87.5,0.7918052,0.20819479
20.75,87.75,0.79119974,0.20880026
20.75,88.0,0.79145545,0.20854455
20.75,88.25,0.7936721,0.20632792
20.75,88.5,0.79041606,0.20958394
20.75,88.75,0.20849246,0.79150754
20.75,89.0,0.79125375,0.20874625
20.75,89.25,0.79104817,0.20895183
20.75,89.5,0.79200965,0.20799035
20.75,89.75,0.79200965,0.20799035
20.75,90.0,0.79229444,0.20770556
20.75,90.25,0.7921382,0.20786178
20.75,90.5,0.79155093,0.20844907
20.75,90.75,0.79107434,0.20892566
20.75,91.0,0.789044,0.21095598
20.75,91.25,0.7901325,0.20986748
20.75,91.5,0.791598,0.20840198
20.75,91.75,0.7916587,0.2083413
20.75,92.0,0.7910562,0.20894378
20.75,92.25,0.7916041,0.2083959
20.75,92.5,0.79176676,0.20823324
20.75,92.75,0.7893417,0.21065831
20.75,93.0,0.79147327,0.20852673
20.75,93.25,0.79099995,0.20900005
20.75,93.5,0.7916526,0.20834738
20.75,93.75,0.7915297,0.20847028
20.75,94.0,0.20781825,0.79218173
20.75,94.25,0.20754671,0.7924533
20.75,94.5,0.2071166,0.7928834
20.75,94.75,0.20790973,0.7920903
20.75,95.0,0.20790973,0.7920903
20.75,95.25,0.20790973,0.7920903
20.75,95.5,0.20790973,0.7920903
20.75,95.75,0.20790973,0.7920903
20.75,96.0,0.20966521,0.7903348
21.0,68.0,0.79085517,0.20914483
21.0,68.25,0.791367,0.208633
21.0,68.5,0.7919125,0.2080875
21.0,68.75,0.7902672,0.20973277
21.0,69.0,0.79048103,0.20951897
21.0,69.25,0.79114866,0.20885134
21.0,69.5,0.79048103,0.20951897
21.0,69.75,0.7907323,0.20926768
21.0,70.0,0.7907323,0.20926768
21.0,70.25,0.7905297,0.20947027
21.0,70.5,0.7900508,0.2099492
21.0,70.75,0.20994943,0.79005057
21.0,71.0,0.21058601,0.789414
21.0,71.25,0.20914976,0.7908502
21.0,71.5,0.20899437,0.7910056
21.0,71.75,0.2101145,0.7898855
21.0,72.0,0.7912523,0.20874768
21.0,72.25,0.7916513,0.20834869
21.0,72.5,0.7912275,0.20877248
21.0,72.75,0.7912729,0.20872712
21.0,73.0,0.7917485,0.20825148
21.0,73.25,0.7910376,0.20896238
21.0,73.5,0.79024976,0.20975024
21.0,73.75,0.20918301,0.790817
21.0,74.0,0.20993054,0.79006946
21.0,74.25,0.21080464,0.78919536
21.0,74.5,0.2103027,0.7896973
21.0,74.75,0.21075863,0.7892414
21.0,75.0,0.21027224,0.78972775
21.0,75.25,0.20910698,0.790893
21.0,75.5,0.7904126,0.2095874
21.0,75.75,0.20925075,0.79074925
21.0,76.0,0.7904126,0.2095874
21.0,76.25,0.20925075,0.79074925
21.0,76.5,0.20925075,0.79074925
21.0,76.75,0.20925075,0.79074925
21.0,77.0,0.2091487,0.7908513
21.0,77.25,0.20999132,0.79000866
21.0,77.5,0.79088277,0.20911723
21.0,77.75,0.7905546,0.20944542
21.0,78.0,0.79025495,0.20974505
21.0,78.25,0.7908311,0.20916891
21.0,78.5,0.7913179,0.20868212
21.0,78.75,0.79136974,0.20863026
21.0,79.0,0.79146594,0.20853406
21.0,79.25,0.79146594,0.20853406
21.0,79.5,0.7916422,0.20835781
21.0,79.75,0.791166,0.20883399
21.0,80.0,0.79132223,0.20867777
21.0,80.25,0.79122686,0.20877314
21.0,80.5,0.21232085,0.78767914
21.0,80.75,0.21141651,0.7885835
21.0,81.0,0.21050322,0.7894968
21.0,81.25,0.21007913,0.78992087
21.0,81.5,0.21038668,0.7896133
21.0,81.75,0.21020074,0.7897993
21.0,82.0,0.20965451,0.7903455
21.0,82.25,0.21020074,0.7897993
21.0,82.5,0.21006438,0.7899356
21.0,82.75,0.20951815,0.79048187
21.0,83.0,0.20990288,0.7900971
21.0,83.25,0.2082692,0.7917308
21.0,83.5,0.20969471,0.79030526
21.0,83.75,0.209289,0.790711
21.0,84.0,0.20945519,0.7905448
21.0,84.25,0.20887575,0.7911242
21.0,84.5,0.20945519,0.7905448
21.0,84.75,0.20953014,0.7904699
21.0,85.0,0.79154485,0.20845515
21.0,85.25,0.79107153,0.20892847
21.0,85.5,0.7915573,0.20844269
21.0,85.75,0.7908749,0.2091251
21.0,86.0,0.7909707,0.20902932
21.0,86.25,0.79084647,0.20915353
21.0,86.5,0.20839526,0.79160476
21.0,86.75,0.20853902,0.791461
21.0,87.0,0.20814297,0.791857
21.0,87.25,0.791311,0.20868897
21.0,87.5,0.7910487,0.2089513
21.0,87.75,0.7914539,0.2085461
21.0,88.0,0.7915968,0.20840323
21.0,88.25,0.7942125,0.20578748
21.0,88.5,0.7911445,0.20885551
21.0,88.75,0.79120505,0.20879495
21.0,89.0,0.79145634,0.20854366
21.0,89.25,0.79165465,0.20834535
21.0,89.5,0.7926972,0.20730281
21.0,89.75,0.79229444,0.20770556
21.0,90.0,0.79156977,0.20843023
21.0,90.25,0.7912348,0.20876521
21.0,90.5,0.79107314,0.20892686
21.0,90.75,0.7903967,0.20960331
21.0,91.0,0.78962433,0.21037567
21.0,91.25,0.2088989,0.7911011
21.0,91.5,0.79177517,0.20822483
21.0,91.75,0.79137284,0.20862716
21.0,92.0,0.79154956,0.20845044
21.0,92.25,0.7915859,0.20841408
21.0,92.5,0.20929696,0.79070306
21.0,92.75,0.20929696,0.79070306
21.0,93.0,0.79154897,0.20845103
21.0,93.25,0.79136246,0.20863754
21.0,93.5,0.79201555,0.20798445
21.0,93.75,0.7909229,0.20907712
21.0,94.0,0.20696603,0.79303396
21.0,94.25,0.20929666,0.79070336
21.0,94.5,0.20741515,0.79258484
21.0,94.75,0.2074551,0.7925449
21.0,95.0,0.20742315,0.79257685
21.0,95.25,0.20790973,0.7920903
21.0,95.5,0.2074551,0.7925449
21.0,95.75,0.20790973,0.7920903
21.0,96.0,0.20896386,0.7910361
21.25,68.0,0.791367,0.208633
21.25,68.25,0.791367,0.208633
21.25,68.5,0.791367,0.208633
21.25,68.75,0.7902672,0.20973277
21.25,69.0,0.79048103,0.20951897
21.25,69.25,0.79048103,0.20951897
21.25,69.5,0.7905297,0.20947027
21.25,69.75,0.7907323,0.20926768
21.25,70.0,0.7901316,0.20986837
21.25,70.25,0.79008293,0.20991707
21.25,70.5,0.7894112,0.21058881
21.25,70.75,0.20746113,0.7925389
21.25,71.0,0.20906457,0.7909354
21.25,71.25,0.20942539,0.7905746
21.25,71.5,0.20966989,0.7903301
21.25,71.75,0.20975508,0.79024494
21.25,72.0,0.790164,0.209836
21.25,72.25,0.7918342,0.20816582
21.25,72.5,0.791358,0.208642
21.25,72.75,0.7911685,0.20883149
21.25,73.0,0.7914486,0.2085514
21.25,73.25,0.7911057,0.20889431
21.25,73.5,0.7910376,0.20896238
21.25,73.75,0.7899944,0.21000558
21.25,74.0,0.21036065,0.78963935
21.25,74.25,0.20938271,0.7906173
21.25,74.5,0.20933107,0.79066896
21.25,74.75,0.2094089,0.7905911
21.25,75.0,0.20925075,0.79074925
21.25,75.25,0.209522,0.790478
21.25,75.5,0.79099727,0.20900273
21.25,75.75,0.7911414,0.20885861
21.25,76.0,0.7904318,0.2095682
21.25,76.25,0.79033524,0.20966476
21.25,76.5,0.789174,0.21082598
21.25,76.75,0.78929496,0.21070504
21.25,77.0,0.79119945,0.20880055
21.25,77.25,0.7915415,0.20845848
21.25,77.5,0.79129595,0.20870405
21.25,77.75,0.7912742,0.20872581
21.25,78.0,0.7912686,0.20873141
21.25,78.25,0.7911569,0.20884311
21.25,78.5,0.79092497,0.20907503
21.25,78.75,0.79128134,0.20871866
21.25,79.0,0.7914936,0.2085064
21.25,79.25,0.7915205,0.20847952
21.25,79.5,0.7913442,0.20865577
21.25,79.75,0.79150045,0.20849955
21.25,80.0,0.7913442,0.20865577
21.25,80.25,0.7910702,0.20892978
21.25,80.5,0.79092085,0.20907915
21.25,80.75,0.2111505,0.7888495
21.25,81.0,0.207632,0.792368
21.25,81.25,0.20973627,0.7902637
21.25,81.5,0.20992564,0.79007435
21.25,81.75,0.2097397,0.7902603
21.25,82.0,0.20931165,0.79068834
21.25,82.25,0.20914248,0.79085755
21.25,82.5,0.20951815,0.79048187
21.25,82.75,0.2101783,0.7898217
21.25,83.0,0.20924273,0.7907573
21.25,83.25,0.2082692,0.7917308
21.25,83.5,0.20882426,0.7911757
21.25,83.75,0.20986845,0.79013157
21.25,84.0,0.20750071,0.7924993
21.25,84.25,0.20954038,0.79045963
21.25,84.5,0.20954038,0.79045963
21.25,84.75,0.20770307,0.79229695
21.25,85.0,0.790552,0.20944798
21.25,85.25,0.20930646,0.7906935
21.25,85.5,0.79045993,0.20954007
21.25,85.75,0.7917858,0.20821422
21.25,86.0,0.79139495,0.20860505
21.25,86.25,0.7910143,0.20898569
21.25,86.5,0.7902978,0.2097022
21.25,86.75,0.79050773,0.20949227
21.25,87.0,0.7907127,0.20928729
21.25,87.25,0.7913814,0.20861858
21.25,87.5,0.79074943,0.20925057
21.25,87.75,0.79120636,0.20879364
21.25,88.0,0.79114085,0.20885915
21.25,88.25,0.79225457,0.20774543
21.25,88.5,0.7908838,0.20911622
21.25,88.75,0.79039717,0.20960283
21.25,89.0,0.7915402,0.2084598
21.25,89.25,0.7905475,0.20945251
21.25,89.5,0.79200965,0.20799035
21.25,89.75,0.79143625,0.20856375
21.25,90.0,0.79156977,0.20843023
21.25,90.25,0.7915382,0.20846182
21.25,90.5,0.7917939,0.20820612
21.25,90.75,0.7913683,0.2086317
21.25,91.0,0.78892356,0.21107644
21.25,91.25,0.2088989,0.7911011
21.25,91.5,0.79185903,0.20814097
21.25,91.75,0.79160446,0.20839554
21.25,92.0,0.79094523,0.20905477
21.25,92.25,0.7914709,0.20852911
21.25,92.5,0.20669864,0.79330134
21.25,92.75,0.20741515,0.79258484
21.25,93.0,0.79125595,0.20874405
21.25,93.25,0.79147965,0.20852035
21.25,93.5,0.79131955,0.20868045
21.25,93.75,0.79002374,0.20997626
21.25,94.0,0.2068409,0.7931591
21.25,94.25,0.7903976,0.20960242
21.25,94.5,0.7908671,0.20913291
21.25,94.75,0.2074551,0.7925449
21.25,95.0,0.20785972,0.79214025
21.25,95.25,0.20777817,0.79222184
21.25,95.5,0.20747963,0.7925204
21.25,95.75,0.20790973,0.7920903
21.25,96.0,0.20896386,0.7910361
21.5,68.0,0.79085517,0.20914483
21.5,68.25,0.7911027,0.2088973
21.5,68.5,0.79085517,0.20914483
21.5,68.75,0.7902672,0.20973277
21.5,69.0,0.79048103,0.20951897
21.5,69.25,0.79048103,0.20951897
21.5,69.5,0.79119736,0.20880264
21.5,69.75,0.79025626,0.20974374
21.5,70.0,0.79048103,0.20951897
21.5,70.25,0.7899002,0.21009982
21.5,70.5,0.20855777,0.7914422
21.5,70.75,0.20908566,0.79091436
21.5,71.0,0.21005607,0.78994393
21.5,71.25,0.21051285,0.7894871
21.5,71.5,0.2101145,0.7898855
21.5,71.75,0.2088913,0.7911087
21.5,72.0,0.20894113,0.7910589
21.5,72.25,0.790094,0.20990598
21.5,72.5,0.7931219,0.20687813
21.5,72.75,0.79098934,0.20901066
21.5,73.0,0.7913196,0.20868039
21.5,73.25,0.79181874,0.20818126
21.5,73.5,0.7911057,0.20889431
21.5,73.75,0.7910878,0.2089122
21.5,74.0,0.79078794,0.20921206
21.5,74.25,0.20924102,0.79075897
21.5,74.5,0.2095654,0.7904346
21.5,74.75,0.79079276,0.20920724
21.5,75.0,0.21072528,0.7892747
21.5,75.25,0.79056716,0.20943284
21.5,75.5,0.7911313,0.20886868
21.5,75.75,0.791404,0.20859599
21.5,76.0,0.7908993,0.20910072
21.5,76.25,0.79089427,0.20910573
21.5,76.5,0.79074985,0.20925015
21.5,76.75,0.79090804,0.20909196
21.5,77.0,0.7912067,0.20879328
21.5,77.25,0.7912067,0.20879328
21.5,77.5,0.79090106,0.20909894
21.5,77.75,0.7914364,0.20856363
21.5,78.0,0.79117554,0.20882446
21.5,78.25,0.79137194,0.20862806
21.5,78.5,0.79165673,0.20834327
21.5,78.75,0.79115283,0.20884717
21.5,79.0,0.7907524,0.20924759
21.5,79.25,0.7907052,0.2092948
21.5,79.5,0.7914425,0.20855749
21.5,79.75,0.7913442,0.20865577
21.5,80.0,0.7913442,0.20865577
21.5,80.25,0.7915368,0.20846319
21.5,80.5,0.7911935,0.20880651
21.5,80.75,0.7906156,0.20938438
21.5,81.0,0.2115176,0.7884824
21.5,81.25,0.20966066,0.79033935
21.5,81.5,0.20944697,0.79055303
21.5,81.75,0.21066889,0.7893311
21.5,82.0,0.2105837,0.7894163
21.5,82.25,0.20931165,0.79068834
21.5,82.5,0.20854461,0.7914554
21.5,82.75,0.20909084,0.7909092
21.5,83.0,0.20997605,0.7900239
21.5,83.25,0.2082692,0.7917308
21.5,83.5,0.20957081,0.7904292
21.5,83.75,0.20986845,0.79013157
21.5,84.0,0.20954038,0.79045963
21.5,84.25,0.2075339,0.7924661
21.5,84.5,0.20778826,0.7922118
21.5,84.75,0.20945519,0.7905448
21.5,85.0,0.20928602,0.79071397
21.5,85.25,0.20869777,0.7913022
21.5,85.5,0.79106003,0.20893997
21.5,85.75,0.7914658,0.20853418
21.5,86.0,0.79125226,0.20874774
21.5,86.25,0.7912285,0.20877153
21.5,86.5,0.7911766,0.20882338
21.5,86.75,0.7913592,0.20864081
21.5,87.0,0.7913592,0.20864081
21.5,87.25,0.79091865,0.20908135
21.5,87.5,0.79091257,0.20908743
21.5,87.75,0.7911007,0.20889932
21.5,88.0,0.7903806,0.2096194
21.5,88.25,0.79134065,0.20865935
21.5,88.5,0.7912009,0.20879912
21.5,88.75,0.7912361,0.2087639
21.5,89.0,0.791451,0.20854902
21.5,89.25,0.79133314,0.20866686
21.5,89.5,0.7915382,0.20846182
21.5,89.75,0.7912348,0.20876521
21.5,90.0,0.7912348,0.20876521
21.5,90.25,0.79162264,0.20837736
21.5,90.5,0.7916444,0.2083556
21.5,90.75,0.7913683,0.2086317
21.5,91.0,0.79113203,0.20886797
21.5,91.25,0.7909665,0.20903349
21.5,91.5,0.79127085,0.20872915
21.5,91.75,0.7918236,0.20817637
21.5,92.0,0.79125065,0.20874935
21.5,92.25,0.20741515,0.79258484
21.5,92.5,0.20986749,0.7901325
21.5,92.75,0.20740445,0.79259557
21.5,93.0,0.7915118,0.20848823
21.5,93.25,0.7913467,0.20865327
21.5,93.5,0.79021025,0.20978975
21.5,93.75,0.20929666,0.79070336
21.5,94.0,0.79096323,0.20903677
21.5,94.25,0.7912529,0.20874709
21.5,94.5,0.7913521,0.2086479
21.5,94.75,0.7913931,0.2086069
21.5,95.0,0.7913931,0.2086069
21.5,95.25,0.2074551,0.7925449
21.5,95.5,0.20790973,0.7920903
21.5,95.75,0.20790973,0.7920903
21.5,96.0,0.20868424,0.7913158
21.75,68.0,0.791367,0.208633
21.75,68.25,0.791367,0.208633
21.75,68.5,0.79085517,0.20914483
21.75,68.75,0.7902672,0.20973277
21.75,69.0,0.79114866,0.20885134
21.75,69.25,0.79048103,0.20951897
21.75,69.5,0.79048103,0.20951897
21.75,69.75,0.7904489,0.2095511
21.75,70.0,0.790009,0.20999098
21.75,70.25,0.21030885,0.78969115
21.75,70.5,0.21030885,0.78969115
21.75,70.75,0.21030885,0.78969115
21.75,71.0,0.21070623,0.78929377
21.75,71.25,0.21074276,0.7892572
21.75,71.5,0.2101145,0.7898855
21.75,71.75,0.20988181,0.7901182
21.75,72.0,0.2105437,0.7894563
21.75,72.25,0.21099363,0.78900635
21.75,72.5,0.2122926,0.7877074
21.75,72.75,0.21023674,0.7897633
21.75,73.0,0.21046138,0.7895386
21.75,73.25,0.7887247,0.21127528
21.75,73.5,0.79172915,0.20827085
21.75,73.75,0.7918934,0.20810658
21.75,74.0,0.7912382,0.20876181
21.75,74.25,0.7910247,0.20897532
21.75,74.5,0.79047793,0.20952207
21.75,74.75,0.21078663,0.78921336
21.75,75.0,0.21072528,0.7892747
21.75,75.25,0.21038382,0.78961617
21.75,75.5,0.7902992,0.20970082
21.75,75.75,0.79026777,0.20973223
21.75,76.0,0.7913269,0.20867312
21.75,76.25,0.79058707,0.20941293
21.75,76.5,0.79182583,0.20817417
21.75,76.75,0.79140025,0.20859975
21.75,77.0,0.79086745,0.20913255
21.75,77.25,0.7912902,0.20870978
21.75,77.5,0.7909392,0.20906079
21.75,77.75,0.7911936,0.2088064
21.75,78.0,0.7915498,0.2084502
21.75,78.25,0.7912692,0.20873082
21.75,78.5,0.79092765,0.20907235
21.75,78.75,0.21009722,0.7899028
21.75,79.0,0.79125965,0.20874035
21.75,79.25,0.7910277,0.20897228
21.75,79.5,0.2122284,0.7877716
21.75,79.75,0.7910139,0.2089861
21.75,80.0,0.79028505,0.20971495
21.75,80.25,0.7913524,0.20864761
21.75,80.5,0.791382,0.20861799
21.75,80.75,0.21111442,0.7888856
21.75,81.0,0.21050404,0.78949594
21.75,81.25,0.20991078,0.79008925
21.75,81.5,0.21076964,0.78923035
21.75,81.75,0.21053843,0.78946155
21.75,82.0,0.2094302,0.7905698
21.75,82.25,0.2094302,0.7905698
21.75,82.5,0.20837544,0.79162455
21.75,82.75,0.21006438,0.7899356
21.75,83.0,0.20982179,0.7901782
21.75,83.25,0.20973998,0.79026
21.75,83.5,0.20957081,0.7904292
21.75,83.75,0.20986845,0.79013157
21.75,84.0,0.20867324,0.79132676
21.75,84.25,0.20869777,0.7913022
21.75,84.5,0.7908121,0.20918792
21.75,84.75,0.7906022,0.2093978
21.75,85.0,0.79045993,0.20954007
21.75,85.25,0.20822251,0.7917775
21.75,85.5,0.7920835,0.2079165
21.75,85.75,0.79129535,0.20870465
21.75,86.0,0.7914809,0.2085191
21.75,86.25,0.79227775,0.20772225
21.75,86.5,0.79049975,0.20950025
21.75,86.75,0.7912111,0.20878887
21.75,87.0,0.79151547,0.20848453
21.75,87.25,0.7909599,0.2090401
21.75,87.5,0.7910633,0.20893669
21.75,87.75,0.79128736,0.20871264
21.75,88.0,0.7911317,0.20886832
21.75,88.25,0.7910197,0.20898032
21.75,88.5,0.79053986,0.20946014
21.75,88.75,0.20862766,0.79137236
21.75,89.0,0.7915616,0.2084384
21.75,89.25,0.79128236,0.20871764
21.75,89.5,0.7914945,0.20850551
21.75,89.75,0.7916671,0.2083329
21.75,90.0,0.79156977,0.20843023
21.75,90.25,0.79185456,0.20814544
21.75,90.5,0.79236686,0.20763314
21.75,90.75,0.79144007,0.20855993
21.75,91.0,0.7914,0.20859998
21.75,91.25,0.7917698,0.2082302
21.75,91.5,0.7919828,0.20801717
21.75,91.75,0.7917428,0.2082572
21.75,92.0,0.7906078,0.20939219
21.75,92.25,0.20740445,0.79259557
21.75,92.5,0.20740445,0.79259557
21.75,92.75,0.79182035,0.20817965
21.75,93.0,0.7915118,0.20848823
21.75,93.25,0.7910098,0.20899022
21.75,93.5,0.78839,0.21161002
21.75,93.75,0.20767912,0.79232085
21.75,94.0,0.7913409,0.20865911
21.75,94.25,0.7909673,0.20903271
21.75,94.5,0.7913521,0.2086479
21.75,94.75,0.20747963,0.7925204
21.75,95.0,0.20721194,0.792788
21.75,95.25,0.20721194,0.792788
21.75,95.5,0.20747963,0.7925204
21.75,95.75,0.20731284,0.7926872
21.75,96.0,0.20893933,0.7910607
22.0,68.0,0.79177034,0.20822966
22.0,68.25,0.791367,0.208633
22.0,68.5,0.79085517,0.20914483
22.0,68.75,0.79077905,0.20922095
22.0,69.0,0.7905297,0.20947027
22.0,69.25,0.79062045,0.20937955
22.0,69.5,0.79048103,0.20951897
22.0,69.75,0.79048103,0.20951897
22.0,70.0,0.79056865,0.20943135
22.0,70.25,0.21037304,0.78962696
22.0,70.5,0.21037304,0.78962696
22.0,70.75,0.21037304,0.78962696
22.0,71.0,0.21077043,0.7892296
22.0,71.25,0.21080695,0.78919303
22.0,71.5,0.21255934,0.78744066
22.0,71.75,0.49979296,0.50020707
22.0,72.0,0.21964954,0.78035045
22.0,72.25,0.21065916,0.78934085
22.0,72.5,0.22003584,0.77996415
22.0,72.75,0.21003848,0.7899615
22.0,73.0,0.78948635,0.21051365
22.0,73.25,0.211858,0.78814197
22.0,73.5,0.213253,0.786747
22.0,73.75,0.208751,0.79124904
22.0,74.0,0.2086913,0.7913087
22.0,74.25,0.20937622,0.7906238
22.0,74.5,0.20933367,0.79066634
22.0,74.75,0.20934765,0.79065233
22.0,75.0,0.21038382,0.78961617
22.0,75.25,0.20981328,0.7901867
22.0,75.5,0.7902992,0.20970082
22.0,75.75,0.791136,0.20886397
22.0,76.0,0.79181,0.20819002
22.0,76.25,0.79340446,0.20659554
22.0,76.5,0.79320043,0.20679957
22.0,76.75,0.7934882,0.2065118
22.0,77.0,0.79123217,0.20876783
22.0,77.25,0.791363,0.208637
22.0,77.5,0.79137105,0.20862895
22.0,77.75,0.7916084,0.2083916
22.0,78.0,0.7918361,0.20816392
22.0,78.25,0.79133886,0.20866114
22.0,78.5,0.790604,0.209396
22.0,78.75,0.79142845,0.20857155
22.0,79.0,0.79069954,0.20930046
22.0,79.25,0.21077403,0.78922594
22.0,79.5,0.21249965,0.7875004
22.0,79.75,0.7907052,0.2092948
22.0,80.0,0.7913079,0.20869207
22.0,80.25,0.7914248,0.20857519
22.0,80.5,0.7908718,0.2091282
22.0,80.75,0.79091644,0.20908356
22.0,81.0,0.21060959,0.78939044
22.0,81.25,0.20972382,0.79027617
22.0,81.5,0.21076964,0.78923035
22.0,81.75,0.20931165,0.79068834
22.0,82.0,0.20965451,0.7903455
22.0,82.25,0.21038783,0.7896122
22.0,82.5,0.21012756,0.7898724
22.0,82.75,0.21012756,0.7898724
22.0,83.0,0.20957081,0.7904292
22.0,83.25,0.2101065,0.7898935
22.0,83.5,0.2101065,0.7898935
22.0,83.75,0.20986845,0.79013157
22.0,84.0,0.20945519,0.7905448
22.0,84.25,0.7905113,0.20948869
22.0,84.5,0.20730679,0.7926932
22.0,84.75,0.790552,0.20944798
22.0,85.0,0.79050064,0.20949936
22.0,85.25,0.20907882,0.7909212
22.0,85.5,0.7912478,0.20875221
22.0,85.75,0.7912986,0.20870137
22.0,86.0,0.79083806,0.20916194
22.0,86.25,0.7911401,0.20885992
22.0,86.5,0.7908328,0.20916718
22.0,86.75,0.79125285,0.20874715
22.0,87.0,0.79119325,0.20880675
22.0,87.25,0.79142034,0.20857966
22.0,87.5,0.7907899,0.2092101
22.0,87.75,0.7898915,0.21010852
22.0,88.0,0.7912534,0.20874661
22.0,88.25,0.7920602,0.2079398
22.0,88.5,0.7916143,0.2083857
22.0,88.75,0.79367995,0.20632005
22.0,89.0,0.7912687,0.2087313
22.0,89.25,0.79128236,0.20871764
22.0,89.5,0.7915357,0.20846432
22.0,89.75,0.21035163,0.78964835
22.0,90.0,0.79132867,0.20867133
22.0,90.25,0.791394,0.208606
22.0,90.5,0.7922106,0.20778942
22.0,90.75,0.7919728,0.20802718
22.0,91.0,0.79128826,0.20871174
22.0,91.25,0.79147995,0.20852005
22.0,91.5,0.7914792,0.20852083
22.0,91.75,0.792641,0.20735902
22.0,92.0,0.79078406,0.20921594
22.0,92.25,0.20740445,0.79259557
22.0,92.5,0.7935675,0.20643252
22.0,92.75,0.79153335,0.20846665
22.0,93.0,0.7913467,0.20865327
22.0,93.25,0.7898043,0.21019572
22.0,93.5,0.20868574,0.79131424
22.0,93.75,0.20710829,0.79289174
22.0,94.0,0.7905725,0.20942748
22.0,94.25,0.7911792,0.20882082
22.0,94.5,0.79084784,0.20915216
22.0,94.75,0.20777817,0.79222184
22.0,95.0,0.20747963,0.7925204
22.0,95.25,0.7933983,0.20660168
22.0,95.5,0.79174745,0.20825255
22.0,95.75,0.7912208,0.20877922
22.0,96.0,0.79103106,0.20896894
22.25,68.0,0.7919125,0.2080875
22.25,68.25,0.79085517,0.20914483
22.25,68.5,0.7919125,0.2080875
22.25,68.75,0.79093486,0.20906514
22.25,69.0,0.79008293,0.20991707
22.25,69.25,0.7900508,0.2099492
22.25,69.5,0.79072857,0.20927143
22.25,69.75,0.79048103,0.20951897
22.25,70.0,0.7894614,0.21053863
22.25,70.25,0.21037304,0.78962696
22.25,70.5,0.21037304,0.78962696
22.25,70.75,0.21104233,0.78895766
22.25,71.0,0.21165226,0.7883477
22.25,71.25,0.21324967,0.7867503
22.25,71.5,0.21227106,0.7877289
22.25,71.75,0.21265793,0.7873421
22.25,72.0,0.21552698,0.784473
22.25,72.25,0.21258087,0.78741914
22.25,72.5,0.22003584,0.77996415
22.25,72.75,0.21433435,0.78566563
22.25,73.0,0.2106773,0.78932273
22.25,73.25,0.78910506,0.21089494
22.25,73.5,0.20996027,0.7900397
22.25,73.75,0.20861928,0.7913807
22.25,74.0,0.2090714,0.7909286
22.25,74.25,0.20923395,0.79076606
22.25,74.5,0.20852423,0.7914758
22.25,74.75,0.20980228,0.79019773
22.25,75.0,0.21051538,0.7894846
22.25,75.25,0.79070604,0.20929396
22.25,75.5,0.79121995,0.20878005
22.25,75.75,0.7913269,0.20867312
22.25,76.0,0.7913476,0.20865238
22.25,76.25,0.79232043,0.20767957
22.25,76.5,0.79354143,0.20645857
22.25,76.75,0.7932976,0.20670241
22.25,77.0,0.79232574,0.20767426
22.25,77.25,0.7912835,0.20871651
22.25,77.5,0.7912659,0.2087341
22.25,77.75,0.7917386,0.20826137
22.25,78.0,0.7914165,0.20858347
22.25,78.25,0.7913125,0.20868748
22.25,78.5,0.79184264,0.20815736
22.25,78.75,0.7920189,0.20798111
22.25,79.0,0.79135007,0.20864993
22.25,79.25,0.7911168,0.20888323
22.25,79.5,0.7908056,0.20919442
22.25,79.75,0.7907052,0.2092948
22.25,80.0,0.7915205,0.20847952
22.25,80.25,0.7912027,0.20879728
22.25,80.5,0.79128575,0.20871425
22.25,80.75,0.79116714,0.20883286
22.25,81.0,0.7909893,0.20901072
22.25,81.25,0.7909945,0.20900548
22.25,81.5,0.7911598,0.20884019
22.25,81.75,0.7906111,0.20938891
22.25,82.0,0.79066247,0.20933753
22.25,82.25,0.78992665,0.21007335
22.25,82.5,0.21055877,0.7894412
22.25,82.75,0.7899249,0.21007508
22.25,83.0,0.21002132,0.7899787
22.25,83.25,0.7902834,0.20971662
22.25,83.5,0.7901643,0.20983571
22.25,83.75,0.7907926,0.20920742
22.25,84.0,0.7910815,0.20891851
22.25,84.25,0.7907412,0.2092588
22.25,84.5,0.2075339,0.7924661
22.25,84.75,0.7905113,0.20948869
22.25,85.0,0.7905113,0.20948869
22.25,85.25,0.20923674,0.79076326
22.25,85.5,0.7910452,0.20895481
22.25,85.75,0.79148686,0.20851314
22.25,86.0,0.7913792,0.20862079
22.25,86.25,0.7911505,0.20884949
22.25,86.5,0.7908921,0.20910788
22.25,86.75,0.7912111,0.20878887
22.25,87.0,0.79122823,0.20877177
22.25,87.25,0.79110885,0.20889115
22.25,87.5,0.79109234,0.20890766
22.25,87.75,0.7913079,0.20869207
22.25,88.0,0.7917383,0.20826173
22.25,88.25,0.79215944,0.20784056
22.25,88.5,0.7919819,0.20801812
22.25,88.75,0.79148036,0.20851964
22.25,89.0,0.7906685,0.20933151
22.25,89.25,0.79158324,0.20841676
22.25,89.5,0.7917423,0.20825768
22.25,89.75,0.20964924,0.7903508
22.25,90.0,0.2097808,0.7902192
22.25,90.25,0.791388,0.20861202
22.25,90.5,0.7917183,0.2082817
22.25,90.75,0.7921429,0.20785707
22.25,91.0,0.79059935,0.20940065
22.25,91.25,0.7918765,0.2081235
22.25,91.5,0.7912856,0.20871443
22.25,91.75,0.79119635,0.20880365
22.25,92.0,0.7913644,0.20863563
22.25,92.25,0.2076757,0.7923243
22.25,92.5,0.7914237,0.20857632
22.25,92.75,0.79167587,0.20832413
22.25,93.0,0.78952837,0.21047163
22.25,93.25,0.20929666,0.79070336
22.25,93.5,0.7905253,0.20947468
22.25,93.75,0.79040396,0.20959604
22.25,94.0,0.7914215,0.20857853
22.25,94.25,0.7911576,0.2088424
22.25,94.5,0.7912597,0.2087403
22.25,94.75,0.7911637,0.20883632
22.25,95.0,0.7902443,0.20975572
22.25,95.25,0.7919272,0.20807278
22.25,95.5,0.79201645,0.20798355
22.25,95.75,0.7917445,0.20825553
22.25,96.0,0.7914403,0.20855969
22.5,68.0,0.7911027,0.2088973
22.5,68.25,0.79177034,0.20822966
22.5,68.5,0.7911027,0.2088973
22.5,68.75,0.79129094,0.20870906
22.5,69.0,0.79153836,0.20846164
22.5,69.25,0.7910946,0.2089054
22.5,69.5,0.79048103,0.20951897
22.5,69.75,0.79048103,0.20951897
22.5,70.0,0.790009,0.20999098
22.5,70.25,0.21034537,0.7896546
22.5,70.5,0.21070752,0.78929245
22.5,70.75,0.21070752,0.78929245
22.5,71.0,0.21018627,0.78981376
22.5,71.25,0.21242821,0.7875718
22.5,71.5,0.21255934,0.78744066
22.5,71.75,0.21128505,0.78871495
22.5,72.0,0.21083254,0.78916746
22.5,72.25,0.21108206,0.78891796
22.5,72.5,0.21047084,0.78952914
22.5,72.75,0.21017255,0.78982747
22.5,73.0,0.21017255,0.78982747
22.5,73.25,0.21023674,0.7897633
22.5,73.5,0.21049021,0.7895098
22.5,73.75,0.20861928,0.7913807
22.5,74.0,0.20881703,0.791183
22.5,74.25,0.20937622,0.7906238
22.5,74.5,0.20918395,0.79081607
22.5,74.75,0.20934765,0.79065233
22.5,75.0,0.7911834,0.20881659
22.5,75.25,0.79109824,0.20890176
22.5,75.5,0.7901871,0.20981288
22.5,75.75,0.7911481,0.20885187
22.5,76.0,0.7903695,0.20963049
22.5,76.25,0.79189026,0.20810974
22.5,76.5,0.7930504,0.20694959
22.5,76.75,0.79408157,0.20591843
22.5,77.0,0.79215693,0.20784307
22.5,77.25,0.7922592,0.20774078
22.5,77.5,0.7913181,0.20868188
22.5,77.75,0.7909377,0.20906228
22.5,78.0,0.79136366,0.20863634
22.5,78.25,0.79146874,0.20853126
22.5,78.5,0.7913125,0.20868748
22.5,78.75,0.7913408,0.20865917
22.5,79.0,0.791483,0.20851701
22.5,79.25,0.79142845,0.20857155
22.5,79.5,0.7914606,0.20853943
22.5,79.75,0.79128575,0.20871425
22.5,80.0,0.7915205,0.20847952
22.5,80.25,0.7915205,0.20847952
22.5,80.5,0.7913442,0.20865577
22.5,80.75,0.7910361,0.20896387
22.5,81.0,0.7911556,0.20884442
22.5,81.25,0.7910478,0.20895219
22.5,81.5,0.7905704,0.20942962
22.5,81.75,0.79066247,0.20933753
22.5,82.0,0.79062176,0.20937824
22.5,82.25,0.79106057,0.20893943
22.5,82.5,0.79165214,0.20834786
22.5,82.75,0.7908728,0.20912719
22.5,83.0,0.79058415,0.20941585
22.5,83.25,0.7902834,0.20971662
22.5,83.5,0.20926389,0.7907361
22.5,83.75,0.79129916,0.20870084
22.5,84.0,0.7909462,0.20905381
22.5,84.25,0.79034084,0.20965916
22.5,84.5,0.79093736,0.20906264
22.5,84.75,0.7906894,0.20931059
22.5,85.0,0.20854904,0.791451
22.5,85.25,0.20954038,0.79045963
22.5,85.5,0.79113287,0.20886713
22.5,85.75,0.7911765,0.2088235
22.5,86.0,0.7913792,0.20862079
22.5,86.25,0.7913471,0.20865291
22.5,86.5,0.79124075,0.20875925
22.5,86.75,0.7916494,0.2083506
22.5,87.0,0.7910302,0.20896977
22.5,87.25,0.79138255,0.20861745
22.5,87.5,0.7911523,0.2088477
22.5,87.75,0.7918995,0.2081005
22.5,88.0,0.7914173,0.2085827
22.5,88.25,0.7920311,0.20796889
22.5,88.5,0.7903062,0.20969379
22.5,88.75,0.7899772,0.2100228
22.5,89.0,0.7899772,0.2100228
22.5,89.25,0.79090804,0.20909196
22.5,89.5,0.21138848,0.78861153
22.5,89.75,0.21005204,0.789948
22.5,90.0,0.20932616,0.79067385
22.5,90.25,0.20932616,0.79067385
22.5,90.5,0.7917183,0.2082817
22.5,90.75,0.79194653,0.20805347
22.5,91.0,0.7910235,0.2089765
22.5,91.25,0.7915499,0.20845008
22.5,91.5,0.79187137,0.20812863
22.5,91.75,0.791729,0.20827103
22.5,92.0,0.2103779,0.78962207
22.5,92.25,0.20838879,0.7916112
22.5,92.5,0.79119426,0.20880574
22.5,92.75,0.79105157,0.20894843
22.5,93.0,0.20781796,0.792182
22.5,93.25,0.7897603,0.21023971
22.5,93.5,0.7889703,0.21102971
22.5,93.75,0.7914937,0.20850629
22.5,94.0,0.7914912,0.20850879
22.5,94.25,0.79096204,0.20903796
22.5,94.5,0.79163927,0.20836073
22.5,94.75,0.7917845,0.20821548
22.5,95.0,0.79171705,0.20828295
22.5,95.25,0.7910472,0.20895278
22.5,95.5,0.7917308,0.20826918
22.5,95.75,0.791799,0.20820099
22.5,96.0,0.7913569,0.20864308
22.75,68.0,0.79085517,0.20914483
22.75,68.25,0.7911027,0.2088973
22.75,68.5,0.791367,0.208633
22.75,68.75,0.7902672,0.20973277
22.75,69.0,0.79114866,0.20885134
22.75,69.25,0.79048103,0.20951897
22.75,69.5,0.78984714,0.21015286
22.75,69.75,0.7907547,0.20924532
22.75,70.0,0.20989038,0.79010963
22.75,70.25,0.20918873,0.7908113
22.75,70.5,0.20969507,0.7903049
22.75,70.75,0.20986424,0.79013574
22.75,71.0,0.21058601,0.789414
22.75,71.25,0.21028776,0.78971225
22.75,71.5,0.20938872,0.79061127
22.75,71.75,0.20938872,0.79061127
22.75,72.0,0.20922634,0.79077363
22.75,72.25,0.21013603,0.78986394
22.75,72.5,0.21017255,0.78982747
22.75,72.75,0.21013603,0.78986394
22.75,73.0,0.21047084,0.78952914
22.75,73.25,0.21186307,0.78813696
22.75,73.5,0.21075942,0.7892406
22.75,73.75,0.20894367,0.79105633
22.75,74.0,0.2091214,0.7908786
22.75,74.25,0.20924465,0.79075533
22.75,74.5,0.2097237,0.7902763
22.75,74.75,0.7904307,0.20956928
22.75,75.0,0.791136,0.20886397
22.75,75.25,0.7913132,0.20868683
22.75,75.5,0.79125446,0.20874554
22.75,75.75,0.791467,0.20853299
22.75,76.0,0.7914376,0.20856237
22.75,76.25,0.7866793,0.21332067
22.75,76.5,0.79638255,0.20361745
22.75,76.75,0.7920592,0.20794082
22.75,77.0,0.79232574,0.20767426
22.75,77.25,0.7920628,0.20793718
22.75,77.5,0.7913181,0.20868188
22.75,77.75,0.7910368,0.20896322
22.75,78.0,0.7913436,0.20865637
22.75,78.25,0.79127234,0.20872766
22.75,78.5,0.7914777,0.20852232
22.75,78.75,0.7912403,0.20875973
22.75,79.0,0.7914926,0.20850742
22.75,79.25,0.7915151,0.20848489
22.75,79.5,0.7906932,0.20930678
22.75,79.75,0.7906932,0.20930678
22.75,80.0,0.7913179,0.20868212
22.75,80.25,0.7918617,0.20813829
22.75,80.5,0.7913442,0.20865577
22.75,80.75,0.79058343,0.20941657
22.75,81.0,0.7913442,0.20865577
22.75,81.25,0.79112065,0.20887935
22.75,81.5,0.20983405,0.79016596
22.75,81.75,0.790864,0.20913601
22.75,82.0,0.79112065,0.20887935
22.75,82.25,0.791259,0.20874101
22.75,82.5,0.7912134,0.2087866
22.75,82.75,0.7909563,0.20904368
22.75,83.0,0.7907608,0.20923918
22.75,83.25,0.79039884,0.20960116
22.75,83.5,0.7909242,0.20907581
22.75,83.75,0.7910102,0.2089898
22.75,84.0,0.7907412,0.2092588
22.75,84.25,0.7907607,0.2092393
22.75,84.5,0.7907607,0.2092393
22.75,84.75,0.20867324,0.79132676
22.75,85.0,0.20852451,0.7914755
22.75,85.25,0.20926262,0.7907374
22.75,85.5,0.79050064,0.20949936
22.75,85.75,0.7911765,0.2088235
22.75,86.0,0.7910354,0.20896459
22.75,86.25,0.7915117,0.20848829
22.75,86.5,0.7912285,0.20877153
22.75,86.75,0.79130495,0.20869505
22.75,87.0,0.7912352,0.20876479
22.75,87.25,0.79113704,0.20886296
22.75,87.5,0.7906131,0.20938689
22.75,87.75,0.7911277,0.20887232
22.75,88.0,0.79129964,0.20870036
22.75,88.25,0.2088992,0.7911008
22.75,88.5,0.21009277,0.7899072
22.75,88.75,0.2103779,0.78962207
22.75,89.0,0.20777959,0.7922204
22.75,89.25,0.2097977,0.7902023
22.75,89.5,0.21035163,0.78964835
22.75,89.75,0.20964924,0.7903508
22.75,90.0,0.2097808,0.7902192
22.75,90.25,0.20964924,0.7903508
22.75,90.5,0.79210424,0.20789576
22.75,90.75,0.79157597,0.20842403
22.75,91.0,0.7910235,0.2089765
22.75,91.25,0.7918043,0.20819569
22.75,91.5,0.7910354,0.20896459
22.75,91.75,0.79187363,0.20812637
22.75,92.0,0.79091895,0.20908105
22.75,92.25,0.7912052,0.20879477
22.75,92.5,0.7913911,0.20860893
22.75,92.75,0.79149264,0.20850736
22.75,93.0,0.79080063,0.20919937
22.75,93.25,0.7905725,0.20942748
22.75,93.5,0.79051965,0.20948035
22.75,93.75,0.79156953,0.20843047
22.75,94.0,0.79090226,0.20909774
22.75,94.25,0.7905057,0.2094943
22.75,94.5,0.7910843,0.20891571
22.75,94.75,0.7918238,0.2081762
22.75,95.0,0.7907357,0.20926428
22.75,95.25,0.7919972,0.2080028
22.75,95.5,0.79173887,0.20826113
22.75,95.75,0.7915166,0.2084834
22.75,96.0,0.7917445,0.20825553
23.0,68.0,0.7911027,0.2088973
23.0,68.25,0.79085517,0.20914483
23.0,68.5,0.79085517,0.20914483
23.0,68.75,0.7907469,0.20925307
23.0,69.0,0.7899002,0.21009982
23.0,69.25,0.20990188,0.79009813
23.0,69.5,0.20961046,0.79038954
23.0,69.75,0.21037304,0.78962696
23.0,70.0,0.21203083,0.7879692
23.0,70.25,0.21203083,0.7879692
23.0,70.5,0.21040957,0.7895904
23.0,70.75,0.21030885,0.78969115
23.0,71.0,0.20948304,0.790517
23.0,71.25,0.2085095,0.7914905
23.0,71.5,0.20791776,0.79208225
23.0,71.75,0.20854844,0.7914516
23.0,72.0,0.20894113,0.7910589
23.0,72.25,0.20982872,0.79017127
23.0,72.5,0.20948586,0.7905141
23.0,72.75,0.21013603,0.78986394
23.0,73.0,0.21017255,0.78982747
23.0,73.25,0.21059231,0.7894077
23.0,73.5,0.21362877,0.78637123
23.0,73.75,0.2091767,0.7908233
23.0,74.0,0.790492,0.209508
23.0,74.25,0.79047984,0.20952016
23.0,74.5,0.79125625,0.20874375
23.0,74.75,0.79125625,0.20874375
23.0,75.0,0.7909919,0.2090081
23.0,75.25,0.7911305,0.20886952
23.0,75.5,0.7914624,0.20853758
23.0,75.75,0.7934179,0.20658213
23.0,76.0,0.7916656,0.20833439
23.0,76.25,0.79445326,0.20554674
23.0,76.5,0.7914679,0.2085321
23.0,76.75,0.79199266,0.20800734
23.0,77.0,0.7920628,0.20793718
23.0,77.25,0.7920539,0.20794612
23.0,77.5,0.7909377,0.20906228
23.0,77.75,0.7913181,0.20868188
23.0,78.0,0.7909269,0.20907313
23.0,78.25,0.7917406,0.2082594
23.0,78.5,0.7909269,0.20907313
23.0,78.75,0.79146874,0.20853126
23.0,79.0,0.7917082,0.20829183
23.0,79.25,0.7916597,0.20834029
23.0,79.5,0.7915151,0.20848489
23.0,79.75,0.79151326,0.20848674
23.0,80.0,0.7912285,0.20877153
23.0,80.25,0.7915205,0.20847952
23.0,80.5,0.79185635,0.20814365
23.0,80.75,0.7910702,0.20892978
23.0,81.0,0.7910702,0.20892978
23.0,81.25,0.79148555,0.20851445
23.0,81.5,0.789903,0.21009701
23.0,81.75,0.79112065,0.20887935
23.0,82.0,0.79135823,0.20864177
23.0,82.25,0.7912076,0.20879239
23.0,82.5,0.79074216,0.20925784
23.0,82.75,0.79103714,0.20896286
23.0,83.0,0.7911226,0.20887738
23.0,83.25,0.7908015,0.20919847
23.0,83.5,0.7913768,0.20862317
23.0,83.75,0.79046,0.20954001
23.0,84.0,0.20912787,0.7908721
23.0,84.25,0.20926262,0.7907374
23.0,84.5,0.20841643,0.79158354
23.0,84.75,0.20954038,0.79045963
23.0,85.0,0.20867324,0.79132676
23.0,85.25,0.20811832,0.7918817
23.0,85.5,0.20761353,0.7923865
23.0,85.75,0.7915093,0.20849073
23.0,86.0,0.7912754,0.20872462
23.0,86.25,0.7908328,0.20916718
23.0,86.5,0.79098934,0.20901066
23.0,86.75,0.79150385,0.20849615
23.0,87.0,0.79137576,0.20862424
23.0,87.25,0.790989,0.20901102
23.0,87.5,0.79116476,0.20883524
23.0,87.75,0.7918238,0.2081762
23.0,88.0,0.7917922,0.20820779
23.0,88.25,0.7912571,0.20874292
23.0,88.5,0.7909537,0.2090463
23.0,88.75,0.7903062,0.20969379
23.0,89.0,0.7867161,0.2132839
23.0,89.25,0.79062325,0.20937675
23.0,89.5,0.20964924,0.7903508
23.0,89.75,0.2097808,0.7902192
23.0,90.0,0.2097808,0.7902192
23.0,90.25,0.2097808,0.7902192
23.0,90.5,0.79235274,0.20764726
23.0,90.75,0.7919922,0.20800781
23.0,91.0,0.7914727,0.20852733
23.0,91.25,0.7915781,0.20842189
23.0,91.5,0.7915341,0.20846587
23.0,91.75,0.20862766,0.79137236
23.0,92.0,0.2084961,0.7915039
23.0,92.25,0.79013216,0.20986784
23.0,92.5,0.79167587,0.20832413
23.0,92.75,0.79148465,0.20851535
23.0,93.0,0.79104227,0.20895773
23.0,93.25,0.7906377,0.20936233
23.0,93.5,0.7909216,0.20907837
23.0,93.75,0.7916534,0.2083466
23.0,94.0,0.79143596,0.20856404
23.0,94.25,0.79166025,0.20833975
23.0,94.5,0.7917317,0.20826828
23.0,94.75,0.7918238,0.2081762
23.0,95.0,0.79153526,0.20846474
23.0,95.25,0.7918548,0.2081452
23.0,95.5,0.7911434,0.20885658
23.0,95.75,0.7911773,0.20882273
23.0,96.0,0.7912109,0.20878911
23.25,68.0,0.7911027,0.2088973
23.25,68.25,0.7914916,0.20850837
23.25,68.5,0.79085517,0.20914483
23.25,68.75,0.21051,0.78949
23.25,69.0,0.21021858,0.78978145
23.25,69.25,0.20973271,0.7902673
23.25,69.5,0.20936128,0.7906387
23.25,69.75,0.20978889,0.7902111
23.25,70.0,0.20978889,0.7902111
23.25,70.25,0.21073936,0.7892606
23.25,70.5,0.21203083,0.7879692
23.25,70.75,0.21391545,0.78608453
23.25,71.0,0.21018627,0.78981376
23.25,71.25,0.21018627,0.78981376
23.25,71.5,0.20989282,0.7901072
23.25,71.75,0.20959453,0.79040545
23.25,72.0,0.21040964,0.78959036
23.25,72.25,0.21130659,0.7886934
23.25,72.5,0.2106773,0.78932273
23.25,72.75,0.21267946,0.78732055
23.25,73.0,0.21349296,0.786507
23.25,73.25,0.21342877,0.78657126
23.25,73.5,0.21076207,0.7892379
23.25,73.75,0.7908733,0.20912671
23.25,74.0,0.7918985,0.20810151
23.25,74.25,0.7919474,0.20805258
23.25,74.5,0.7905788,0.20942122
23.25,74.75,0.79100543,0.20899457
23.25,75.0,0.79113585,0.20886415
23.25,75.25,0.7922654,0.20773458
23.25,75.5,0.7925096,0.20749038
23.25,75.75,0.79225576,0.20774424
23.25,76.0,0.7917586,0.2082414
23.25,76.25,0.7922033,0.2077967
23.25,76.5,0.7916311,0.2083689
23.25,76.75,0.79155886,0.20844114
23.25,77.0,0.7920539,0.20794612
23.25,77.25,0.79189765,0.20810235
23.25,77.5,0.7897002,0.21029979
23.25,77.75,0.7909377,0.20906228
23.25,78.0,0.7916741,0.20832592
23.25,78.25,0.790959,0.209041
23.25,78.5,0.7915718,0.2084282
23.25,78.75,0.7915098,0.2084902
23.25,79.0,0.7918965,0.20810348
23.25,79.25,0.7912325,0.20876747
23.25,79.5,0.790604,0.209396
23.25,79.75,0.79132205,0.20867795
23.25,80.0,0.7909805,0.20901948
23.25,80.25,0.79132205,0.20867795
23.25,80.5,0.791379,0.20862103
23.25,80.75,0.79106057,0.20893943
23.25,81.0,0.7917947,0.20820528
23.25,81.25,0.7899546,0.2100454
23.25,81.5,0.21057135,0.78942865
23.25,81.75,0.79112065,0.20887935
23.25,82.0,0.79128695,0.20871305
23.25,82.25,0.7909337,0.20906627
23.25,82.5,0.79116225,0.20883775
23.25,82.75,0.7911421,0.2088579
23.25,83.0,0.7912134,0.2087866
23.25,83.25,0.7911421,0.2088579
23.25,83.5,0.7905426,0.2094574
23.25,83.75,0.7908345,0.20916551
23.25,84.0,0.79046,0.20954001
23.25,84.25,0.20854843,0.7914516
23.25,84.5,0.79046,0.20954001
23.25,84.75,0.79093736,0.20906264
23.25,85.0,0.20811832,0.7918817
23.25,85.25,0.2082135,0.7917865
23.25,85.5,0.20823756,0.7917625
23.25,85.75,0.7904725,0.20952749
23.25,86.0,0.79124075,0.20875925
23.25,86.25,0.7911808,0.20881921
23.25,86.5,0.7911808,0.20881921
23.25,86.75,0.7908921,0.20910788
23.25,87.0,0.79101324,0.20898676
23.25,87.25,0.79141796,0.20858204
23.25,87.5,0.79118603,0.20881397
23.25,87.75,0.79116476,0.20883524
23.25,88.0,0.7913287,0.20867127
23.25,88.25,0.79160976,0.20839024
23.25,88.5,0.78990024,0.21009976
23.25,88.75,0.7917794,0.2082206
23.25,89.0,0.7919723,0.20802772
23.25,89.25,0.79132354,0.20867646
23.25,89.5,0.79120576,0.20879424
23.25,89.75,0.79149806,0.20850194
23.25,90.0,0.21005204,0.789948
23.25,90.25,0.2097808,0.7902192
23.25,90.5,0.7917603,0.20823967
23.25,90.75,0.7914963,0.20850372
23.25,91.0,0.7919229,0.20807707
23.25,91.25,0.7916764,0.2083236
23.25,91.5,0.208274,0.791726
23.25,91.75,0.20817302,0.79182696
23.25,92.0,0.2088989,0.7911011
23.25,92.25,0.20781796,0.792182
23.25,92.5,0.791281,0.20871902
23.25,92.75,0.79082346,0.20917654
23.25,93.0,0.7905725,0.20942748
23.25,93.25,0.7908985,0.2091015
23.25,93.5,0.7913092,0.20869082
23.25,93.75,0.7912208,0.20877922
23.25,94.0,0.79166025,0.20833975
23.25,94.25,0.7916395,0.2083605
23.25,94.5,0.791457,0.208543
23.25,94.75,0.791944,0.20805597
23.25,95.0,0.7919326,0.20806742
23.25,95.25,0.79138744,0.20861256
23.25,95.5,0.78983855,0.21016145
23.25,95.75,0.7902443,0.20975572
23.25,96.0,0.20966521,0.7903348
23.5,68.0,0.791367,0.208633
23.5,68.25,0.7911027,0.2088973
23.5,68.5,0.79078615,0.20921385
23.5,68.75,0.21051,0.78949
23.5,69.0,0.21019141,0.7898086
23.5,69.25,0.20920499,0.790795
23.5,69.5,0.20939781,0.7906022
23.5,69.75,0.21040957,0.7895904
23.5,70.0,0.20978889,0.7902111
23.5,70.25,0.20978889,0.7902111
23.5,70.5,0.20978889,0.7902111
23.5,70.75,0.21246542,0.7875346
23.5,71.0,0.220407,0.779593
23.5,71.25,0.21759078,0.7824092
23.5,71.5,0.2133808,0.7866192
23.5,71.75,0.2151343,0.78486574
23.5,72.0,0.220407,0.779593
23.5,72.25,0.21340233,0.78659767
23.5,72.5,0.2122926,0.7877074
23.5,72.75,0.21340233,0.78659767
23.5,73.0,0.21433435,0.78566563
23.5,73.25,0.49979296,0.50020707
23.5,73.5,0.49979296,0.50020707
23.5,73.75,0.7906353,0.20936471
23.5,74.0,0.78979164,0.21020836
23.5,74.25,0.79114527,0.20885473
23.5,74.5,0.790006,0.20999402
23.5,74.75,0.7915741,0.20842588
23.5,75.0,0.7911538,0.20884621
23.5,75.25,0.79123765,0.20876235
23.5,75.5,0.79281974,0.20718026
23.5,75.75,0.7911654,0.20883459
23.5,76.0,0.7924135,0.20758653
23.5,76.25,0.79199797,0.20800203
23.5,76.5,0.79199266,0.20800734
23.5,76.75,0.79179627,0.20820373
23.5,77.0,0.7922592,0.20774078
23.5,77.25,0.7919488,0.2080512
23.5,77.5,0.7891199,0.2108801
23.5,77.75,0.7897002,0.21029979
23.5,78.0,0.79108834,0.20891166
23.5,78.25,0.7909121,0.20908791
23.5,78.5,0.7911874,0.2088126
23.5,78.75,0.7914165,0.20858347
23.5,79.0,0.79149944,0.20850056
23.5,79.25,0.7911704,0.20882958
23.5,79.5,0.79132205,0.20867795
23.5,79.75,0.7910334,0.20896661
23.5,80.0,0.7910334,0.20896661
23.5,80.25,0.7910139,0.2089861
23.5,80.5,0.7895237,0.21047628
23.5,80.75,0.7886984,0.21130162
23.5,81.0,0.7882236,0.21177638
23.5,81.25,0.20980035,0.79019964
23.5,81.5,0.21031913,0.78968084
23.5,81.75,0.7905398,0.2094602
23.5,82.0,0.7904991,0.20950091
23.5,82.25,0.7903485,0.20965153
23.5,82.5,0.20923725,0.7907628
23.5,82.75,0.7910478,0.20895219
23.5,83.0,0.79079735,0.20920265
23.5,83.25,0.7902121,0.2097879
23.5,83.5,0.79046,0.20954001
23.5,83.75,0.7900531,0.20994687
23.5,84.0,0.79065126,0.20934874
23.5,84.25,0.79090106,0.20909894
23.5,84.5,0.79092276,0.20907724
23.5,84.75,0.7915414,0.2084586
23.5,85.0,0.7911515,0.20884848
23.5,85.25,0.7900993,0.20990068
23.5,85.5,0.7905426,0.2094574
23.5,85.75,0.79132396,0.20867604
23.5,86.0,0.79088646,0.20911354
23.5,86.25,0.7908921,0.20910788
23.5,86.5,0.7911401,0.20885992
23.5,86.75,0.7908921,0.20910788
23.5,87.0,0.7909587,0.2090413
23.5,87.25,0.7911041,0.20889592
23.5,87.5,0.7912353,0.20876467
23.5,87.75,0.790989,0.20901102
23.5,88.0,0.79143256,0.20856744
23.5,88.25,0.79217714,0.20782286
23.5,88.5,0.791561,0.20843899
23.5,88.75,0.79193527,0.20806473
23.5,89.0,0.7905117,0.20948827
23.5,89.25,0.79131544,0.20868456
23.5,89.5,0.79213494,0.20786506
23.5,89.75,0.7921881,0.20781189
23.5,90.0,0.7914352,0.20856482
23.5,90.25,0.2097808,0.7902192
23.5,90.5,0.7920625,0.20793748
23.5,90.75,0.7921429,0.20785707
23.5,91.0,0.79098606,0.20901394
23.5,91.25,0.7915781,0.20842189
23.5,91.5,0.7911946,0.20880538
23.5,91.75,0.20862766,0.79137236
23.5,92.0,0.7899895,0.21001053
23.5,92.25,0.79077625,0.20922375
23.5,92.5,0.7909937,0.20900631
23.5,92.75,0.79148465,0.20851535
23.5,93.0,0.79107726,0.20892274
23.5,93.25,0.7912824,0.20871758
23.5,93.5,0.791485,0.20851499
23.5,93.75,0.790936,0.209064
23.5,94.0,0.7916395,0.2083605
23.5,94.25,0.79096204,0.20903796
23.5,94.5,0.79067427,0.20932573
23.5,94.75,0.791944,0.20805597
23.5,95.0,0.7920248,0.20797521
23.5,95.25,0.7907254,0.20927459
23.5,95.5,0.20818098,0.79181904
23.5,95.75,0.20904876,0.79095125
23.5,96.0,0.20966521,0.7903348
23.75,68.0,0.7911027,0.2088973
23.75,68.25,0.791367,0.208633
23.75,68.5,0.7897952,0.21020478
23.75,68.75,0.20662531,0.79337466
23.75,69.0,0.20570669,0.7942933
23.75,69.25,0.20797765,0.79202235
23.75,69.5,0.20755523,0.79244477
23.75,69.75,0.20810261,0.7918974
23.75,70.0,0.20813914,0.7918609
23.75,70.25,0.20813914,0.7918609
23.75,70.5,0.20813914,0.7918609
23.75,70.75,0.20982966,0.7901703
23.75,71.0,0.2103916,0.7896084
23.75,71.25,0.21159992,0.78840005
23.75,71.5,0.21062131,0.7893787
23.75,71.75,0.21348454,0.7865155
23.75,72.0,0.21387723,0.7861228
23.75,72.25,0.21140087,0.78859913
23.75,72.5,0.21140087,0.78859913
23.75,72.75,0.21875724,0.7812427
23.75,73.0,0.49979296,0.50020707
23.75,73.25,0.49979296,0.50020707
23.75,73.5,0.7870283,0.21297169
23.75,73.75,0.7907001,0.20929992
23.75,74.0,0.78979164,0.21020836
23.75,74.25,0.790006,0.20999402
23.75,74.5,0.791443,0.20855701
23.75,74.75,0.79064107,0.20935893
23.75,75.0,0.7912742,0.20872581
23.75,75.25,0.7908904,0.2091096
23.75,75.5,0.7913748,0.2086252
23.75,75.75,0.79179037,0.20820963
23.75,76.0,0.79199797,0.20800203
23.75,76.25,0.79219526,0.20780474
23.75,76.5,0.7920187,0.20798129
23.75,76.75,0.7917873,0.20821267
23.75,77.0,0.7916735,0.20832652
23.75,77.25,0.78985566,0.21014434
23.75,77.5,0.78799015,0.21200985
23.75,77.75,0.7897002,0.21029979
23.75,78.0,0.78368896,0.21631104
23.75,78.25,0.7911874,0.2088126
23.75,78.5,0.7911874,0.2088126
23.75,78.75,0.7913125,0.20868748
23.75,79.0,0.7917625,0.20823753
23.75,79.25,0.2097239,0.7902761
23.75,79.5,0.21047588,0.78952414
23.75,79.75,0.21084777,0.78915226
23.75,80.0,0.21094981,0.7890502
23.75,80.25,0.7910334,0.20896661
23.75,80.5,0.21247022,0.78752977
23.75,80.75,0.21486853,0.78513145
23.75,81.0,0.20905739,0.7909426
23.75,81.25,0.22074021,0.7792598
23.75,81.5,0.2098722,0.7901278
23.75,81.75,0.20925984,0.79074013
23.75,82.0,0.7905704,0.20942962
23.75,82.25,0.7903485,0.20965153
23.75,82.5,0.79087293,0.20912707
23.75,82.75,0.7912141,0.20878589
23.75,83.0,0.79083365,0.20916635
23.75,83.25,0.20740585,0.79259413
23.75,83.5,0.20709498,0.79290503
23.75,83.75,0.7911444,0.20885563
23.75,84.0,0.7915214,0.20847863
23.75,84.25,0.7910711,0.20892888
23.75,84.5,0.79137903,0.20862097
23.75,84.75,0.790995,0.209005
23.75,85.0,0.79135853,0.20864147
23.75,85.25,0.7909552,0.20904481
23.75,85.5,0.7911081,0.20889193
23.75,85.75,0.79135853,0.20864147
23.75,86.0,0.79098934,0.20901066
23.75,86.25,0.7906627,0.2093373
23.75,86.5,0.20671204,0.793288
23.75,86.75,0.7907631,0.20923692
23.75,87.0,0.79103005,0.20896995
23.75,87.25,0.79111236,0.20888764
23.75,87.5,0.79114175,0.20885825
23.75,87.75,0.7913736,0.20862639
23.75,88.0,0.79146284,0.20853716
23.75,88.25,0.79173523,0.20826477
23.75,88.5,0.791307,0.20869303
23.75,88.75,0.7914495,0.20855051
23.75,89.0,0.7905215,0.2094785
23.75,89.25,0.7916476,0.20835239
23.75,89.5,0.79151165,0.20848835
23.75,89.75,0.79179645,0.20820355
23.75,90.0,0.79132044,0.20867956
23.75,90.25,0.791388,0.20861202
23.75,90.5,0.7921743,0.20782572
23.75,90.75,0.79165465,0.20834535
23.75,91.0,0.79082984,0.20917016
23.75,91.25,0.79143625,0.20856375
23.75,91.5,0.20729905,0.79270095
23.75,91.75,0.2072053,0.7927947
23.75,92.0,0.79041135,0.20958865
23.75,92.25,0.20596375,0.79403627
23.75,92.5,0.79144394,0.20855606
23.75,92.75,0.7915827,0.2084173
23.75,93.0,0.79132724,0.20867276
23.75,93.25,0.7913409,0.20865911
23.75,93.5,0.7913409,0.20865911
23.75,93.75,0.7914215,0.20857853
23.75,94.0,0.79067427,0.20932573
23.75,94.25,0.79166174,0.20833826
23.75,94.5,0.7904641,0.2095359
23.75,94.75,0.79173166,0.20826834
23.75,95.0,0.79174423,0.20825577
23.75,95.25,0.20690238,0.7930976
23.75,95.5,0.20690238,0.7930976
23.75,95.75,0.20649958,0.7935004
23.75,96.0,0.20838661,0.7916134
24.0,68.0,0.7906593,0.20934069
24.0,68.25,0.7897901,0.2102099
24.0,68.5,0.7898705,0.2101295
24.0,68.75,0.21381532,0.78618467
24.0,69.0,0.21626951,0.7837305
24.0,69.25,0.20916559,0.7908344
24.0,69.5,0.20928971,0.7907103
24.0,69.75,0.20955667,0.7904433
24.0,70.0,0.20906556,0.79093444
24.0,70.25,0.20906556,0.79093444
24.0,70.5,0.20906556,0.79093444
24.0,70.75,0.20906556,0.79093444
24.0,71.0,0.20988536,0.79011464
24.0,71.25,0.21052417,0.7894758
24.0,71.5,0.21056172,0.78943825
24.0,71.75,0.21174055,0.78825945
24.0,72.0,0.21213324,0.7878668
24.0,72.25,0.21213324,0.7878668
24.0,72.5,0.21324298,0.786757
24.0,72.75,0.50005317,0.49994683
24.0,73.0,0.50005317,0.49994683
24.0,73.25,0.7872953,0.21270472
24.0,73.5,0.79066217,0.20933783
24.0,73.75,0.7906599,0.2093401
24.0,74.0,0.7908563,0.2091437
24.0,74.25,0.79106516,0.20893484
24.0,74.5,0.791443,0.20855701
24.0,74.75,0.7914678,0.20853221
24.0,75.0,0.79179436,0.20820564
24.0,75.25,0.7911313,0.20886868
24.0,75.5,0.79129064,0.20870936
24.0,75.75,0.792013,0.20798701
24.0,76.0,0.7921692,0.20783079
24.0,76.25,0.79200494,0.20799506
24.0,76.5,0.7918284,0.2081716
24.0,76.75,0.7917873,0.20821267
24.0,77.0,0.79198164,0.20801836
24.0,77.25,0.79198164,0.20801836
24.0,77.5,0.7913181,0.20868188
24.0,77.75,0.7913181,0.20868188
24.0,78.0,0.7916741,0.20832592
24.0,78.25,0.79146874,0.20853126
24.0,78.5,0.79188925,0.20811075
24.0,78.75,0.7917844,0.2082156
24.0,79.0,0.79187965,0.20812035
24.0,79.25,0.79195726,0.20804274
24.0,79.5,0.79149705,0.20850295
24.0,79.75,0.21255526,0.7874447
24.0,80.0,0.21209653,0.7879035
24.0,80.25,0.7910334,0.20896661
24.0,80.5,0.79028237,0.20971763
24.0,80.75,0.21622612,0.7837739
24.0,81.0,0.21050517,0.7894948
24.0,81.25,0.20933013,0.79066986
24.0,81.5,0.20944037,0.79055965
24.0,81.75,0.21042435,0.78957564
24.0,82.0,0.21025518,0.78974485
24.0,82.25,0.79062974,0.20937026
24.0,82.5,0.7911664,0.20883358
24.0,82.75,0.79107726,0.20892274
24.0,83.0,0.7911301,0.20886987
24.0,83.25,0.79051286,0.20948714
24.0,83.5,0.7906799,0.20932013
24.0,83.75,0.79139066,0.20860934
24.0,84.0,0.7912133,0.20878673
24.0,84.25,0.7918116,0.20818841
24.0,84.5,0.7916431,0.20835692
24.0,84.75,0.7911515,0.20884848
24.0,85.0,0.7909739,0.2090261
24.0,85.25,0.7911444,0.20885563
24.0,85.5,0.79119223,0.20880777
24.0,85.75,0.7909781,0.20902193
24.0,86.0,0.2081102,0.7918898
24.0,86.25,0.2078558,0.7921442
24.0,86.5,0.20815435,0.7918457
24.0,86.75,0.7912828,0.20871723
24.0,87.0,0.791199,0.20880097
24.0,87.25,0.7911946,0.20880538
24.0,87.5,0.7912309,0.20876908
24.0,87.75,0.79079854,0.20920146
24.0,88.0,0.7911317,0.20886832
24.0,88.25,0.79201674,0.20798326
24.0,88.5,0.791307,0.20869303
24.0,88.75,0.7910181,0.20898187
24.0,89.0,0.7915202,0.20847982
24.0,89.25,0.7917553,0.20824468
24.0,89.5,0.7922402,0.2077598
24.0,89.75,0.7921325,0.2078675
24.0,90.0,0.79162264,0.20837736
24.0,90.25,0.79210424,0.20789576
24.0,90.5,0.7919562,0.20804381
24.0,90.75,0.791306,0.20869398
24.0,91.0,0.7911869,0.20881307
24.0,91.25,0.2084683,0.7915317
24.0,91.5,0.2084683,0.7915317
24.0,91.75,0.7908297,0.20917028
24.0,92.0,0.79148465,0.20851535
24.0,92.25,0.79136,0.20863998
24.0,92.5,0.7916113,0.20838869
24.0,92.75,0.7912843,0.20871568
24.0,93.0,0.7913812,0.20861882
24.0,93.25,0.7913787,0.20862132
24.0,93.5,0.791485,0.20851499
24.0,93.75,0.7915118,0.20848823
24.0,94.0,0.7912529,0.20874709
24.0,94.25,0.7907313,0.20926869
24.0,94.5,0.79156417,0.20843583
24.0,94.75,0.79182005,0.20817995
24.0,95.0,0.7917845,0.20821548
24.0,95.25,0.20802163,0.79197836
24.0,95.5,0.20950033,0.7904997
24.0,95.75,0.20761882,0.79238117
24.0,96.0,0.20950586,0.79049414
24.25,68.0,0.21031041,0.7896896
24.25,68.25,0.21215548,0.78784454
24.25,68.5,0.21381532,0.78618467
24.25,68.75,0.20788716,0.7921128
24.25,69.0,0.22206937,0.7779306
24.25,69.25,0.22206937,0.7779306
24.25,69.5,0.21783799,0.782162
24.25,69.75,0.21150032,0.7884997
24.25,70.0,0.21020885,0.78979117
24.25,70.25,0.2109489,0.7890511
24.25,70.5,0.2096808,0.7903192
24.25,70.75,0.20948797,0.790512
24.25,71.0,0.21052417,0.7894758
24.25,71.25,0.21271916,0.78728086
24.25,71.5,0.21174055,0.78825945
24.25,71.75,0.21174055,0.78825945
24.25,72.0,0.21213324,0.7878668
24.25,72.25,0.21324298,0.786757
24.25,72.5,0.221703,0.778297
24.25,72.75,0.50005317,0.49994683
24.25,73.0,0.50005317,0.49994683
24.25,73.25,0.7918645,0.20813549
24.25,73.5,0.79123956,0.20876044
24.25,73.75,0.7912854,0.2087146
24.25,74.0,0.7906669,0.20933312
24.25,74.25,0.79053617,0.20946383
24.25,74.5,0.7914678,0.20853221
24.25,74.75,0.79133224,0.20866776
24.25,75.0,0.7911842,0.20881581
24.25,75.25,0.79109824,0.20890176
24.25,75.5,0.79179037,0.20820963
24.25,75.75,0.79239166,0.20760834
24.25,76.0,0.7921692,0.20783079
24.25,76.25,0.79180765,0.20819235
24.25,76.5,0.7917873,0.20821267
24.25,76.75,0.792015,0.20798498
24.25,77.0,0.7922936,0.20770639
24.25,77.25,0.79232574,0.20767426
24.25,77.5,0.79159,0.20841002
24.25,77.75,0.7914212,0.20857882
24.25,78.0,0.7915718,0.2084282
24.25,78.25,0.7915098,0.2084902
24.25,78.5,0.7915098,0.2084902
24.25,78.75,0.7915098,0.2084902
24.25,79.0,0.7921067,0.20789331
24.25,79.25,0.79173553,0.20826447
24.25,79.5,0.79178154,0.20821846
24.25,79.75,0.21363473,0.7863653
24.25,80.0,0.21161442,0.78838557
24.25,80.25,0.79055446,0.20944554
24.25,80.5,0.79057366,0.20942634
24.25,80.75,0.21579969,0.7842003
24.25,81.0,0.20975421,0.7902458
24.25,81.25,0.20933013,0.79066986
24.25,81.5,0.20998557,0.79001445
24.25,81.75,0.21037908,0.78962094
24.25,82.0,0.21036081,0.7896392
24.25,82.25,0.20946862,0.7905314
24.25,82.5,0.20829572,0.7917043
24.25,82.75,0.20859168,0.7914083
24.25,83.0,0.7911257,0.20887429
24.25,83.25,0.7914895,0.20851052
24.25,83.5,0.7911886,0.2088114
24.25,83.75,0.79136515,0.20863485
24.25,84.0,0.79137063,0.20862937
24.25,84.25,0.7910711,0.20892888
24.25,84.5,0.79069865,0.20930135
24.25,84.75,0.79092485,0.20907515
24.25,85.0,0.7912182,0.20878178
24.25,85.25,0.7907695,0.20923048
24.25,85.5,0.7913127,0.2086873
24.25,85.75,0.79046,0.20954001
24.25,86.0,0.20783128,0.79216874
24.25,86.25,0.20779933,0.7922007
24.25,86.5,0.20828591,0.7917141
24.25,86.75,0.7906627,0.2093373
24.25,87.0,0.7907606,0.20923942
24.25,87.25,0.79052544,0.20947456
24.25,87.5,0.79098296,0.20901704
24.25,87.75,0.7911787,0.2088213
24.25,88.0,0.7913287,0.20867127
24.25,88.25,0.7887389,0.2112611
24.25,88.5,0.7913246,0.20867538
24.25,88.75,0.7913962,0.2086038
24.25,89.0,0.7913607,0.20863932
24.25,89.25,0.7921505,0.2078495
24.25,89.5,0.79202616,0.20797384
24.25,89.75,0.792353,0.20764703
24.25,90.0,0.7905153,0.2094847
24.25,90.25,0.790979,0.20902097
24.25,90.5,0.7917939,0.20820612
24.25,90.75,0.7913342,0.20866579
24.25,91.0,0.7913291,0.20867091
24.25,91.25,0.7916764,0.2083236
24.25,91.5,0.79113674,0.20886326
24.25,91.75,0.79131955,0.20868045
24.25,92.0,0.79055214,0.20944786
24.25,92.25,0.79173595,0.20826405
24.25,92.5,0.79173595,0.20826405
24.25,92.75,0.79143506,0.20856494
24.25,93.0,0.790342,0.20965803
24.25,93.25,0.7908164,0.20918357
24.25,93.5,0.7920929,0.20790708
24.25,93.75,0.79142475,0.20857525
24.25,94.0,0.7913908,0.20860922
24.25,94.25,0.79120404,0.20879596
24.25,94.5,0.7909603,0.20903969
24.25,94.75,0.79173166,0.20826834
24.25,95.0,0.7917845,0.20821548
24.25,95.25,0.7909356,0.20906442
24.25,95.5,0.7901016,0.20989841
24.25,95.75,0.7910007,0.20899928
24.25,96.0,0.79124236,0.20875764
24.5,68.0,0.21254234,0.78745764
24.5,68.25,0.21215548,0.78784454
24.5,68.5,0.22027086,0.7797291
24.5,68.75,0.21193069,0.7880693
24.5,69.0,0.21783799,0.782162
24.5,69.25,0.2120168,0.7879832
24.5,69.5,0.21381532,0.78618467
24.5,69.75,0.2142064,0.7857936
24.5,70.0,0.21193491,0.7880651
24.5,70.25,0.21193491,0.7880651
24.5,70.5,0.20948797,0.790512
24.5,70.75,0.21012679,0.78987324
24.5,71.0,0.21271916,0.78728086
24.5,71.25,0.21271916,0.78728086
24.5,71.5,0.21212742,0.78787255
24.5,71.75,0.21174055,0.78825945
24.5,72.0,0.21213324,0.7878668
24.5,72.25,0.221703,0.778297
24.5,72.5,0.50005317,0.49994683
24.5,72.75,0.50005317,0.49994683
24.5,73.0,0.50005317,0.49994683
24.5,73.25,0.79145515,0.20854485
24.5,73.5,0.7907956,0.20920438
24.5,73.75,0.7904527,0.20954728
24.5,74.0,0.79036736,0.20963264
24.5,74.25,0.7908871,0.20911288
24.5,74.5,0.7915242,0.20847583
24.5,74.75,0.78915226,0.21084774
24.5,75.0,0.7904307,0.20956928
24.5,75.25,0.7910846,0.20891541
24.5,75.5,0.79239166,0.20760834
24.5,75.75,0.7921692,0.20783079
24.5,76.0,0.7921692,0.20783079
24.5,76.25,0.7919639,0.20803612
24.5,76.5,0.7917873,0.20821267
24.5,76.75,0.7918904,0.20810962
24.5,77.0,0.79232574,0.20767426
24.5,77.25,0.7922936,0.20770639
24.5,77.5,0.79155785,0.20844215
24.5,77.75,0.79138905,0.20861095
24.5,78.0,0.790959,0.209041
24.5,78.25,0.7915718,0.2084282
24.5,78.5,0.7915718,0.2084282
24.5,78.75,0.7909269,0.20907313
24.5,79.0,0.79146874,0.20853126
24.5,79.25,0.79054916,0.20945084
24.5,79.5,0.79110277,0.20889723
24.5,79.75,0.79054224,0.20945776
24.5,80.0,0.7904229,0.20957708
24.5,80.25,0.7906685,0.20933151
24.5,80.5,0.21193749,0.7880625
24.5,80.75,0.21045028,0.7895497
24.5,81.0,0.2115351,0.7884649
24.5,81.25,0.21042064,0.7895794
24.5,81.5,0.21044111,0.7895589
24.5,81.75,0.7906111,0.20938891
24.5,82.0,0.790864,0.20913601
24.5,82.25,0.20916498,0.790835
24.5,82.5,0.20859168,0.7914083
24.5,82.75,0.20886293,0.7911371
24.5,83.0,0.7905426,0.2094574
24.5,83.25,0.7909146,0.2090854
24.5,83.5,0.7913532,0.20864677
24.5,83.75,0.79136515,0.20863485
24.5,84.0,0.79080856,0.20919144
24.5,84.25,0.7904822,0.20951778
24.5,84.5,0.79139066,0.20860934
24.5,84.75,0.7915328,0.20846719
24.5,85.0,0.7909149,0.2090851
24.5,85.25,0.7912578,0.2087422
24.5,85.5,0.7915414,0.2084586
24.5,85.75,0.790344,0.209656
24.5,86.0,0.2078558,0.7921442
24.5,86.25,0.20828591,0.7917141
24.5,86.5,0.20783128,0.79216874
24.5,86.75,0.2076887,0.7923113
24.5,87.0,0.79053116,0.20946884
24.5,87.25,0.79040116,0.20959884
24.5,87.5,0.7914379,0.20856208
24.5,87.75,0.79071766,0.20928234
24.5,88.0,0.7913287,0.20867127
24.5,88.25,0.7919177,0.20808232
24.5,88.5,0.79026395,0.20973605
24.5,88.75,0.791561,0.20843899
24.5,89.0,0.7914718,0.20852822
24.5,89.25,0.7916535,0.20834649
24.5,89.5,0.79236686,0.20763314
24.5,89.75,0.79136413,0.20863587
24.5,90.0,0.790864,0.20913601
24.5,90.25,0.79170465,0.20829535
24.5,90.5,0.7914945,0.20850551
24.5,90.75,0.79052913,0.20947087
24.5,91.0,0.791307,0.20869303
24.5,91.25,0.791729,0.20827103
24.5,91.5,0.7915781,0.20842189
24.5,91.75,0.7914718,0.20852822
24.5,92.0,0.7914432,0.20855677
24.5,92.25,0.7913287,0.20867127
24.5,92.5,0.7916296,0.20837039
24.5,92.75,0.79121345,0.20878655
24.5,93.0,0.79166025,0.20833975
24.5,93.25,0.7914501,0.20854992
24.5,93.5,0.7915671,0.20843291
24.5,93.75,0.7911955,0.20880449
24.5,94.0,0.7916534,0.2083466
24.5,94.25,0.79077,0.20923
24.5,94.5,0.7914215,0.20857853
24.5,94.75,0.79165924,0.20834076
24.5,95.0,0.79174423,0.20825577
24.5,95.25,0.7913931,0.2086069
24.5,95.5,0.20950033,0.7904997
24.5,95.75,0.79174423,0.20825577
24.5,96.0,0.79171515,0.20828485
24.75,68.0,0.21054001,0.78946
24.75,68.25,0.20809007,0.79190993
24.75,68.5,0.20747842,0.7925216
24.75,68.75,0.20705552,0.7929445
24.75,69.0,0.21154383,0.7884562
24.75,69.25,0.21193069,0.7880693
24.75,69.5,0.21154383,0.7884562
24.75,69.75,0.21232177,0.78767824
24.75,70.0,0.2142064,0.7857936
24.75,70.25,0.2142064,0.7857936
24.75,70.5,0.2142064,0.7857936
24.75,70.75,0.21232177,0.78767824
24.75,71.0,0.21271916,0.78728086
24.75,71.25,0.21460378,0.7853962
24.75,71.5,0.21460378,0.7853962
24.75,71.75,0.22246045,0.77753955
24.75,72.0,0.21499647,0.78500354
24.75,72.25,0.50005317,0.49994683
24.75,72.5,0.50005317,0.49994683
24.75,72.75,0.50005317,0.49994683
24.75,73.0,0.7887247,0.21127528
24.75,73.25,0.79174066,0.20825934
24.75,73.5,0.7910422,0.20895779
24.75,73.75,0.7907956,0.20920438
24.75,74.0,0.7909918,0.20900822
24.75,74.25,0.7908508,0.20914918
24.75,74.5,0.790492,0.209508
24.75,74.75,0.2090914,0.7909086
24.75,75.0,0.79047793,0.20952207
24.75,75.25,0.79135776,0.20864224
24.75,75.5,0.7915802,0.2084198
24.75,75.75,0.79206693,0.20793307
24.75,76.0,0.79219526,0.20780474
24.75,76.25,0.7919728,0.20802718
24.75,76.5,0.79179627,0.20820373
24.75,76.75,0.7914022,0.20859778
24.75,77.0,0.791512,0.20848799
24.75,77.25,0.7921248,0.20787519
24.75,77.5,0.79155785,0.20844215
24.75,77.75,0.79159,0.20841002
24.75,78.0,0.7917406,0.2082594
24.75,78.25,0.7917406,0.2082594
24.75,78.5,0.78816086,0.21183914
24.75,78.75,0.7912001,0.2087999
24.75,79.0,0.7915984,0.20840162
24.75,79.25,0.79077417,0.20922583
24.75,79.5,0.7900563,0.20994371
24.75,79.75,0.7907524,0.20924759
24.75,80.0,0.79028237,0.20971763
24.75,80.25,0.21363473,0.7863653
24.75,80.5,0.21206905,0.78793097
24.75,80.75,0.21074624,0.7892538
24.75,81.0,0.7898945,0.21010548
24.75,81.25,0.21123013,0.78876984
24.75,81.5,0.21028368,0.7897163
24.75,81.75,0.7905398,0.2094602
24.75,82.0,0.7910885,0.20891148
24.75,82.25,0.7908847,0.20911533
24.75,82.5,0.20859168,0.7914083
24.75,82.75,0.20859168,0.7914083
24.75,83.0,0.79069334,0.20930666
24.75,83.25,0.7913448,0.20865518
24.75,83.5,0.79122084,0.20877916
24.75,83.75,0.792008,0.20799202
24.75,84.0,0.79136515,0.20863485
24.75,84.25,0.7915414,0.2084586
24.75,84.5,0.7915252,0.20847481
24.75,84.75,0.7912144,0.2087856
24.75,85.0,0.7909128,0.2090872
24.75,85.25,0.79151165,0.20848835
24.75,85.5,0.7915093,0.20849073
24.75,85.75,0.20911156,0.7908884
24.75,86.0,0.2078558,0.7921442
24.75,86.25,0.20828591,0.7917141
24.75,86.5,0.79051197,0.20948803
24.75,86.75,0.2080688,0.7919312
24.75,87.0,0.7906627,0.2093373
24.75,87.25,0.7910439,0.20895612
24.75,87.5,0.790989,0.20901102
24.75,87.75,0.7912176,0.20878237
24.75,88.0,0.79071766,0.20928234
24.75,88.25,0.7910116,0.20898843
24.75,88.5,0.79099524,0.20900476
24.75,88.75,0.7902301,0.2097699
24.75,89.0,0.79164803,0.20835197
24.75,89.25,0.7911679,0.20883209
24.75,89.5,0.79173374,0.20826626
24.75,89.75,0.7916798,0.2083202
24.75,90.0,0.79173374,0.20826626
24.75,90.25,0.79155517,0.20844483
24.75,90.5,0.79135877,0.20864123
24.75,90.75,0.79220986,0.20779014
24.75,91.0,0.79206544,0.20793456
24.75,91.25,0.79149705,0.20850295
24.75,91.5,0.79064846,0.20935154
24.75,91.75,0.7913948,0.20860517
24.75,92.0,0.79146194,0.20853806
24.75,92.25,0.7900894,0.20991057
24.75,92.5,0.7905054,0.20949459
24.75,92.75,0.7911425,0.20885748
24.75,93.0,0.7900748,0.20992517
24.75,93.25,0.7900748,0.20992517
24.75,93.5,0.79061216,0.20938784
24.75,93.75,0.7911885,0.20881152
24.75,94.0,0.7915446,0.20845538
24.75,94.25,0.7911792,0.20882082
24.75,94.5,0.7912111,0.20878887
24.75,94.75,0.7916058,0.20839423
24.75,95.0,0.7918377,0.20816231
24.75,95.25,0.7901016,0.20989841
24.75,95.5,0.7893111,0.21068889
24.75,95.75,0.79171515,0.20828485
24.75,96.0,0.7910007,0.20899928
25.0,68.0,0.22189952,0.7781005
25.0,68.25,0.21326521,0.7867348
25.0,68.5,0.21381532,0.78618467
25.0,68.75,0.2120168,0.7879832
25.0,69.0,0.21193069,0.7880693
25.0,69.25,0.21265356,0.7873464
25.0,69.5,0.21381532,0.78618467
25.0,69.75,0.21193491,0.7880651
25.0,70.0,0.21232177,0.78767824
25.0,70.25,0.21193491,0.7880651
25.0,70.5,0.21822907,0.78177094
25.0,70.75,0.21822907,0.78177094
25.0,71.0,0.21964423,0.78035575
25.0,71.25,0.50005317,0.49994683
25.0,71.5,0.50005317,0.49994683
25.0,71.75,0.50005317,0.49994683
25.0,72.0,0.50005317,0.49994683
25.0,72.25,0.50005317,0.49994683
25.0,72.5,0.50005317,0.49994683
25.0,72.75,0.50005317,0.49994683
25.0,73.0,0.7894567,0.21054327
25.0,73.25,0.7910004,0.20899957
25.0,73.5,0.7909804,0.2090196
25.0,73.75,0.7912712,0.20872879
25.0,74.0,0.7907648,0.20923519
25.0,74.25,0.79091614,0.20908386
25.0,74.5,0.20940605,0.790594
25.0,74.75,0.20941871,0.7905813
25.0,75.0,0.79026777,0.20973223
25.0,75.25,0.7906752,0.20932478
25.0,75.5,0.7915802,0.2084198
25.0,75.75,0.79225725,0.20774275
25.0,76.0,0.7918546,0.20814538
25.0,76.25,0.7921692,0.20783079
25.0,76.5,0.7918284,0.2081716
25.0,76.75,0.79179627,0.20820373
25.0,77.0,0.7881952,0.2118048
25.0,77.25,0.7921248,0.20787519
25.0,77.5,0.79159,0.20841002
25.0,77.75,0.79159,0.20841002
25.0,78.0,0.7915718,0.2084282
25.0,78.25,0.7914777,0.20852232
25.0,78.5,0.79146874,0.20853126
25.0,78.75,0.7916791,0.20832092
25.0,79.0,0.79106766,0.20893234
25.0,79.25,0.7911761,0.20882392
25.0,79.5,0.7910334,0.20896661
25.0,79.75,0.211967,0.788033
25.0,80.0,0.21363473,0.7863653
25.0,80.25,0.21255526,0.7874447
25.0,80.5,0.21255526,0.7874447
25.0,80.75,0.21205589,0.7879441
25.0,81.0,0.21057552,0.7894245
25.0,81.25,0.21015143,0.78984857
25.0,81.5,0.20998557,0.79001445
25.0,81.75,0.7904991,0.20950091
25.0,82.0,0.7915011,0.2084989
25.0,82.25,0.7914812,0.2085188
25.0,82.5,0.7911886,0.2088114
25.0,82.75,0.79198796,0.20801204
25.0,83.0,0.79108226,0.20891774
25.0,83.25,0.79126674,0.20873326
25.0,83.5,0.79036844,0.20963156
25.0,83.75,0.79141504,0.20858496
25.0,84.0,0.7915093,0.20849073
25.0,84.25,0.7909149,0.2090851
25.0,84.5,0.79136515,0.20863485
25.0,84.75,0.790995,0.209005
25.0,85.0,0.7915414,0.2084586
25.0,85.25,0.791518,0.20848203
25.0,85.5,0.20762357,0.7923764
25.0,85.75,0.20854072,0.79145926
25.0,86.0,0.20854677,0.79145324
25.0,86.25,0.20783128,0.79216874
25.0,86.5,0.2078558,0.7921442
25.0,86.75,0.20798725,0.79201275
25.0,87.0,0.7911038,0.20889622
25.0,87.25,0.79116523,0.20883477
25.0,87.5,0.7911317,0.20886832
25.0,87.75,0.7912708,0.20872921
25.0,88.0,0.79113317,0.20886683
25.0,88.25,0.7911678,0.2088322
25.0,88.5,0.79156035,0.20843965
25.0,88.75,0.7902301,0.2097699
25.0,89.0,0.7910865,0.2089135
25.0,89.25,0.7907293,0.20927072
25.0,89.5,0.7914357,0.20856428
25.0,89.75,0.79157287,0.20842713
25.0,90.0,0.79155517,0.20844483
25.0,90.25,0.79236686,0.20763314
25.0,90.5,0.79161966,0.20838034
25.0,90.75,0.7939925,0.20600748
25.0,91.0,0.7935451,0.20645487
25.0,91.25,0.791278,0.208722
25.0,91.5,0.7909179,0.20908213
25.0,91.75,0.7909179,0.20908213
25.0,92.0,0.7909712,0.20902878
25.0,92.25,0.7911328,0.20886719
25.0,92.5,0.79043204,0.20956796
25.0,92.75,0.7912003,0.20879972
25.0,93.0,0.7910926,0.20890743
25.0,93.25,0.79125416,0.20874584
25.0,93.5,0.7911061,0.2088939
25.0,93.75,0.79091775,0.20908225
25.0,94.0,0.7909097,0.20909029
25.0,94.25,0.7910255,0.20897448
25.0,94.5,0.7908748,0.20912522
25.0,94.75,0.7915327,0.2084673
25.0,95.0,0.7913886,0.20861143
25.0,95.25,0.7911467,0.2088533
25.0,95.5,0.79135686,0.20864314
25.0,95.75,0.78899574,0.21100426
25.0,96.0,0.79142636,0.20857364
25.25,68.0,0.50005317,0.49994683
25.25,68.25,0.50005317,0.49994683
25.25,68.5,0.50005317,0.49994683
25.25,68.75,0.50005317,0.49994683
25.25,69.0,0.22027086,0.7797291
25.25,69.25,0.21265356,0.7873464
25.25,69.5,0.21783799,0.782162
25.25,69.75,0.21304464,0.78695536
25.25,70.0,0.20948797,0.790512
25.25,70.25,0.20991087,0.79008913
25.25,70.5,0.21012679,0.78987324
25.25,70.75,0.21232177,0.78767824
25.25,71.0,0.22246045,0.77753955
25.25,71.25,0.50005317,0.49994683
25.25,71.5,0.50005317,0.49994683
25.25,71.75,0.50005317,0.49994683
25.25,72.0,0.50005317,0.49994683
25.25,72.25,0.50005317,0.49994683
25.25,72.5,0.50005317,0.49994683
25.25,72.75,0.50005317,0.49994683
25.25,73.0,0.7894567,0.21054327
25.25,73.25,0.7908242,0.20917583
25.25,73.5,0.79056376,0.20943624
25.25,73.75,0.79056376,0.20943624
25.25,74.0,0.7905823,0.2094177
25.25,74.25,0.7906353,0.20936471
25.25,74.5,0.20917171,0.7908283
25.25,74.75,0.20941871,0.7905813
25.25,75.0,0.78929496,0.21070504
25.25,75.25,0.79086554,0.20913446
25.25,75.5,0.79170483,0.20829517
25.25,75.75,0.7919003,0.20809972
25.25,76.0,0.79271173,0.20728827
25.25,76.25,0.7919639,0.20803612
25.25,76.5,0.79155886,0.20844114
25.25,76.75,0.7917873,0.20821267
25.25,77.0,0.791512,0.20848799
25.25,77.25,0.788808,0.21119201
25.25,77.5,0.79159,0.20841002
25.25,77.75,0.79159,0.20841002
25.25,78.0,0.7917406,0.2082594
25.25,78.25,0.7909269,0.20907313
25.25,78.5,0.79163444,0.20836556
25.25,78.75,0.7916741,0.20832592
25.25,79.0,0.79091585,0.20908415
25.25,79.25,0.7911704,0.20882958
25.25,79.5,0.21354358,0.7864564
25.25,79.75,0.21159512,0.7884049
25.25,80.0,0.21280962,0.7871904
25.25,80.25,0.21280962,0.7871904
25.25,80.5,0.21363473,0.7863653
25.25,80.75,0.21579969,0.7842003
25.25,81.0,0.20986465,0.7901354
25.25,81.25,0.20956446,0.79043555
25.25,81.5,0.790864,0.20913601
25.25,81.75,0.791262,0.20873803
25.25,82.0,0.7914756,0.2085244
25.25,82.25,0.7912268,0.2087732
25.25,82.5,0.7913448,0.20865518
25.25,82.75,0.79149735,0.20850265
25.25,83.0,0.79141724,0.20858276
25.25,83.25,0.79089606,0.20910394
25.25,83.5,0.79126674,0.20873326
25.25,83.75,0.7915938,0.20840621
25.25,84.0,0.79137635,0.20862365
25.25,84.25,0.7911642,0.20883578
25.25,84.5,0.79130226,0.20869774
25.25,84.75,0.2080782,0.7919218
25.25,85.0,0.7912045,0.20879549
25.25,85.25,0.7912283,0.2087717
25.25,85.5,0.2080782,0.7919218
25.25,85.75,0.20854072,0.79145926
25.25,86.0,0.20828591,0.7917141
25.25,86.25,0.20793226,0.79206777
25.25,86.5,0.20828591,0.7917141
25.25,86.75,0.7909755,0.20902449
25.25,87.0,0.7910519,0.20894808
25.25,87.25,0.7917745,0.20822549
25.25,87.5,0.7912879,0.2087121
25.25,87.75,0.79109234,0.20890766
25.25,88.0,0.7913262,0.20867378
25.25,88.25,0.79165477,0.20834523
25.25,88.5,0.79169947,0.20830053
25.25,88.75,0.7915852,0.2084148
25.25,89.0,0.7914718,0.20852822
25.25,89.25,0.79132354,0.20867646
25.25,89.5,0.79183155,0.20816845
25.25,89.75,0.79102594,0.20897406
25.25,90.0,0.7920633,0.2079367
25.25,90.25,0.7922288,0.20777118
25.25,90.5,0.7907074,0.20929259
25.25,90.75,0.78993654,0.21006346
25.25,91.0,0.79204255,0.20795745
25.25,91.25,0.79087734,0.20912266
25.25,91.5,0.79098135,0.20901865
25.25,91.75,0.7885186,0.21148139
25.25,92.0,0.79121464,0.20878536
25.25,92.25,0.7914006,0.20859939
25.25,92.5,0.790864,0.20913601
25.25,92.75,0.7914206,0.20857942
25.25,93.0,0.7909505,0.20904952
25.25,93.25,0.7901426,0.2098574
25.25,93.5,0.7921003,0.20789969
25.25,93.75,0.79025716,0.20974284
25.25,94.0,0.7911061,0.2088939
25.25,94.25,0.79125416,0.20874584
25.25,94.5,0.7913464,0.20865363
25.25,94.75,0.79139674,0.20860326
25.25,95.0,0.7915127,0.20848727
25.25,95.25,0.79068536,0.20931464
25.25,95.5,0.2076154,0.7923846
25.25,95.75,0.7906202,0.20937979
25.25,96.0,0.7912517,0.20874828
25.5,68.0,0.50005317,0.49994683
25.5,68.25,0.50005317,0.49994683
25.5,68.5,0.50005317,0.49994683
25.5,68.75,0.50005317,0.49994683
25.5,69.0,0.50005317,0.49994683
25.5,69.25,0.22027086,0.7797291
25.5,69.5,0.21783799,0.782162
25.5,69.75,0.21304464,0.78695536
25.5,70.0,0.20991087,0.79008913
25.5,70.25,0.21001603,0.789984
25.5,70.5,0.21232177,0.78767824
25.5,70.75,0.21822907,0.78177094
25.5,71.0,0.50005317,0.49994683
25.5,71.25,0.50005317,0.49994683
25.5,71.5,0.50005317,0.49994683
25.5,71.75,0.50005317,0.49994683
25.5,72.0,0.50005317,0.49994683
25.5,72.25,0.50005317,0.49994683
25.5,72.5,0.50005317,0.49994683
25.5,72.75,0.50005317,0.49994683
25.5,73.0,0.7894567,0.21054327
25.5,73.25,0.7929856,0.20701438
25.5,73.5,0.790784,0.209216
25.5,73.75,0.790784,0.209216
25.5,74.0,0.7904261,0.20957392
25.5,74.25,0.78853816,0.21146184
25.5,74.5,0.21012218,0.78987783
25.5,74.75,0.20923956,0.79076046
25.5,75.0,0.7904307,0.20956928
25.5,75.25,0.79086554,0.20913446
25.5,75.5,0.79239166,0.20760834
25.5,75.75,0.7918546,0.20814538
25.5,76.0,0.7924054,0.20759457
25.5,76.25,0.79191166,0.20808834
25.5,76.5,0.7914069,0.20859307
25.5,76.75,0.7916622,0.20833778
25.5,77.0,0.7918575,0.20814252
25.5,77.25,0.7921248,0.20787519
25.5,77.5,0.79159,0.20841002
25.5,77.75,0.7910039,0.20899612
25.5,78.0,0.7911545,0.2088455
25.5,78.25,0.7917406,0.2082594
25.5,78.5,0.7929028,0.20709717
25.5,78.75,0.79236346,0.20763654
25.5,79.0,0.79117554,0.20882446
25.5,79.25,0.79069954,0.20930046
25.5,79.5,0.79098433,0.20901567
25.5,79.75,0.791206,0.208794
25.5,80.0,0.79128134,0.20871866
25.5,80.25,0.7910139,0.2089861
25.5,80.5,0.79163116,0.20836884
25.5,80.75,0.7907326,0.20926738
25.5,81.0,0.2092764,0.7907236
25.5,81.25,0.790864,0.20913601
25.5,81.5,0.7914127,0.20858729
25.5,81.75,0.7913764,0.20862359
25.5,82.0,0.7914868,0.2085132
25.5,82.25,0.7914812,0.2085188
25.5,82.5,0.7913448,0.20865518
25.5,82.75,0.79141724,0.20858276
25.5,83.0,0.79067004,0.20932996
25.5,83.25,0.7910199,0.20898008
25.5,83.5,0.79069877,0.20930123
25.5,83.75,0.7913025,0.2086975
25.5,84.0,0.79143363,0.20856637
25.5,84.25,0.79092276,0.20907724
25.5,84.5,0.78949976,0.21050024
25.5,84.75,0.78872913,0.21127087
25.5,85.0,0.79151547,0.20848453
25.5,85.25,0.7907695,0.20923048
25.5,85.5,0.79067415,0.20932585
25.5,85.75,0.20808609,0.7919139
25.5,86.0,0.2078558,0.7921442
25.5,86.25,0.20798154,0.7920185
25.5,86.5,0.7911401,0.20885992
25.5,86.75,0.79125285,0.20874715
25.5,87.0,0.79117477,0.20882523
25.5,87.25,0.7910744,0.2089256
25.5,87.5,0.7912879,0.2087121
25.5,87.75,0.79118156,0.20881844
25.5,88.0,0.7913373,0.20866269
25.5,88.25,0.79038197,0.20961803
25.5,88.5,0.79193276,0.20806724
25.5,88.75,0.7919062,0.20809382
25.5,89.0,0.79145247,0.20854753
25.5,89.25,0.7918371,0.2081629
25.5,89.5,0.7916671,0.2083329
25.5,89.75,0.79093045,0.20906955
25.5,90.0,0.7908363,0.20916373
25.5,90.25,0.7909067,0.20909327
25.5,90.5,0.7907646,0.20923543
25.5,90.75,0.7893672,0.2106328
25.5,91.0,0.7940766,0.20592338
25.5,91.25,0.20598546,0.7940146
25.5,91.5,0.79112285,0.20887715
25.5,91.75,0.79164803,0.20835197
25.5,92.0,0.7939162,0.20608377
25.5,92.25,0.79104465,0.20895535
25.5,92.5,0.7904291,0.20957088
25.5,92.75,0.20738736,0.7926127
25.5,93.0,0.79087764,0.20912236
25.5,93.25,0.79079974,0.20920026
25.5,93.5,0.7910367,0.20896327
25.5,93.75,0.79116964,0.20883036
25.5,94.0,0.7910754,0.20892459
25.5,94.25,0.7910217,0.2089783
25.5,94.5,0.7902335,0.2097665
25.5,94.75,0.7914163,0.20858371
25.5,95.0,0.79143757,0.20856243
25.5,95.25,0.7910184,0.20898157
25.5,95.5,0.20950033,0.7904997
25.5,95.75,0.7889481,0.21105188
25.5,96.0,0.78913844,0.21086156
25.75,68.0,0.50005317,0.49994683
25.75,68.25,0.50005317,0.49994683
25.75,68.5,0.50005317,0.49994683
25.75,68.75,0.50005317,0.49994683
25.75,69.0,0.50005317,0.49994683
25.75,69.25,0.50005317,0.49994683
25.75,69.5,0.50005317,0.49994683
25.75,69.75,0.22066194,0.77933806
25.75,70.0,0.22246045,0.77753955
25.75,70.25,0.21304464,0.78695536
25.75,70.5,0.22246045,0.77753955
25.75,70.75,0.50005317,0.49994683
25.75,71.0,0.50005317,0.49994683
25.75,71.25,0.50005317,0.49994683
25.75,71.5,0.50005317,0.49994683
25.75,71.75,0.50005317,0.49994683
25.75,72.0,0.50005317,0.49994683
25.75,72.25,0.50005317,0.49994683
25.75,72.5,0.50005317,0.49994683
25.75,72.75,0.50005317,0.49994683
25.75,73.0,0.7963636,0.20363641
25.75,73.25,0.7918645,0.20813549
25.75,73.5,0.7918445,0.20815551
25.75,73.75,0.7907648,0.20923519
25.75,74.0,0.7905572,0.2094428
25.75,74.25,0.78845775,0.21154225
25.75,74.5,0.20947,0.79052997
25.75,74.75,0.79111356,0.20888644
25.75,75.0,0.79125625,0.20874375
25.75,75.25,0.79125196,0.20874804
25.75,75.5,0.79239166,0.20760834
25.75,75.75,0.79219526,0.20780474
25.75,76.0,0.79235953,0.20764047
25.75,76.25,0.7913524,0.20864761
25.75,76.5,0.791506,0.20849401
25.75,76.75,0.7916622,0.20833778
25.75,77.0,0.788746,0.211254
25.75,77.25,0.7921248,0.20787519
25.75,77.5,0.79159,0.20841002
25.75,77.75,0.79215133,0.20784867
25.75,78.0,0.7910076,0.20899242
25.75,78.25,0.7911545,0.2088455
25.75,78.5,0.7919487,0.20805132
25.75,78.75,0.79112935,0.20887065
25.75,79.0,0.79116094,0.20883906
25.75,79.25,0.791206,0.208794
25.75,79.5,0.7913442,0.20865577
25.75,79.75,0.791517,0.20848298
25.75,80.0,0.7915413,0.20845872
25.75,80.25,0.7916451,0.20835489
25.75,80.5,0.79135543,0.20864457
25.75,80.75,0.7913403,0.20865971
25.75,81.0,0.7913179,0.20868212
25.75,81.25,0.79102534,0.20897466
25.75,81.5,0.7914171,0.20858288
25.75,81.75,0.79098034,0.20901966
25.75,82.0,0.79132754,0.20867246
25.75,82.25,0.7914994,0.20850062
25.75,82.5,0.79130846,0.20869154
25.75,82.75,0.79130846,0.20869154
25.75,83.0,0.7908626,0.20913738
25.75,83.25,0.79100615,0.20899385
25.75,83.5,0.7903118,0.20968819
25.75,83.75,0.7913974,0.2086026
25.75,84.0,0.7916635,0.20833647
25.75,84.25,0.791197,0.208803
25.75,84.5,0.79137635,0.20862365
25.75,84.75,0.7915214,0.20847863
25.75,85.0,0.791686,0.208314
25.75,85.25,0.79109114,0.20890886
25.75,85.5,0.790418,0.20958197
25.75,85.75,0.7905496,0.20945042
25.75,86.0,0.79099375,0.20900625
25.75,86.25,0.7912285,0.20877153
25.75,86.5,0.7910549,0.2089451
25.75,86.75,0.79122984,0.20877016
25.75,87.0,0.79115,0.20885003
25.75,87.25,0.79105794,0.20894206
25.75,87.5,0.79130644,0.20869356
25.75,87.75,0.79150283,0.20849717
25.75,88.0,0.7917631,0.20823687
25.75,88.25,0.79217714,0.20782286
25.75,88.5,0.7908437,0.20915627
25.75,88.75,0.20833674,0.7916633
25.75,89.0,0.7904595,0.20954049
25.75,89.25,0.7906979,0.20930213
25.75,89.5,0.7892531,0.21074688
25.75,89.75,0.7913832,0.2086168
25.75,90.0,0.79180664,0.20819336
25.75,90.25,0.7901622,0.2098378
25.75,90.5,0.793858,0.20614201
25.75,90.75,0.79313886,0.20686114
25.75,91.0,0.7890251,0.21097487
25.75,91.25,0.78872454,0.21127546
25.75,91.5,0.7890056,0.21099442
25.75,91.75,0.79173934,0.20826066
25.75,92.0,0.7914855,0.20851451
25.75,92.25,0.79093724,0.20906276
25.75,92.5,0.79112786,0.20887214
25.75,92.75,0.7911286,0.20887142
25.75,93.0,0.79119563,0.20880437
25.75,93.25,0.7905141,0.20948589
25.75,93.5,0.7903445,0.20965552
25.75,93.75,0.79096985,0.20903015
25.75,94.0,0.7908564,0.20914358
25.75,94.25,0.7902914,0.20970857
25.75,94.5,0.791338,0.20866197
25.75,94.75,0.7905619,0.20943809
25.75,95.0,0.7912821,0.20871788
25.75,95.25,0.79186517,0.20813483
25.75,95.5,0.7911972,0.20880282
25.75,95.75,0.7909217,0.20907831
25.75,96.0,0.7909148,0.20908523
26.0,68.0,0.50005317,0.49994683
26.0,68.25,0.50005317,0.49994683
26.0,68.5,0.50005317,0.49994683
26.0,68.75,0.50005317,0.49994683
26.0,69.0,0.50005317,0.49994683
26.0,69.25,0.50005317,0.49994683
26.0,69.5,0.50005317,0.49994683
26.0,69.75,0.50005317,0.49994683
26.0,70.0,0.50005317,0.49994683
26.0,70.25,0.22066194,0.77933806
26.0,70.5,0.50005317,0.49994683
26.0,70.75,0.50005317,0.49994683
26.0,71.0,0.50005317,0.49994683
26.0,71.25,0.50005317,0.49994683
26.0,71.5,0.50005317,0.49994683
26.0,71.75,0.50005317,0.49994683
26.0,72.0,0.50005317,0.49994683
26.0,72.25,0.50005317,0.49994683
26.0,72.5,0.50005317,0.49994683
26.0,72.75,0.50005317,0.49994683
26.0,73.0,0.793135,0.20686501
26.0,73.25,0.7929856,0.20701438
26.0,73.5,0.7929856,0.20701438
26.0,73.75,0.79078484,0.20921516
26.0,74.0,0.79078484,0.20921516
26.0,74.25,0.7870283,0.21297169
26.0,74.5,0.21625367,0.78374636
26.0,74.75,0.79038197,0.20961803
26.0,75.0,0.79111356,0.20888644
26.0,75.25,0.791136,0.20886397
26.0,75.5,0.79135776,0.20864224
26.0,75.75,0.79179037,0.20820963
26.0,76.0,0.7924456,0.2075544
26.0,76.25,0.7913524,0.20864761
26.0,76.5,0.7914069,0.20859307
26.0,76.75,0.7917151,0.20828491
26.0,77.0,0.7921248,0.20787519
26.0,77.25,0.7921248,0.20787519
26.0,77.5,0.7917146,0.20828539
26.0,77.75,0.79159,0.20841002
26.0,78.0,0.7917406,0.2082594
26.0,78.25,0.7917406,0.2082594
26.0,78.5,0.7916649,0.2083351
26.0,78.75,0.7931495,0.20685053
26.0,79.0,0.79022425,0.20977575
26.0,79.25,0.7912004,0.2087996
26.0,79.5,0.79082096,0.20917904
26.0,79.75,0.79063064,0.20936936
26.0,80.0,0.79092497,0.20907503
26.0,80.25,0.7910277,0.20897228
26.0,80.5,0.7913845,0.20861548
26.0,80.75,0.79124606,0.20875394
26.0,81.0,0.7913524,0.20864761
26.0,81.25,0.7917881,0.2082119
26.0,81.5,0.7915441,0.20845592
26.0,81.75,0.79133874,0.20866126
26.0,82.0,0.79095703,0.20904297
26.0,82.25,0.79164433,0.20835567
26.0,82.5,0.7902204,0.20977962
26.0,82.75,0.7903118,0.20968819
26.0,83.0,0.7909042,0.20909578
26.0,83.25,0.791059,0.20894098
26.0,83.5,0.79100615,0.20899385
26.0,83.75,0.79139286,0.20860714
26.0,84.0,0.79125345,0.20874655
26.0,84.25,0.7914602,0.20853978
26.0,84.5,0.79123557,0.20876443
26.0,84.75,0.7915938,0.20840621
26.0,85.0,0.7912588,0.20874119
26.0,85.25,0.791059,0.20894098
26.0,85.5,0.791059,0.20894098
26.0,85.75,0.79136515,0.20863485
26.0,86.0,0.7912111,0.20878887
26.0,86.25,0.7912811,0.2087189
26.0,86.5,0.79108286,0.20891714
26.0,86.75,0.79115,0.20885003
26.0,87.0,0.79115,0.20885003
26.0,87.25,0.7911623,0.20883769
26.0,87.5,0.7910389,0.20896113
26.0,87.75,0.7913603,0.20863968
26.0,88.0,0.79095376,0.20904624
26.0,88.25,0.7919639,0.20803612
26.0,88.5,0.7906156,0.20938438
26.0,88.75,0.7900664,0.20993358
26.0,89.0,0.7912325,0.20876747
26.0,89.25,0.79052913,0.20947087
26.0,89.5,0.7914125,0.20858753
26.0,89.75,0.7920625,0.20793748
26.0,90.0,0.7915866,0.20841342
26.0,90.25,0.79133034,0.20866966
26.0,90.5,0.7909423,0.20905769
26.0,90.75,0.7914586,0.2085414
26.0,91.0,0.20832604,0.79167396
26.0,91.25,0.79114294,0.20885706
26.0,91.5,0.7906997,0.20930028
26.0,91.75,0.7905212,0.2094788
26.0,92.0,0.78968483,0.21031517
26.0,92.25,0.78977406,0.21022594
26.0,92.5,0.7906332,0.2093668
26.0,92.75,0.7910039,0.20899612
26.0,93.0,0.7912181,0.2087819
26.0,93.25,0.79129213,0.20870787
26.0,93.5,0.7903445,0.20965552
26.0,93.75,0.7915768,0.2084232
26.0,94.0,0.790164,0.209836
26.0,94.25,0.7902699,0.20973009
26.0,94.5,0.79093146,0.20906854
26.0,94.75,0.79195464,0.20804536
26.0,95.0,0.79139674,0.20860326
26.0,95.25,0.79183304,0.20816696
26.0,95.5,0.7910813,0.20891869
26.0,95.75,0.79146916,0.20853084
26.0,96.0,0.79069763,0.20930237
26.25,68.0,0.50005317,0.49994683
26.25,68.25,0.50005317,0.49994683
26.25,68.5,0.50005317,0.49994683
26.25,68.75,0.50005317,0.49994683
26.25,69.0,0.50005317,0.49994683
26.25,69.25,0.50005317,0.49994683
26.25,69.5,0.50005317,0.49994683
26.25,69.75,0.50005317,0.49994683
26.25,70.0,0.50005317,0.49994683
26.25,70.25,0.50005317,0.49994683
26.25,70.5,0.50005317,0.49994683
26.25,70.75,0.50005317,0.49994683
26.25,71.0,0.50005317,0.49994683
26.25,71.25,0.50005317,0.49994683
26.25,71.5,0.50005317,0.49994683
26.25,71.75,0.50005317,0.49994683
26.25,72.0,0.50005317,0.49994683
26.25,72.25,0.50005317,0.49994683
26.25,72.5,0.50005317,0.49994683
26.25,72.75,0.50005317,0.49994683
26.25,73.0,0.79183763,0.20816237
26.25,73.25,0.7929856,0.20701438
26.25,73.5,0.7909804,0.2090196
26.25,73.75,0.7904261,0.20957392
26.25,74.0,0.7908242,0.20917583
26.25,74.25,0.79075795,0.20924205
26.25,74.5,0.20948258,0.79051745
26.25,74.75,0.7899254,0.2100746
26.25,75.0,0.7910814,0.20891857
26.25,75.25,0.79109824,0.20890176
26.25,75.5,0.7912271,0.2087729
26.25,75.75,0.7914694,0.2085306
26.25,76.0,0.7922033,0.2077967
26.25,76.25,0.79168224,0.20831776
26.25,76.5,0.7917873,0.20821267
26.25,76.75,0.79179627,0.20820373
26.25,77.0,0.79215693,0.20784307
26.25,77.25,0.79232574,0.20767426
26.25,77.5,0.79159,0.20841002
26.25,77.75,0.79159,0.20841002
26.25,78.0,0.7917406,0.2082594
26.25,78.25,0.7917406,0.2082594
26.25,78.5,0.7913439,0.20865607
26.25,78.75,0.7910935,0.20890647
26.25,79.0,0.7904198,0.20958018
26.25,79.25,0.7913252,0.20867479
26.25,79.5,0.7911545,0.2088455
26.25,79.75,0.7903519,0.20964807
26.25,80.0,0.79010916,0.20989084
26.25,80.25,0.79010916,0.20989084
26.25,80.5,0.7914248,0.20857519
26.25,80.75,0.79119235,0.20880765
26.25,81.0,0.791478,0.20852202
26.25,81.25,0.79159975,0.20840025
26.25,81.5,0.7913678,0.20863217
26.25,81.75,0.79170424,0.20829576
26.25,82.0,0.7903556,0.20964438
26.25,82.25,0.790617,0.20938301
26.25,82.5,0.7903118,0.20968819
26.25,82.75,0.79130846,0.20869154
26.25,83.0,0.7903118,0.20968819
26.25,83.25,0.7914119,0.20858812
26.25,83.5,0.79106766,0.20893234
26.25,83.75,0.7906143,0.2093857
26.25,84.0,0.7911899,0.20881009
26.25,84.25,0.79137826,0.20862174
26.25,84.5,0.79118186,0.20881814
26.25,84.75,0.7912895,0.20871049
26.25,85.0,0.79140294,0.20859706
26.25,85.25,0.79167765,0.20832235
26.25,85.5,0.79141504,0.20858496
26.25,85.75,0.79160523,0.20839477
26.25,86.0,0.79125285,0.20874715
26.25,86.25,0.790896,0.209104
26.25,86.5,0.7914459,0.20855409
26.25,86.75,0.7903804,0.20961958
26.25,87.0,0.79129803,0.20870197
26.25,87.25,0.7911323,0.20886773
26.25,87.5,0.7920914,0.20790857
26.25,87.75,0.7914303,0.2085697
26.25,88.0,0.791056,0.20894402
26.25,88.25,0.79141223,0.20858777
26.25,88.5,0.79150337,0.20849663
26.25,88.75,0.79121965,0.20878035
26.25,89.0,0.7912099,0.20879012
26.25,89.25,0.79220986,0.20779014
26.25,89.5,0.79310733,0.20689267
26.25,89.75,0.7924398,0.20756018
26.25,90.0,0.7918711,0.20812893
26.25,90.25,0.79222715,0.20777285
26.25,90.5,0.79258466,0.20741534
26.25,90.75,0.7909009,0.20909911
26.25,91.0,0.7912687,0.2087313
26.25,91.25,0.2084683,0.7915317
26.25,91.5,0.79125136,0.20874864
26.25,91.75,0.7913651,0.20863491
26.25,92.0,0.79059577,0.20940423
26.25,92.25,0.7925569,0.20744312
26.25,92.5,0.79195476,0.20804524
26.25,92.75,0.7918469,0.20815313
26.25,93.0,0.79038066,0.20961934
26.25,93.25,0.79149187,0.20850813
26.25,93.5,0.79147196,0.20852804
26.25,93.75,0.7913142,0.20868582
26.25,94.0,0.7911454,0.20885462
26.25,94.25,0.79091525,0.20908475
26.25,94.5,0.79009587,0.20990413
26.25,94.75,0.7904589,0.20954108
26.25,95.0,0.7912945,0.20870548
26.25,95.25,0.7914017,0.20859832
26.25,95.5,0.79141545,0.20858455
26.25,95.75,0.7915448,0.2084552
26.25,96.0,0.79101497,0.20898503
26.5,68.0,0.7965189,0.20348108
26.5,68.25,0.50005317,0.49994683
26.5,68.5,0.50005317,0.49994683
26.5,68.75,0.50005317,0.49994683
26.5,69.0,0.50005317,0.49994683
26.5,69.25,0.50005317,0.49994683
26.5,69.5,0.50005317,0.49994683
26.5,69.75,0.50005317,0.49994683
26.5,70.0,0.50005317,0.49994683
26.5,70.25,0.50005317,0.49994683
26.5,70.5,0.50005317,0.49994683
26.5,70.75,0.50005317,0.49994683
26.5,71.0,0.50005317,0.49994683
26.5,71.25,0.50005317,0.49994683
26.5,71.5,0.50005317,0.49994683
26.5,71.75,0.50005317,0.49994683
26.5,72.0,0.50005317,0.49994683
26.5,72.25,0.50005317,0.49994683
26.5,72.5,0.50005317,0.49994683
26.5,72.75,0.79150736,0.20849264
26.5,73.0,0.79316187,0.20683813
26.5,73.25,0.79168826,0.20831174
26.5,73.5,0.7909804,0.2090196
26.5,73.75,0.7909804,0.2090196
26.5,74.0,0.7908242,0.20917583
26.5,74.25,0.79102373,0.20897627
26.5,74.5,0.78845775,0.21154225
26.5,74.75,0.21140876,0.78859127
26.5,75.0,0.20863676,0.79136324
26.5,75.25,0.79087615,0.20912385
26.5,75.5,0.79098266,0.20901734
26.5,75.75,0.79098266,0.20901734
26.5,76.0,0.7911865,0.20881349
26.5,76.25,0.79235953,0.20764047
26.5,76.5,0.79101694,0.20898306
26.5,76.75,0.79179627,0.20820373
26.5,77.0,0.79215693,0.20784307
26.5,77.25,0.79232574,0.20767426
26.5,77.5,0.79159,0.20841002
26.5,77.75,0.79159,0.20841002
26.5,78.0,0.7917406,0.2082594
26.5,78.25,0.7916649,0.2083351
26.5,78.5,0.7913439,0.20865607
26.5,78.75,0.7898556,0.2101444
26.5,79.0,0.7909385,0.2090615
26.5,79.25,0.7911349,0.2088651
26.5,79.5,0.7911399,0.2088601
26.5,79.75,0.7910806,0.2089194
26.5,80.0,0.79097486,0.20902514
26.5,80.25,0.79113376,0.20886624
26.5,80.5,0.7912995,0.20870048
26.5,80.75,0.79125017,0.20874983
26.5,81.0,0.79105985,0.20894015
26.5,81.25,0.790762,0.209238
26.5,81.5,0.7915159,0.20848411
26.5,81.75,0.79150784,0.20849216
26.5,82.0,0.7910409,0.2089591
26.5,82.25,0.7908005,0.20919949
26.5,82.5,0.7913923,0.20860767
26.5,82.75,0.7911604,0.2088396
26.5,83.0,0.79132235,0.20867765
26.5,83.25,0.79071647,0.20928353
26.5,83.5,0.7908046,0.20919538
26.5,83.75,0.79134613,0.20865387
26.5,84.0,0.79118186,0.20881814
26.5,84.25,0.7904355,0.2095645
26.5,84.5,0.79146284,0.20853716
26.5,84.75,0.79144573,0.20855427
26.5,85.0,0.79141504,0.20858496
26.5,85.25,0.79110855,0.20889145
26.5,85.5,0.7914602,0.20853978
26.5,85.75,0.79100996,0.20899004
26.5,86.0,0.7908478,0.20915222
26.5,86.25,0.79149866,0.20850134
26.5,86.5,0.7911473,0.20885271
26.5,86.75,0.787195,0.21280497
26.5,87.0,0.7909836,0.20901638
26.5,87.25,0.7923255,0.2076745
26.5,87.5,0.7893254,0.21067458
26.5,87.75,0.79269904,0.20730096
26.5,88.0,0.7927788,0.20722121
26.5,88.25,0.79337335,0.20662665
26.5,88.5,0.793132,0.206868
26.5,88.75,0.7933154,0.20668459
26.5,89.0,0.7935879,0.20641208
26.5,89.25,0.79375935,0.20624065
26.5,89.5,0.7930743,0.20692569
26.5,89.75,0.79122293,0.20877707
26.5,90.0,0.7901763,0.20982373
26.5,90.25,0.7922052,0.20779479
26.5,90.5,0.79199284,0.20800716
26.5,90.75,0.79179466,0.20820534
26.5,91.0,0.7908437,0.20915627
26.5,91.25,0.21007599,0.789924
26.5,91.5,0.2077628,0.7922372
26.5,91.75,0.79108024,0.20891976
26.5,92.0,0.79085773,0.20914227
26.5,92.25,0.79149324,0.20850676
26.5,92.5,0.79305786,0.20694214
26.5,92.75,0.7878144,0.21218562
26.5,93.0,0.78975946,0.21024054
26.5,93.25,0.79116863,0.20883137
26.5,93.5,0.7903589,0.2096411
26.5,93.75,0.79169214,0.20830786
26.5,94.0,0.791943,0.20805699
26.5,94.25,0.79105777,0.20894223
26.5,94.5,0.7906519,0.20934808
26.5,94.75,0.7910068,0.2089932
26.5,95.0,0.7914017,0.20859832
26.5,95.25,0.79155415,0.20844585
26.5,95.5,0.7912053,0.20879471
26.5,95.75,0.7915317,0.20846832
26.5,96.0,0.7912053,0.20879471
26.75,68.0,0.7934022,0.2065978
26.75,68.25,0.7930831,0.20691693
26.75,68.5,0.50005317,0.49994683
26.75,68.75,0.50005317,0.49994683
26.75,69.0,0.50005317,0.49994683
26.75,69.25,0.50005317,0.49994683
26.75,69.5,0.50005317,0.49994683
26.75,69.75,0.50005317,0.49994683
26.75,70.0,0.50005317,0.49994683
26.75,70.25,0.50005317,0.49994683
26.75,70.5,0.50005317,0.49994683
26.75,70.75,0.50005317,0.49994683
26.75,71.0,0.50005317,0.49994683
26.75,71.25,0.50005317,0.49994683
26.75,71.5,0.50005317,0.49994683
26.75,71.75,0.50005317,0.49994683
26.75,72.0,0.50005317,0.49994683
26.75,72.25,0.50005317,0.49994683
26.75,72.5,0.7928047,0.20719528
26.75,72.75,0.79067016,0.20932984
26.75,73.0,0.7910004,0.20899957
26.75,73.25,0.79097354,0.20902646
26.75,73.5,0.7910004,0.20899957
26.75,73.75,0.7906086,0.20939142
26.75,74.0,0.7904859,0.20951408
26.75,74.25,0.7912717,0.20872831
26.75,74.5,0.7883695,0.21163052
26.75,74.75,0.21033007,0.78966993
26.75,75.0,0.7904126,0.2095874
26.75,75.25,0.79127705,0.20872295
26.75,75.5,0.79127705,0.20872295
26.75,75.75,0.7902992,0.20970082
26.75,76.0,0.7905431,0.20945692
26.75,76.25,0.7910418,0.20895821
26.75,76.5,0.79092366,0.20907634
26.75,76.75,0.79199266,0.20800734
26.75,77.0,0.79215693,0.20784307
26.75,77.25,0.7920628,0.20793718
26.75,77.5,0.7913181,0.20868188
26.75,77.75,0.7912424,0.20875758
26.75,78.0,0.791081,0.20891899
26.75,78.25,0.7914961,0.2085039
26.75,78.5,0.7909319,0.20906812
26.75,78.75,0.7910882,0.20891178
26.75,79.0,0.7911349,0.2088651
26.75,79.25,0.79063064,0.20936936
26.75,79.5,0.79078686,0.20921314
26.75,79.75,0.790734,0.209266
26.75,80.0,0.7916246,0.2083754
26.75,80.25,0.79137915,0.20862085
26.75,80.5,0.7911349,0.2088651
26.75,80.75,0.79129165,0.20870835
26.75,81.0,0.79082793,0.20917207
26.75,81.25,0.79150784,0.20849216
26.75,81.5,0.79098576,0.20901424
26.75,81.75,0.7917211,0.2082789
26.75,82.0,0.79166144,0.20833856
26.75,82.25,0.79147583,0.20852417
26.75,82.5,0.7913047,0.20869529
26.75,82.75,0.79100615,0.20899385
26.75,83.0,0.79101336,0.20898664
26.75,83.25,0.7911559,0.20884413
26.75,83.5,0.7906177,0.2093823
26.75,83.75,0.7911827,0.2088173
26.75,84.0,0.79048836,0.20951164
26.75,84.25,0.7906985,0.20930147
26.75,84.5,0.7909834,0.20901662
26.75,84.75,0.7915689,0.20843112
26.75,85.0,0.7916752,0.20832479
26.75,85.25,0.7914602,0.20853978
26.75,85.5,0.79205835,0.20794165
26.75,85.75,0.7877863,0.2122137
26.75,86.0,0.79098934,0.20901066
26.75,86.25,0.7909981,0.2090019
26.75,86.5,0.79119873,0.20880127
26.75,86.75,0.7920608,0.20793921
26.75,87.0,0.7889909,0.21100909
26.75,87.25,0.7917198,0.2082802
26.75,87.5,0.7920565,0.2079435
26.75,87.75,0.7931777,0.20682228
26.75,88.0,0.79272974,0.20727026
26.75,88.25,0.79263264,0.20736736
26.75,88.5,0.791371,0.20862901
26.75,88.75,0.79228765,0.20771235
26.75,89.0,0.7909933,0.20900673
26.75,89.25,0.79412764,0.20587236
26.75,89.5,0.79335254,0.20664746
26.75,89.75,0.7926649,0.20733511
26.75,90.0,0.7925519,0.20744812
26.75,90.25,0.79153043,0.20846957
26.75,90.5,0.7909038,0.2090962
26.75,90.75,0.7912761,0.2087239
26.75,91.0,0.79159015,0.20840985
26.75,91.25,0.79143554,0.20856446
26.75,91.5,0.791133,0.20886701
26.75,91.75,0.7912589,0.20874113
26.75,92.0,0.7915647,0.2084353
26.75,92.25,0.79125744,0.20874256
26.75,92.5,0.7937485,0.2062515
26.75,92.75,0.7874493,0.2125507
26.75,93.0,0.7892471,0.2107529
26.75,93.25,0.79121554,0.20878446
26.75,93.5,0.7896799,0.21032012
26.75,93.75,0.79196477,0.20803523
26.75,94.0,0.789763,0.21023703
26.75,94.25,0.791292,0.20870799
26.75,94.5,0.7906206,0.20937937
26.75,94.75,0.7904589,0.20954108
26.75,95.0,0.79086465,0.20913535
26.75,95.25,0.7914098,0.20859021
26.75,95.5,0.79147846,0.20852154
26.75,95.75,0.7916427,0.20835727
26.75,96.0,0.79128116,0.20871884
27.0,68.0,0.7932903,0.20670968
27.0,68.25,0.79690707,0.20309293
27.0,68.5,0.50005317,0.49994683
27.0,68.75,0.50005317,0.49994683
27.0,69.0,0.50005317,0.49994683
27.0,69.25,0.50005317,0.49994683
27.0,69.5,0.50005317,0.49994683
27.0,69.75,0.50005317,0.49994683
27.0,70.0,0.50005317,0.49994683
27.0,70.25,0.50005317,0.49994683
27.0,70.5,0.50005317,0.49994683
27.0,70.75,0.50005317,0.49994683
27.0,71.0,0.50005317,0.49994683
27.0,71.25,0.50005317,0.49994683
27.0,71.5,0.50005317,0.49994683
27.0,71.75,0.50005317,0.49994683
27.0,72.0,0.50005317,0.49994683
27.0,72.25,0.50005317,0.49994683
27.0,72.5,0.7928316,0.2071684
27.0,72.75,0.7906501,0.20934987
27.0,73.0,0.7915316,0.20846838
27.0,73.25,0.78512275,0.21487725
27.0,73.5,0.78472465,0.21527535
27.0,73.75,0.79073346,0.20926654
27.0,74.0,0.79153365,0.20846635
27.0,74.25,0.7909446,0.20905542
27.0,74.5,0.21134092,0.7886591
27.0,74.75,0.2107785,0.7892215
27.0,75.0,0.7909628,0.20903718
27.0,75.25,0.7910814,0.20891857
27.0,75.5,0.7907239,0.20927608
27.0,75.75,0.2097852,0.7902148
27.0,76.0,0.79047793,0.20952207
27.0,76.25,0.79021996,0.20978004
27.0,76.5,0.79007745,0.20992255
27.0,76.75,0.7911812,0.2088188
27.0,77.0,0.7912835,0.20871651
27.0,77.25,0.790862,0.20913798
27.0,77.5,0.79108965,0.20891035
27.0,77.75,0.7908075,0.20919251
27.0,78.0,0.7911349,0.2088651
27.0,78.25,0.7904198,0.20958018
27.0,78.5,0.7929028,0.20709717
27.0,78.75,0.7903329,0.20966709
27.0,79.0,0.79022425,0.20977575
27.0,79.25,0.79086256,0.20913744
27.0,79.5,0.7911825,0.20881748
27.0,79.75,0.79086256,0.20913744
27.0,80.0,0.7912241,0.20877588
27.0,80.25,0.790754,0.20924598
27.0,80.5,0.7910529,0.20894712
27.0,80.75,0.79157287,0.20842713
27.0,81.0,0.79124606,0.20875394
27.0,81.25,0.79155946,0.20844054
27.0,81.5,0.7913774,0.20862257
27.0,81.75,0.7915033,0.20849669
27.0,82.0,0.79095167,0.20904833
27.0,82.25,0.7905909,0.20940912
27.0,82.5,0.7904545,0.2095455
27.0,82.75,0.7910053,0.20899469
27.0,83.0,0.7914156,0.20858443
27.0,83.25,0.79100615,0.20899385
27.0,83.5,0.79109454,0.20890546
27.0,83.75,0.7909863,0.2090137
27.0,84.0,0.79118186,0.20881814
27.0,84.25,0.79064566,0.20935434
27.0,84.5,0.79139286,0.20860714
27.0,84.75,0.7914989,0.2085011
27.0,85.0,0.791267,0.20873302
27.0,85.25,0.79091704,0.20908296
27.0,85.5,0.7916081,0.2083919
27.0,85.75,0.7907374,0.20926261
27.0,86.0,0.79128885,0.20871115
27.0,86.25,0.7912201,0.20877987
27.0,86.5,0.7919686,0.20803142
27.0,86.75,0.79181826,0.20818174
27.0,87.0,0.7914396,0.2085604
27.0,87.25,0.789871,0.21012902
27.0,87.5,0.79184234,0.20815766
27.0,87.75,0.7903104,0.20968962
27.0,88.0,0.78746885,0.21253115
27.0,88.25,0.79264146,0.20735854
27.0,88.5,0.7923503,0.20764971
27.0,88.75,0.79144347,0.20855653
27.0,89.0,0.7917445,0.20825553
27.0,89.25,0.7917263,0.20827371
27.0,89.5,0.7907737,0.20922631
27.0,89.75,0.7913913,0.20860869
27.0,90.0,0.7930028,0.20699722
27.0,90.25,0.7917603,0.20823967
27.0,90.5,0.7926972,0.20730281
27.0,90.75,0.790582,0.209418
27.0,91.0,0.7918022,0.20819777
27.0,91.25,0.79084474,0.20915526
27.0,91.5,0.79089785,0.20910215
27.0,91.75,0.7907056,0.20929438
27.0,92.0,0.79093105,0.20906895
27.0,92.25,0.7911252,0.20887482
27.0,92.5,0.7907433,0.20925671
27.0,92.75,0.79143906,0.20856094
27.0,93.0,0.7903688,0.2096312
27.0,93.25,0.7904847,0.20951527
27.0,93.5,0.7917123,0.20828772
27.0,93.75,0.79084224,0.20915776
27.0,94.0,0.7901011,0.20989889
27.0,94.25,0.7906519,0.20934808
27.0,94.5,0.7910524,0.2089476
27.0,94.75,0.79069805,0.20930195
27.0,95.0,0.79177105,0.20822895
27.0,95.25,0.7908723,0.20912772
27.0,95.5,0.79150844,0.20849156
27.0,95.75,0.7907699,0.20923012
27.0,96.0,0.79141545,0.20858455
27.25,68.0,0.50005317,0.49994683
27.25,68.25,0.50005317,0.49994683
27.25,68.5,0.50005317,0.49994683
27.25,68.75,0.50005317,0.49994683
27.25,69.0,0.50005317,0.49994683
27.25,69.25,0.50005317,0.49994683
27.25,69.5,0.50005317,0.49994683
27.25,69.75,0.50005317,0.49994683
27.25,70.0,0.50005317,0.49994683
27.25,70.25,0.50005317,0.49994683
27.25,70.5,0.50005317,0.49994683
27.25,70.75,0.50005317,0.49994683
27.25,71.0,0.50005317,0.49994683
27.25,71.25,0.50005317,0.49994683
27.25,71.5,0.50005317,0.49994683
27.25,71.75,0.50005317,0.49994683
27.25,72.0,0.50005317,0.49994683
27.25,72.25,0.50005317,0.49994683
27.25,72.5,0.7904939,0.2095061
27.25,72.75,0.7915142,0.20848578
27.25,73.0,0.7908242,0.20917583
27.25,73.25,0.78512275,0.21487725
27.25,73.5,0.21557,0.78443
27.25,73.75,0.79057544,0.20942456
27.25,74.0,0.79097354,0.20902646
27.25,74.25,0.21291232,0.7870877
27.25,74.5,0.20917171,0.7908283
27.25,74.75,0.21005397,0.789946
27.25,75.0,0.79074866,0.20925134
27.25,75.25,0.790492,0.209508
27.25,75.5,0.2095039,0.7904961
27.25,75.75,0.20895983,0.7910402
27.25,76.0,0.20936264,0.7906374
27.25,76.25,0.78929496,0.21070504
27.25,76.5,0.7900722,0.2099278
27.25,76.75,0.7905498,0.20945019
27.25,77.0,0.7906227,0.20937729
27.25,77.25,0.790693,0.20930701
27.25,77.5,0.79144776,0.20855224
27.25,77.75,0.7907267,0.20927328
27.25,78.0,0.7909706,0.20902938
27.25,78.25,0.7905886,0.20941138
27.25,78.5,0.79182655,0.20817345
27.25,78.75,0.79239416,0.20760584
27.25,79.0,0.79236144,0.20763856
27.25,79.25,0.7904198,0.20958018
27.25,79.5,0.7906818,0.20931822
27.25,79.75,0.7907681,0.20923191
27.25,80.0,0.7911618,0.20883822
27.25,80.25,0.79117554,0.20882446
27.25,80.5,0.7916543,0.20834571
27.25,80.75,0.79149455,0.20850545
27.25,81.0,0.7910334,0.20896661
27.25,81.25,0.791548,0.20845199
27.25,81.5,0.7915562,0.20844382
27.25,81.75,0.7905074,0.20949262
27.25,82.0,0.7915319,0.20846808
27.25,82.25,0.7905931,0.20940691
27.25,82.5,0.79332507,0.20667493
27.25,82.75,0.7922488,0.20775121
27.25,83.0,0.79080683,0.20919317
27.25,83.25,0.7914119,0.20858812
27.25,83.5,0.7910199,0.20898008
27.25,83.75,0.791392,0.20860797
27.25,84.0,0.7914097,0.20859033
27.25,84.25,0.7913598,0.20864022
27.25,84.5,0.79136515,0.20863485
27.25,84.75,0.79107493,0.20892507
27.25,85.0,0.7911407,0.20885932
27.25,85.25,0.79141504,0.20858496
27.25,85.5,0.79150844,0.20849156
27.25,85.75,0.79213077,0.20786923
27.25,86.0,0.7908251,0.20917487
27.25,86.25,0.7917898,0.20821017
27.25,86.5,0.79133546,0.20866454
27.25,86.75,0.7897942,0.2102058
27.25,87.0,0.79129803,0.20870197
27.25,87.25,0.7891535,0.21084648
27.25,87.5,0.79236406,0.20763594
27.25,87.75,0.78778714,0.21221286
27.25,88.0,0.7936505,0.20634949
27.25,88.25,0.7914975,0.20850247
27.25,88.5,0.7916953,0.2083047
27.25,88.75,0.79150873,0.20849127
27.25,89.0,0.791581,0.20841902
27.25,89.25,0.7906241,0.20937592
27.25,89.5,0.79025143,0.20974857
27.25,89.75,0.7913927,0.20860732
27.25,90.0,0.79122674,0.20877326
27.25,90.25,0.7908107,0.2091893
27.25,90.5,0.79164034,0.20835966
27.25,90.75,0.7909724,0.20902759
27.25,91.0,0.7911732,0.20882678
27.25,91.25,0.791112,0.208888
27.25,91.5,0.79089785,0.20910215
27.25,91.75,0.7902995,0.20970052
27.25,92.0,0.7912759,0.20872408
27.25,92.25,0.7910532,0.20894682
27.25,92.5,0.79122204,0.20877796
27.25,92.75,0.7908047,0.20919532
27.25,93.0,0.7913239,0.2086761
27.25,93.25,0.79096705,0.20903295
27.25,93.5,0.79110956,0.20889044
27.25,93.75,0.79088867,0.20911133
27.25,94.0,0.79061085,0.20938915
27.25,94.25,0.7901011,0.20989889
27.25,94.5,0.7902699,0.20973009
27.25,94.75,0.7913883,0.20861173
27.25,95.0,0.7915786,0.20842141
27.25,95.25,0.79086465,0.20913535
27.25,95.5,0.7917933,0.20820671
27.25,95.75,0.7914208,0.20857918
27.25,96.0,0.79101497,0.20898503
27.5,68.0,0.50005317,0.49994683
27.5,68.25,0.50005317,0.49994683
27.5,68.5,0.50005317,0.49994683
27.5,68.75,0.50005317,0.49994683
27.5,69.0,0.50005317,0.49994683
27.5,69.25,0.50005317,0.49994683
27.5,69.5,0.50005317,0.49994683
27.5,69.75,0.50005317,0.49994683
27.5,70.0,0.50005317,0.49994683
27.5,70.25,0.50005317,0.49994683
27.5,70.5,0.50005317,0.49994683
27.5,70.75,0.50005317,0.49994683
27.5,71.0,0.50005317,0.49994683
27.5,71.25,0.50005317,0.49994683
27.5,71.5,0.50005317,0.49994683
27.5,71.75,0.50005317,0.49994683
27.5,72.0,0.50005317,0.49994683
27.5,72.25,0.79161936,0.20838064
27.5,72.5,0.791358,0.208642
27.5,72.75,0.79096866,0.20903134
27.5,73.0,0.79176545,0.20823455
27.5,73.25,0.78490716,0.21509284
27.5,73.5,0.21385628,0.7861437
27.5,73.75,0.22282584,0.7771742
27.5,74.0,0.49979296,0.50020707
27.5,74.25,0.49979374,0.50020623
27.5,74.5,0.21625367,0.78374636
27.5,74.75,0.79159683,0.20840317
27.5,75.0,0.79081994,0.20918006
27.5,75.25,0.21098234,0.7890177
27.5,75.5,0.20941871,0.7905813
27.5,75.75,0.2090914,0.7909086
27.5,76.0,0.20936264,0.7906374
27.5,76.25,0.21056592,0.7894341
27.5,76.5,0.21054818,0.78945184
27.5,76.75,0.79007745,0.20992255
27.5,77.0,0.79042715,0.20957285
27.5,77.25,0.7911746,0.20882541
27.5,77.5,0.7912205,0.20877951
27.5,77.75,0.7914169,0.20858312
27.5,78.0,0.79116094,0.20883906
27.5,78.25,0.7905886,0.20941138
27.5,78.5,0.79250836,0.20749164
27.5,78.75,0.7926462,0.20735377
27.5,79.0,0.79287535,0.20712465
27.5,79.25,0.7926462,0.20735377
27.5,79.5,0.7904146,0.20958543
27.5,79.75,0.79067785,0.20932215
27.5,80.0,0.7922617,0.20773828
27.5,80.25,0.7914948,0.20850521
27.5,80.5,0.7914328,0.2085672
27.5,80.75,0.78992355,0.21007645
27.5,81.0,0.79123646,0.20876354
27.5,81.25,0.79150784,0.20849216
27.5,81.5,0.7911496,0.20885038
27.5,81.75,0.791346,0.20865399
27.5,82.0,0.79170424,0.20829576
27.5,82.25,0.79120916,0.20879084
27.5,82.5,0.79148185,0.20851815
27.5,82.75,0.7909891,0.2090109
27.5,83.0,0.79140943,0.20859057
27.5,83.25,0.7916297,0.20837033
27.5,83.5,0.7911239,0.20887607
27.5,83.75,0.79044867,0.20955133
27.5,84.0,0.7911642,0.20883578
27.5,84.25,0.7902182,0.20978183
27.5,84.5,0.791485,0.20851499
27.5,84.75,0.79134315,0.20865685
27.5,85.0,0.7909978,0.2090022
27.5,85.25,0.791518,0.20848203
27.5,85.5,0.79166377,0.20833623
27.5,85.75,0.79038393,0.20961607
27.5,86.0,0.79093313,0.20906687
27.5,86.25,0.7905366,0.20946342
27.5,86.5,0.7897942,0.2102058
27.5,86.75,0.7897681,0.2102319
27.5,87.0,0.79130065,0.20869935
27.5,87.25,0.79091525,0.20908475
27.5,87.5,0.79040295,0.20959705
27.5,87.75,0.7911693,0.20883071
27.5,88.0,0.79081106,0.20918894
27.5,88.25,0.7921332,0.20786679
27.5,88.5,0.79071707,0.20928293
27.5,88.75,0.7905128,0.2094872
27.5,89.0,0.7909753,0.20902473
27.5,89.25,0.79022586,0.20977414
27.5,89.5,0.7908107,0.2091893
27.5,89.75,0.79078346,0.20921654
27.5,90.0,0.79101676,0.20898324
27.5,90.25,0.7883119,0.2116881
27.5,90.5,0.7922306,0.2077694
27.5,90.75,0.7909707,0.20902932
27.5,91.0,0.7914232,0.2085768
27.5,91.25,0.79100627,0.20899373
27.5,91.5,0.79127663,0.20872337
27.5,91.75,0.79089785,0.20910215
27.5,92.0,0.7911687,0.20883131
27.5,92.25,0.79134834,0.20865166
27.5,92.5,0.7911252,0.20887482
27.5,92.75,0.79009295,0.20990705
27.5,93.0,0.79044306,0.20955694
27.5,93.25,0.79124206,0.20875794
27.5,93.5,0.79081094,0.20918906
27.5,93.75,0.79130346,0.20869654
27.5,94.0,0.79089594,0.20910406
27.5,94.25,0.79068065,0.20931935
27.5,94.5,0.78955245,0.21044755
27.5,94.75,0.78775764,0.21224236
27.5,95.0,0.7926262,0.2073738
27.5,95.25,0.790797,0.209203
27.5,95.5,0.7909939,0.20900607
27.5,95.75,0.79101497,0.20898503
27.5,96.0,0.79161185,0.20838815
27.75,68.0,0.50005317,0.49994683
27.75,68.25,0.50005317,0.49994683
27.75,68.5,0.50005317,0.49994683
27.75,68.75,0.50005317,0.49994683
27.75,69.0,0.50005317,0.49994683
27.75,69.25,0.50005317,0.49994683
27.75,69.5,0.50005317,0.49994683
27.75,69.75,0.50005317,0.49994683
27.75,70.0,0.50005317,0.49994683
27.75,70.25,0.50005317,0.49994683
27.75,70.5,0.50005317,0.49994683
27.75,70.75,0.50005317,0.49994683
27.75,71.0,0.50005317,0.49994683
27.75,71.25,0.50005317,0.49994683
27.75,71.5,0.50005317,0.49994683
27.75,71.75,0.50005317,0.49994683
27.75,72.0,0.221703,0.778297
27.75,72.25,0.21114723,0.78885275
27.75,72.5,0.79046756,0.20953244
27.75,72.75,0.7911267,0.20887327
27.75,73.0,0.7896184,0.21038163
27.75,73.25,0.7853799,0.21462011
27.75,73.5,0.21587163,0.78412837
27.75,73.75,0.21124153,0.78875846
27.75,74.0,0.225167,0.77483296
27.75,74.25,0.49979374,0.50020623
27.75,74.5,0.78569704,0.21430296
27.75,74.75,0.789567,0.210433
27.75,75.0,0.21140876,0.78859127
27.75,75.25,0.21059927,0.7894007
27.75,75.5,0.21083361,0.7891664
27.75,75.75,0.2090914,0.7909086
27.75,76.0,0.20895983,0.7910402
27.75,76.25,0.21056592,0.7894341
27.75,76.5,0.21056592,0.7894341
27.75,76.75,0.7881186,0.2118814
27.75,77.0,0.7907887,0.20921129
27.75,77.25,0.7910778,0.2089222
27.75,77.5,0.7912205,0.20877951
27.75,77.75,0.7914169,0.20858312
27.75,78.0,0.7908203,0.2091797
27.75,78.25,0.79116094,0.20883906
27.75,78.5,0.79061013,0.20938987
27.75,78.75,0.79201686,0.20798314
27.75,79.0,0.79106766,0.20893234
27.75,79.25,0.79349,0.20651
27.75,79.5,0.79201084,0.20798916
27.75,79.75,0.7918955,0.20810449
27.75,80.0,0.7911981,0.20880193
27.75,80.25,0.79129124,0.20870876
27.75,80.5,0.79105,0.20894998
27.75,80.75,0.79188937,0.20811063
27.75,81.0,0.7913765,0.20862353
27.75,81.25,0.79095703,0.20904297
27.75,81.5,0.7912977,0.20870233
27.75,81.75,0.79150784,0.20849216
27.75,82.0,0.7915255,0.20847452
27.75,82.25,0.79117423,0.20882577
27.75,82.5,0.7910015,0.2089985
27.75,82.75,0.7909641,0.20903587
27.75,83.0,0.79098374,0.20901626
27.75,83.25,0.7916807,0.2083193
27.75,83.5,0.7909702,0.2090298
27.75,83.75,0.7909265,0.20907348
27.75,84.0,0.7912133,0.20878673
27.75,84.25,0.7913608,0.2086392
27.75,84.5,0.7911411,0.2088589
27.75,84.75,0.7905657,0.20943427
27.75,85.0,0.79069877,0.20930123
27.75,85.25,0.79046685,0.20953315
27.75,85.5,0.79147434,0.20852566
27.75,85.75,0.79316825,0.20683175
27.75,86.0,0.7902518,0.20974821
27.75,86.25,0.79175425,0.20824575
27.75,86.5,0.7902876,0.20971239
27.75,86.75,0.79083806,0.20916194
27.75,87.0,0.7916871,0.20831293
27.75,87.25,0.7907367,0.20926332
27.75,87.5,0.79017377,0.20982623
27.75,87.75,0.79017377,0.20982623
27.75,88.0,0.79137945,0.20862055
27.75,88.25,0.79157126,0.20842874
27.75,88.5,0.79143023,0.20856977
27.75,88.75,0.7909037,0.20909631
27.75,89.0,0.7916973,0.20830268
27.75,89.25,0.7914351,0.20856488
27.75,89.5,0.79187644,0.20812356
27.75,89.75,0.7916128,0.2083872
27.75,90.0,0.79168946,0.20831054
27.75,90.25,0.79171,0.20828998
27.75,90.5,0.79168946,0.20831054
27.75,90.75,0.7910991,0.20890093
27.75,91.0,0.7911505,0.20884949
27.75,91.25,0.79077023,0.20922977
27.75,91.5,0.791616,0.20838398
27.75,91.75,0.79119873,0.20880127
27.75,92.0,0.79092705,0.20907295
27.75,92.25,0.7905675,0.20943248
27.75,92.5,0.7902979,0.20970207
27.75,92.75,0.79101336,0.20898664
27.75,93.0,0.7915096,0.20849037
27.75,93.25,0.7912699,0.2087301
27.75,93.5,0.79000443,0.20999557
27.75,93.75,0.79091525,0.20908475
27.75,94.0,0.7902753,0.20972472
27.75,94.25,0.7915768,0.2084232
27.75,94.5,0.7913449,0.20865512
27.75,94.75,0.79109603,0.20890397
27.75,95.0,0.79154044,0.20845956
27.75,95.25,0.79170924,0.20829076
27.75,95.5,0.7912195,0.20878053
27.75,95.75,0.7913478,0.2086522
27.75,96.0,0.7914235,0.2085765
28.0,68.0,0.50005317,0.49994683
28.0,68.25,0.50005317,0.49994683
28.0,68.5,0.50005317,0.49994683
28.0,68.75,0.50005317,0.49994683
28.0,69.0,0.50005317,0.49994683
28.0,69.25,0.50005317,0.49994683
28.0,69.5,0.50005317,0.49994683
28.0,69.75,0.50005317,0.49994683
28.0,70.0,0.50005317,0.49994683
28.0,70.25,0.50005317,0.49994683
28.0,70.5,0.50005317,0.49994683
28.0,70.75,0.50005317,0.49994683
28.0,71.0,0.50005317,0.49994683
28.0,71.25,0.50005317,0.49994683
28.0,71.5,0.50005317,0.49994683
28.0,71.75,0.50005317,0.49994683
28.0,72.0,0.221703,0.778297
28.0,72.25,0.21176791,0.7882321
28.0,72.5,0.78609556,0.21390444
28.0,72.75,0.790252,0.20974803
28.0,73.0,0.78898185,0.21101815
28.0,73.25,0.7911793,0.2088207
28.0,73.5,0.21309365,0.78690636
28.0,73.75,0.2101803,0.7898197
28.0,74.0,0.21054722,0.7894528
28.0,74.25,0.49979374,0.50020623
28.0,74.5,0.7853799,0.21462011
28.0,74.75,0.7906711,0.20932889
28.0,75.0,0.21155885,0.7884412
28.0,75.25,0.21251683,0.78748316
28.0,75.5,0.21155885,0.7884412
28.0,75.75,0.20981477,0.7901852
28.0,76.0,0.7898378,0.21016222
28.0,76.25,0.79061055,0.20938945
28.0,76.5,0.78915226,0.21084774
28.0,76.75,0.79089534,0.20910466
28.0,77.0,0.7909859,0.20901412
28.0,77.25,0.79069006,0.20930994
28.0,77.5,0.7910621,0.20893788
28.0,77.75,0.79131526,0.20868474
28.0,78.0,0.79132485,0.20867515
28.0,78.25,0.79074085,0.20925915
28.0,78.5,0.791298,0.20870203
28.0,78.75,0.7914193,0.20858067
28.0,79.0,0.79086244,0.20913756
28.0,79.25,0.7915878,0.20841217
28.0,79.5,0.7914193,0.20858067
28.0,79.75,0.7917766,0.2082234
28.0,80.0,0.7917766,0.2082234
28.0,80.25,0.7905391,0.20946091
28.0,80.5,0.7919461,0.20805389
28.0,80.75,0.7920942,0.20790583
28.0,81.0,0.79236513,0.20763487
28.0,81.25,0.7927042,0.20729578
28.0,81.5,0.7890336,0.21096641
28.0,81.75,0.78763074,0.21236926
28.0,82.0,0.79172456,0.20827544
28.0,82.25,0.7907155,0.20928448
28.0,82.5,0.79091305,0.20908695
28.0,82.75,0.7911272,0.2088728
28.0,83.0,0.79068506,0.20931494
28.0,83.25,0.7918358,0.20816422
28.0,83.5,0.79091305,0.20908695
28.0,83.75,0.7908018,0.20919818
28.0,84.0,0.7907995,0.2092005
28.0,84.25,0.79180616,0.20819384
28.0,84.5,0.7904611,0.20953888
28.0,84.75,0.7918476,0.20815241
28.0,85.0,0.79223555,0.20776445
28.0,85.25,0.7912466,0.2087534
28.0,85.5,0.7911518,0.20884818
28.0,85.75,0.7904611,0.20953888
28.0,86.0,0.7925835,0.20741647
28.0,86.25,0.7911881,0.20881188
28.0,86.5,0.79080945,0.20919055
28.0,86.75,0.7915009,0.20849907
28.0,87.0,0.7909305,0.20906949
28.0,87.25,0.79147446,0.20852554
28.0,87.5,0.790698,0.20930201
28.0,87.75,0.7909417,0.20905828
28.0,88.0,0.20836674,0.79163325
28.0,88.25,0.7913775,0.20862252
28.0,88.5,0.7909931,0.2090069
28.0,88.75,0.79044586,0.20955414
28.0,89.0,0.7909444,0.2090556
28.0,89.25,0.791591,0.20840901
28.0,89.5,0.79200876,0.20799124
28.0,89.75,0.7913717,0.2086283
28.0,90.0,0.79171,0.20828998
28.0,90.25,0.7907493,0.20925069
28.0,90.5,0.79127544,0.20872456
28.0,90.75,0.79181165,0.20818835
28.0,91.0,0.79152375,0.20847625
28.0,91.25,0.7911454,0.20885462
28.0,91.5,0.79099613,0.20900387
28.0,91.75,0.7910267,0.20897329
28.0,92.0,0.79097724,0.20902276
28.0,92.25,0.20815273,0.7918473
28.0,92.5,0.7907637,0.20923632
28.0,92.75,0.7913715,0.20862848
28.0,93.0,0.7906785,0.2093215
28.0,93.25,0.79150945,0.20849055
28.0,93.5,0.790699,0.209301
28.0,93.75,0.790433,0.20956701
28.0,94.0,0.7903534,0.20964658
28.0,94.25,0.79225415,0.20774585
28.0,94.5,0.7912863,0.20871371
28.0,94.75,0.79150695,0.20849305
28.0,95.0,0.79156476,0.20843524
28.0,95.25,0.79098636,0.20901364
28.0,95.5,0.791948,0.20805198
28.0,95.75,0.7917792,0.20822078
28.0,96.0,0.79148483,0.20851517
28.25,68.0,0.50005317,0.49994683
28.25,68.25,0.50005317,0.49994683
28.25,68.5,0.50005317,0.49994683
28.25,68.75,0.50005317,0.49994683
28.25,69.0,0.50005317,0.49994683
28.25,69.25,0.50005317,0.49994683
28.25,69.5,0.50005317,0.49994683
28.25,69.75,0.50005317,0.49994683
28.25,70.0,0.50005317,0.49994683
28.25,70.25,0.50005317,0.49994683
28.25,70.5,0.50005317,0.49994683
28.25,70.75,0.50005317,0.49994683
28.25,71.0,0.50005317,0.49994683
28.25,71.25,0.50005317,0.49994683
28.25,71.5,0.50005317,0.49994683
28.25,71.75,0.50005317,0.49994683
28.25,72.0,0.221703,0.778297
28.25,72.25,0.21383193,0.7861681
28.25,72.5,0.21395105,0.78604895
28.25,72.75,0.78956234,0.21043766
28.25,73.0,0.20843452,0.7915655
28.25,73.25,0.20872265,0.79127735
28.25,73.5,0.21557,0.78443
28.25,73.75,0.2101803,0.7898197
28.25,74.0,0.21541487,0.7845851
28.25,74.25,0.7895778,0.21042222
28.25,74.5,0.7918359,0.2081641
28.25,74.75,0.79030263,0.20969737
28.25,75.0,0.21185607,0.78814393
28.25,75.25,0.21113908,0.7888609
28.25,75.5,0.2169286,0.7830714
28.25,75.75,0.21128964,0.78871036
28.25,76.0,0.79019845,0.20980155
28.25,76.25,0.79114854,0.20885146
28.25,76.5,0.20895983,0.7910402
28.25,76.75,0.79061055,0.20938945
28.25,77.0,0.7910022,0.20899779
28.25,77.25,0.79143727,0.20856273
28.25,77.5,0.7913844,0.2086156
28.25,77.75,0.7907706,0.20922941
28.25,78.0,0.79154223,0.20845777
28.25,78.25,0.7914883,0.20851171
28.25,78.5,0.7915204,0.20847958
28.25,78.75,0.7909834,0.20901662
28.25,79.0,0.7907732,0.20922679
28.25,79.25,0.79165787,0.20834213
28.25,79.5,0.79139185,0.20860815
28.25,79.75,0.7946461,0.20535392
28.25,80.0,0.7923053,0.20769471
28.25,80.25,0.7920942,0.20790583
28.25,80.5,0.79182667,0.20817333
28.25,80.75,0.7917335,0.2082665
28.25,81.0,0.7916093,0.20839071
28.25,81.25,0.7918673,0.20813268
28.25,81.5,0.79126227,0.20873773
28.25,81.75,0.7909873,0.20901269
28.25,82.0,0.7921061,0.20789391
28.25,82.25,0.79042095,0.20957905
28.25,82.5,0.7901727,0.2098273
28.25,82.75,0.79062295,0.20937705
28.25,83.0,0.7914332,0.20856678
28.25,83.25,0.7908354,0.20916462
28.25,83.5,0.79127544,0.20872456
28.25,83.75,0.7922062,0.20779377
28.25,84.0,0.79101795,0.20898205
28.25,84.25,0.7911015,0.20889848
28.25,84.5,0.7915146,0.20848542
28.25,84.75,0.79112333,0.20887667
28.25,85.0,0.7910975,0.20890248
28.25,85.25,0.7835249,0.21647513
28.25,85.5,0.7922062,0.20779377
28.25,85.75,0.7871992,0.2128008
28.25,86.0,0.7945649,0.2054351
28.25,86.25,0.79171526,0.20828474
28.25,86.5,0.7914113,0.20858872
28.25,86.75,0.7913192,0.20868081
28.25,87.0,0.7907796,0.20922041
28.25,87.25,0.79019594,0.20980406
28.25,87.5,0.7909127,0.20908731
28.25,87.75,0.20849755,0.7915025
28.25,88.0,0.20956379,0.7904362
28.25,88.25,0.20832454,0.79167545
28.25,88.5,0.20862265,0.79137737
28.25,88.75,0.20877978,0.7912202
28.25,89.0,0.20832454,0.79167545
28.25,89.25,0.20924786,0.7907522
28.25,89.5,0.79122674,0.20877326
28.25,89.75,0.79065764,0.20934236
28.25,90.0,0.7906169,0.20938307
28.25,90.25,0.78923184,0.21076816
28.25,90.5,0.78996587,0.21003413
28.25,90.75,0.7910787,0.20892131
28.25,91.0,0.79107827,0.20892173
28.25,91.25,0.79104996,0.20895004
28.25,91.5,0.7903878,0.20961219
28.25,91.75,0.7904285,0.20957148
28.25,92.0,0.7898112,0.2101888
28.25,92.25,0.7908526,0.2091474
28.25,92.5,0.7908526,0.2091474
28.25,92.75,0.79132277,0.20867723
28.25,93.0,0.7900482,0.20995182
28.25,93.25,0.79090816,0.20909184
28.25,93.5,0.7914987,0.20850128
28.25,93.75,0.7908925,0.20910752
28.25,94.0,0.7902198,0.20978022
28.25,94.25,0.79080975,0.20919025
28.25,94.5,0.7907277,0.20927233
28.25,94.75,0.79334444,0.20665556
28.25,95.0,0.791871,0.20812899
28.25,95.25,0.7917079,0.20829213
28.25,95.5,0.7916761,0.2083239
28.25,95.75,0.7910331,0.20896691
28.25,96.0,0.7918428,0.20815718
28.5,68.0,0.50005317,0.49994683
28.5,68.25,0.50005317,0.49994683
28.5,68.5,0.50005317,0.49994683
28.5,68.75,0.50005317,0.49994683
28.5,69.0,0.50005317,0.49994683
28.5,69.25,0.50005317,0.49994683
28.5,69.5,0.50005317,0.49994683
28.5,69.75,0.50005317,0.49994683
28.5,70.0,0.50005317,0.49994683
28.5,70.25,0.50005317,0.49994683
28.5,70.5,0.50005317,0.49994683
28.5,70.75,0.50005317,0.49994683
28.5,71.0,0.50005317,0.49994683
28.5,71.25,0.50005317,0.49994683
28.5,71.5,0.50005317,0.49994683
28.5,71.75,0.22246045,0.77753955
28.5,72.0,0.214175,0.785825
28.5,72.25,0.21383193,0.7861681
28.5,72.5,0.2138083,0.7861917
28.5,72.75,0.20947339,0.7905266
28.5,73.0,0.2093629,0.79063714
28.5,73.25,0.20842454,0.79157543
28.5,73.5,0.22282584,0.7771742
28.5,73.75,0.49979296,0.50020707
28.5,74.0,0.22908866,0.77091134
28.5,74.25,0.21562788,0.7843721
28.5,74.5,0.2098285,0.7901715
28.5,74.75,0.21082808,0.78917193
28.5,75.0,0.21113908,0.7888609
28.5,75.25,0.79006666,0.20993334
28.5,75.5,0.2107597,0.7892403
28.5,75.75,0.21128964,0.78871036
28.5,76.0,0.21065795,0.78934205
28.5,76.25,0.21107121,0.7889288
28.5,76.5,0.20983197,0.79016805
28.5,76.75,0.2090914,0.7909086
28.5,77.0,0.20895983,0.7910402
28.5,77.25,0.7905546,0.20944542
28.5,77.5,0.7906455,0.20935452
28.5,77.75,0.7911147,0.20888531
28.5,78.0,0.7910277,0.20897228
28.5,78.25,0.7912955,0.20870447
28.5,78.5,0.7908951,0.2091049
28.5,78.75,0.7917306,0.20826942
28.5,79.0,0.7906818,0.20931822
28.5,79.25,0.79171103,0.20828897
28.5,79.5,0.7908407,0.20915931
28.5,79.75,0.79150397,0.20849603
28.5,80.0,0.7935692,0.2064308
28.5,80.25,0.7909721,0.20902789
28.5,80.5,0.79387176,0.20612824
28.5,80.75,0.79055613,0.20944387
28.5,81.0,0.7918484,0.20815158
28.5,81.25,0.79090995,0.20909005
28.5,81.5,0.79071426,0.20928574
28.5,81.75,0.79218996,0.20781004
28.5,82.0,0.79211575,0.20788425
28.5,82.25,0.79078007,0.20921993
28.5,82.5,0.79117376,0.20882624
28.5,82.75,0.79087,0.20912999
28.5,83.0,0.79164284,0.20835716
28.5,83.25,0.7909014,0.20909858
28.5,83.5,0.79113007,0.20886993
28.5,83.75,0.79132426,0.20867574
28.5,84.0,0.7915685,0.20843148
28.5,84.25,0.79081464,0.20918536
28.5,84.5,0.7908721,0.2091279
28.5,84.75,0.79089826,0.20910174
28.5,85.0,0.79180616,0.20819384
28.5,85.25,0.79196435,0.20803565
28.5,85.5,0.7908059,0.20919412
28.5,85.75,0.7907043,0.20929569
28.5,86.0,0.79100114,0.20899886
28.5,86.25,0.791392,0.20860797
28.5,86.5,0.20855716,0.7914429
28.5,86.75,0.7910143,0.20898569
28.5,87.0,0.79087585,0.20912415
28.5,87.25,0.20829812,0.7917019
28.5,87.5,0.20882866,0.7911713
28.5,87.75,0.20842968,0.7915703
28.5,88.0,0.79068935,0.20931065
28.5,88.25,0.7914172,0.20858282
28.5,88.5,0.7907611,0.20923889
28.5,88.75,0.79032767,0.20967233
28.5,89.0,0.79112035,0.20887965
28.5,89.25,0.20891246,0.7910875
28.5,89.5,0.20957144,0.7904286
28.5,89.75,0.20992605,0.79007393
28.5,90.0,0.21002518,0.7899748
28.5,90.25,0.7910231,0.20897692
28.5,90.5,0.7913534,0.2086466
28.5,90.75,0.7909724,0.20902759
28.5,91.0,0.7907861,0.20921391
28.5,91.25,0.7908228,0.2091772
28.5,91.5,0.20987378,0.7901262
28.5,91.75,0.20894209,0.79105794
28.5,92.0,0.78902537,0.21097463
28.5,92.25,0.7906879,0.20931208
28.5,92.5,0.7908757,0.20912433
28.5,92.75,0.790672,0.209328
28.5,93.0,0.7904324,0.2095676
28.5,93.25,0.79031163,0.20968837
28.5,93.5,0.79060215,0.20939785
28.5,93.75,0.7908369,0.20916313
28.5,94.0,0.7908237,0.2091763
28.5,94.25,0.79088134,0.20911866
28.5,94.5,0.7915408,0.2084592
28.5,94.75,0.791948,0.20805198
28.5,95.0,0.7916467,0.20835328
28.5,95.25,0.79207593,0.20792407
28.5,95.5,0.7911999,0.20880008
28.5,95.75,0.791343,0.20865703
28.5,96.0,0.79092705,0.20907295
28.75,68.0,0.50005317,0.49994683
28.75,68.25,0.50005317,0.49994683
28.75,68.5,0.50005317,0.49994683
28.75,68.75,0.50005317,0.49994683
28.75,69.0,0.50005317,0.49994683
28.75,69.25,0.50005317,0.49994683
28.75,69.5,0.50005317,0.49994683
28.75,69.75,0.50005317,0.49994683
28.75,70.0,0.50005317,0.49994683
28.75,70.25,0.50005317,0.49994683
28.75,70.5,0.50005317,0.49994683
28.75,70.75,0.50005317,0.49994683
28.75,71.0,0.50005317,0.49994683
28.75,71.25,0.50005317,0.49994683
28.75,71.5,0.50005317,0.49994683
28.75,71.75,0.22246045,0.77753955
28.75,72.0,0.21242152,0.78757846
28.75,72.25,0.2100132,0.7899868
28.75,72.5,0.21043296,0.78956705
28.75,72.75,0.20903966,0.7909603
28.75,73.0,0.2154029,0.7845971
28.75,73.25,0.21043296,0.78956705
28.75,73.5,0.21358854,0.78641146
28.75,73.75,0.21025985,0.78974015
28.75,74.0,0.215072,0.78492796
28.75,74.25,0.21088973,0.7891103
28.75,74.5,0.21017218,0.7898278
28.75,74.75,0.21074314,0.7892569
28.75,75.0,0.78966856,0.21033144
28.75,75.25,0.7920553,0.20794469
28.75,75.5,0.7888936,0.21110642
28.75,75.75,0.79006666,0.20993334
28.75,76.0,0.209876,0.790124
28.75,76.25,0.21066812,0.7893319
28.75,76.5,0.2090914,0.7909086
28.75,76.75,0.20898935,0.7910106
28.75,77.0,0.20863676,0.79136324
28.75,77.25,0.2090914,0.7909086
28.75,77.5,0.2090914,0.7909086
28.75,77.75,0.7911147,0.20888531
28.75,78.0,0.7917012,0.2082988
28.75,78.25,0.7908479,0.2091521
28.75,78.5,0.79137665,0.20862335
28.75,78.75,0.79154223,0.20845777
28.75,79.0,0.7911811,0.20881891
28.75,79.25,0.7913915,0.20860851
28.75,79.5,0.7907993,0.20920068
28.75,79.75,0.79098284,0.20901716
28.75,80.0,0.7920586,0.20794141
28.75,80.25,0.7926862,0.20731378
28.75,80.5,0.7915674,0.20843261
28.75,80.75,0.79130304,0.20869696
28.75,81.0,0.7915878,0.20841217
28.75,81.25,0.7923094,0.2076906
28.75,81.5,0.7905762,0.20942378
28.75,81.75,0.79088306,0.20911694
28.75,82.0,0.7907404,0.20925963
28.75,82.25,0.7905369,0.20946312
28.75,82.5,0.79060143,0.20939857
28.75,82.75,0.791818,0.20818198
28.75,83.0,0.79078615,0.20921385
28.75,83.25,0.79099995,0.20900005
28.75,83.5,0.7909678,0.20903218
28.75,83.75,0.7912478,0.20875221
28.75,84.0,0.7911633,0.20883667
28.75,84.25,0.7912346,0.20876539
28.75,84.5,0.79081357,0.20918643
28.75,84.75,0.7911765,0.2088235
28.75,85.0,0.7916056,0.20839441
28.75,85.25,0.79223406,0.20776594
28.75,85.5,0.79174745,0.20825255
28.75,85.75,0.20938103,0.79061896
28.75,86.0,0.20917623,0.79082376
28.75,86.25,0.20874612,0.79125386
28.75,86.5,0.7905272,0.20947278
28.75,86.75,0.79115736,0.20884264
28.75,87.0,0.79122865,0.20877135
28.75,87.25,0.7908704,0.20912957
28.75,87.5,0.79137945,0.20862055
28.75,87.75,0.79045993,0.20954007
28.75,88.0,0.7909417,0.20905828
28.75,88.25,0.79166955,0.20833045
28.75,88.5,0.79107827,0.20892173
28.75,88.75,0.79097193,0.20902807
28.75,89.0,0.7918779,0.20812207
28.75,89.25,0.79022586,0.20977414
28.75,89.5,0.20962144,0.7903786
28.75,89.75,0.7911779,0.20882207
28.75,90.0,0.79147804,0.20852196
28.75,90.25,0.79134023,0.20865977
28.75,90.5,0.7922229,0.20777708
28.75,90.75,0.7920997,0.20790029
28.75,91.0,0.7912924,0.20870757
28.75,91.25,0.79102546,0.20897454
28.75,91.5,0.79206866,0.20793134
28.75,91.75,0.7922109,0.20778912
28.75,92.0,0.7909426,0.20905739
28.75,92.25,0.79093105,0.20906895
28.75,92.5,0.79067975,0.20932025
28.75,92.75,0.7906007,0.20939928
28.75,93.0,0.79012036,0.20987964
28.75,93.25,0.79012036,0.20987964
28.75,93.5,0.79047245,0.20952755
28.75,93.75,0.79012036,0.20987964
28.75,94.0,0.7904761,0.20952392
28.75,94.25,0.7908237,0.2091763
28.75,94.5,0.7915995,0.20840049
28.75,94.75,0.791948,0.20805198
28.75,95.0,0.791147,0.208853
28.75,95.25,0.7915648,0.20843518
28.75,95.5,0.7911738,0.20882618
28.75,95.75,0.79120505,0.20879495
28.75,96.0,0.7907012,0.20929879
29.0,68.0,0.50005317,0.49994683
29.0,68.25,0.50005317,0.49994683
29.0,68.5,0.50005317,0.49994683
29.0,68.75,0.50005317,0.49994683
29.0,69.0,0.50005317,0.49994683
29.0,69.25,0.49979296,0.50020707
29.0,69.5,0.50005317,0.49994683
29.0,69.75,0.21379395,0.78620607
29.0,70.0,0.50005317,0.49994683
29.0,70.25,0.50005317,0.49994683
29.0,70.5,0.50005317,0.49994683
29.0,70.75,0.50005317,0.49994683
29.0,71.0,0.50005317,0.49994683
29.0,71.25,0.50005317,0.49994683
29.0,71.5,0.50005317,0.49994683
29.0,71.75,0.22246045,0.77753955
29.0,72.0,0.21326941,0.7867306
29.0,72.25,0.20833501,0.79166496
29.0,72.5,0.20974399,0.790256
29.0,72.75,0.20953207,0.7904679
29.0,73.0,0.2213428,0.7786572
29.0,73.25,0.2154029,0.7845971
29.0,73.5,0.22358328,0.7764167
29.0,73.75,0.21304965,0.78695035
29.0,74.0,0.22948734,0.77051264
29.0,74.25,0.2323281,0.7676719
29.0,74.5,0.20921338,0.7907866
29.0,74.75,0.21005397,0.789946
29.0,75.0,0.2100277,0.7899723
29.0,75.25,0.21155885,0.7884412
29.0,75.5,0.7915916,0.20840842
29.0,75.75,0.209876,0.790124
29.0,76.0,0.21128964,0.78871036
29.0,76.25,0.21038203,0.78961796
29.0,76.5,0.20952833,0.7904717
29.0,76.75,0.2090914,0.7909086
29.0,77.0,0.20898935,0.7910106
29.0,77.25,0.20895983,0.7910402
29.0,77.5,0.20895983,0.7910402
29.0,77.75,0.7910944,0.20890558
29.0,78.0,0.79135925,0.20864075
29.0,78.25,0.79149705,0.20850295
29.0,78.5,0.7913125,0.20868748
29.0,78.75,0.79163146,0.20836854
29.0,79.0,0.7913125,0.20868748
29.0,79.25,0.789899,0.21010101
29.0,79.5,0.79133743,0.20866257
29.0,79.75,0.79131204,0.20868796
29.0,80.0,0.79141325,0.20858675
29.0,80.25,0.7918059,0.20819408
29.0,80.5,0.79068714,0.20931286
29.0,80.75,0.79068714,0.20931286
29.0,81.0,0.79098284,0.20901716
29.0,81.25,0.7909938,0.20900619
29.0,81.5,0.7912965,0.20870352
29.0,81.75,0.7912209,0.2087791
29.0,82.0,0.7916709,0.20832908
29.0,82.25,0.79142135,0.20857865
29.0,82.5,0.79050595,0.20949405
29.0,82.75,0.79224277,0.20775723
29.0,83.0,0.79128516,0.20871484
29.0,83.25,0.79107124,0.20892876
29.0,83.5,0.79107124,0.20892876
29.0,83.75,0.7909418,0.20905823
29.0,84.0,0.7920539,0.20794612
29.0,84.25,0.7910452,0.20895481
29.0,84.5,0.20838968,0.7916103
29.0,84.75,0.7910342,0.20896578
29.0,85.0,0.7901847,0.20981532
29.0,85.25,0.20853841,0.7914616
29.0,85.5,0.20851725,0.79148275
29.0,85.75,0.20818397,0.791816
29.0,86.0,0.7900225,0.20997751
29.0,86.25,0.79117703,0.20882297
29.0,86.5,0.7908509,0.20914912
29.0,86.75,0.79123247,0.20876753
29.0,87.0,0.79114765,0.20885235
29.0,87.25,0.79109144,0.20890856
29.0,87.5,0.7908704,0.20912957
29.0,87.75,0.79103845,0.20896155
29.0,88.0,0.7909484,0.20905161
29.0,88.25,0.79189056,0.20810944
29.0,88.5,0.79107827,0.20892173
29.0,88.75,0.79143023,0.20856977
29.0,89.0,0.7909978,0.2090022
29.0,89.25,0.7898421,0.21015787
29.0,89.5,0.7914352,0.20856482
29.0,89.75,0.7919234,0.2080766
29.0,90.0,0.7921166,0.20788342
29.0,90.25,0.79200876,0.20799124
29.0,90.5,0.79215074,0.20784926
29.0,90.75,0.7912344,0.20876563
29.0,91.0,0.79102516,0.20897484
29.0,91.25,0.792496,0.20750397
29.0,91.5,0.7922068,0.20779318
29.0,91.75,0.79165447,0.20834553
29.0,92.0,0.7914529,0.20854712
29.0,92.25,0.7907725,0.2092275
29.0,92.5,0.7914798,0.20852017
29.0,92.75,0.7910128,0.20898718
29.0,93.0,0.20693272,0.7930673
29.0,93.25,0.79020995,0.20979005
29.0,93.5,0.7903498,0.20965022
29.0,93.75,0.79051274,0.20948726
29.0,94.0,0.79121375,0.20878625
29.0,94.25,0.7908369,0.20916313
29.0,94.5,0.7908226,0.20917737
29.0,94.75,0.7921177,0.20788229
29.0,95.0,0.7913737,0.20862627
29.0,95.25,0.7913998,0.20860022
29.0,95.5,0.7914453,0.20855469
29.0,95.75,0.7910284,0.20897162
29.0,96.0,0.7906047,0.20939529
29.25,68.0,0.50005317,0.49994683
29.25,68.25,0.50005317,0.49994683
29.25,68.5,0.50005317,0.49994683
29.25,68.75,0.49979296,0.50020707
29.25,69.0,0.20959671,0.7904033
29.25,69.25,0.20938726,0.79061276
29.25,69.5,0.20937137,0.7906286
29.25,69.75,0.20706238,0.79293764
29.25,70.0,0.21072437,0.78927565
29.25,70.25,0.50005317,0.49994683
29.25,70.5,0.50005317,0.49994683
29.25,70.75,0.50005317,0.49994683
29.25,71.0,0.50005317,0.49994683
29.25,71.25,0.50005317,0.49994683
29.25,71.5,0.49979296,0.50020707
29.25,71.75,0.49979296,0.50020707
29.25,72.0,0.214175,0.785825
29.25,72.25,0.21210238,0.7878976
29.25,72.5,0.20816584,0.7918342
29.25,72.75,0.21326941,0.7867306
29.25,73.0,0.21125223,0.7887478
29.25,73.25,0.49979296,0.50020707
29.25,73.5,0.49979296,0.50020707
29.25,73.75,0.22392614,0.7760739
29.25,74.0,0.7886422,0.21135777
29.25,74.25,0.7882441,0.21175587
29.25,74.5,0.20939253,0.79060745
29.25,74.75,0.21048039,0.7895196
29.25,75.0,0.2097431,0.7902569
29.25,75.25,0.20984854,0.7901515
29.25,75.5,0.21140876,0.78859127
29.25,75.75,0.21074314,0.7892569
29.25,76.0,0.21033007,0.78966993
29.25,76.25,0.21038203,0.78961796
29.25,76.5,0.21038203,0.78961796
29.25,76.75,0.20983197,0.79016805
29.25,77.0,0.20983197,0.79016805
29.25,77.25,0.20917225,0.79082775
29.25,77.5,0.20819631,0.7918037
29.25,77.75,0.20819631,0.7918037
29.25,78.0,0.790859,0.20914102
29.25,78.25,0.7901383,0.2098617
29.25,78.5,0.7898101,0.21018988
29.25,78.75,0.7899539,0.21004611
29.25,79.0,0.79013264,0.20986736
29.25,79.25,0.79126114,0.20873886
29.25,79.5,0.79005563,0.20994437
29.25,79.75,0.7903906,0.20960939
29.25,80.0,0.79009366,0.20990634
29.25,80.25,0.78978556,0.21021444
29.25,80.5,0.79009366,0.20990634
29.25,80.75,0.7899456,0.2100544
29.25,81.0,0.7907628,0.20923722
29.25,81.25,0.7903884,0.2096116
29.25,81.5,0.7899234,0.21007657
29.25,81.75,0.79030496,0.20969504
29.25,82.0,0.79086345,0.20913655
29.25,82.25,0.78952587,0.21047413
29.25,82.5,0.79047376,0.20952624
29.25,82.75,0.78651285,0.21348715
29.25,83.0,0.7903095,0.20969051
29.25,83.25,0.7900982,0.20990181
29.25,83.5,0.78974044,0.21025956
29.25,83.75,0.7905863,0.2094137
29.25,84.0,0.79013914,0.20986086
29.25,84.25,0.7896362,0.2103638
29.25,84.5,0.7896876,0.21031243
29.25,84.75,0.7898656,0.21013439
29.25,85.0,0.20819576,0.79180425
29.25,85.25,0.7898656,0.21013439
29.25,85.5,0.7906784,0.20932162
29.25,85.75,0.79012966,0.20987034
29.25,86.0,0.7901905,0.20980948
29.25,86.25,0.79017735,0.20982265
29.25,86.5,0.7901905,0.20980948
29.25,86.75,0.7901905,0.20980948
29.25,87.0,0.7899997,0.21000028
29.25,87.25,0.7901114,0.20988858
29.25,87.5,0.79019636,0.20980364
29.25,87.75,0.7904189,0.20958108
29.25,88.0,0.7903042,0.20969582
29.25,88.25,0.7908038,0.20919621
29.25,88.5,0.7912286,0.20877141
29.25,88.75,0.7912286,0.20877141
29.25,89.0,0.79098684,0.20901316
29.25,89.25,0.7896365,0.2103635
29.25,89.5,0.7908285,0.20917147
29.25,89.75,0.7903783,0.20962173
29.25,90.0,0.7912783,0.2087217
29.25,90.25,0.79100734,0.20899266
29.25,90.5,0.79090434,0.20909566
29.25,90.75,0.789677,0.21032298
29.25,91.0,0.7891186,0.21088141
29.25,91.25,0.7917401,0.20825988
29.25,91.5,0.78865653,0.21134347
29.25,91.75,0.7904149,0.20958507
29.25,92.0,0.79040617,0.20959383
29.25,92.25,0.79009044,0.20990956
29.25,92.5,0.7903932,0.20960683
29.25,92.75,0.79005426,0.20994574
29.25,93.0,0.78961766,0.21038234
29.25,93.25,0.7898638,0.21013618
29.25,93.5,0.78998095,0.21001905
29.25,93.75,0.78970706,0.21029294
29.25,94.0,0.7899351,0.21006489
29.25,94.25,0.79006445,0.20993555
29.25,94.5,0.7898318,0.21016818
29.25,94.75,0.79014313,0.20985687
29.25,95.0,0.790959,0.209041
29.25,95.25,0.7899033,0.21009672
29.25,95.5,0.79067504,0.20932496
29.25,95.75,0.79018736,0.20981264
29.25,96.0,0.790052,0.209948
29.5,68.0,0.50005317,0.49994683
29.5,68.25,0.50005317,0.49994683
29.5,68.5,0.50005317,0.49994683
29.5,68.75,0.21626951,0.7837305
29.5,69.0,0.49979296,0.50020707
29.5,69.25,0.50005317,0.49994683
29.5,69.5,0.20945145,0.79054856
29.5,69.75,0.20981486,0.79018515
29.5,70.0,0.2150199,0.7849801
29.5,70.25,0.49979296,0.50020707
29.5,70.5,0.50005317,0.49994683
29.5,70.75,0.50005317,0.49994683
29.5,71.0,0.50005317,0.49994683
29.5,71.25,0.50005317,0.49994683
29.5,71.5,0.50005317,0.49994683
29.5,71.75,0.49979296,0.50020707
29.5,72.0,0.49979296,0.50020707
29.5,72.25,0.21043561,0.7895644
29.5,72.5,0.20869583,0.7913042
29.5,72.75,0.21010089,0.7898991
29.5,73.0,0.20899186,0.7910081
29.5,73.25,0.21574576,0.78425425
29.5,73.5,0.22392614,0.7760739
29.5,73.75,0.22392614,0.7760739
29.5,74.0,0.22908866,0.77091134
29.5,74.25,0.21782313,0.78217685
29.5,74.5,0.20929216,0.7907078
29.5,74.75,0.21031666,0.78968334
29.5,75.0,0.2095039,0.7904961
29.5,75.25,0.20956041,0.7904396
29.5,75.5,0.20972958,0.79027045
29.5,75.75,0.210287,0.789713
29.5,76.0,0.2100277,0.7899723
29.5,76.25,0.21007116,0.78992885
29.5,76.5,0.20956762,0.7904324
29.5,76.75,0.21038203,0.78961796
29.5,77.0,0.20974678,0.7902532
29.5,77.25,0.20983197,0.79016805
29.5,77.5,0.20983197,0.79016805
29.5,77.75,0.2089688,0.7910312
29.5,78.0,0.20935857,0.7906414
29.5,78.25,0.20932285,0.79067713
29.5,78.5,0.20991415,0.79008585
29.5,78.75,0.20954403,0.79045594
29.5,79.0,0.79139787,0.20860213
29.5,79.25,0.7914653,0.20853472
29.5,79.5,0.79127693,0.20872307
29.5,79.75,0.79161334,0.20838666
29.5,80.0,0.79141694,0.20858306
29.5,80.25,0.7902647,0.20973527
29.5,80.5,0.7916109,0.2083891
29.5,80.75,0.79120225,0.20879775
29.5,81.0,0.79141694,0.20858306
29.5,81.25,0.7909469,0.2090531
29.5,81.5,0.79120106,0.20879894
29.5,81.75,0.7925611,0.20743889
29.5,82.0,0.7903961,0.2096039
29.5,82.25,0.7917706,0.20822942
29.5,82.5,0.79109037,0.20890963
29.5,82.75,0.79098403,0.20901597
29.5,83.0,0.7910204,0.2089796
29.5,83.25,0.7911822,0.20881778
29.5,83.5,0.7906849,0.20931512
29.5,83.75,0.79089046,0.20910954
29.5,84.0,0.79135877,0.20864123
29.5,84.25,0.20938103,0.79061896
29.5,84.5,0.7912875,0.20871252
29.5,84.75,0.7911829,0.20881712
29.5,85.0,0.7910407,0.20895928
29.5,85.25,0.79125416,0.20874584
29.5,85.5,0.7912682,0.20873177
29.5,85.75,0.791112,0.208888
29.5,86.0,0.790963,0.209037
29.5,86.25,0.790963,0.209037
29.5,86.5,0.7909498,0.20905018
29.5,86.75,0.7912996,0.20870042
29.5,87.0,0.79103476,0.20896524
29.5,87.25,0.79047084,0.20952916
29.5,87.5,0.790556,0.20944399
29.5,87.75,0.7910388,0.20896119
29.5,88.0,0.79125905,0.20874095
29.5,88.25,0.79225457,0.20774543
29.5,88.5,0.7914907,0.20850933
29.5,88.75,0.79132605,0.20867395
29.5,89.0,0.79079336,0.20920664
29.5,89.25,0.7911279,0.20887208
29.5,89.5,0.7919441,0.20805591
29.5,89.75,0.7912308,0.2087692
29.5,90.0,0.79135543,0.20864457
29.5,90.25,0.7913021,0.20869792
29.5,90.5,0.79138225,0.20861775
29.5,90.75,0.7916383,0.20836169
29.5,91.0,0.7909202,0.2090798
29.5,91.25,0.79133546,0.20866454
29.5,91.5,0.79274577,0.20725423
29.5,91.75,0.7908136,0.20918638
29.5,92.0,0.7905777,0.20942229
29.5,92.25,0.7907909,0.20920908
29.5,92.5,0.79079527,0.20920473
29.5,92.75,0.7907305,0.20926952
29.5,93.0,0.7898414,0.21015859
29.5,93.25,0.7905876,0.2094124
29.5,93.5,0.79043883,0.20956117
29.5,93.75,0.7915378,0.20846218
29.5,94.0,0.79043883,0.20956117
29.5,94.25,0.79047954,0.20952046
29.5,94.5,0.20822766,0.79177237
29.5,94.75,0.7905902,0.20940977
29.5,95.0,0.7907532,0.20924681
29.5,95.25,0.79124004,0.20875996
29.5,95.5,0.791707,0.20829302
29.5,95.75,0.7919212,0.2080788
29.5,96.0,0.7906615,0.20933849
29.75,68.0,0.50005317,0.49994683
29.75,68.25,0.50005317,0.49994683
29.75,68.5,0.50005317,0.49994683
29.75,68.75,0.50005317,0.49994683
29.75,69.0,0.50005317,0.49994683
29.75,69.25,0.50005317,0.49994683
29.75,69.5,0.21268,0.78732
29.75,69.75,0.20947103,0.79052895
29.75,70.0,0.2096808,0.7903192
29.75,70.25,0.49979296,0.50020707
29.75,70.5,0.21021353,0.78978646
29.75,70.75,0.50005317,0.49994683
29.75,71.0,0.49979296,0.50020707
29.75,71.25,0.50005317,0.49994683
29.75,71.5,0.50005317,0.49994683
29.75,71.75,0.49979296,0.50020707
29.75,72.0,0.50005317,0.49994683
29.75,72.25,0.21085851,0.7891415
29.75,72.5,0.21326941,0.7867306
29.75,72.75,0.2100132,0.7899868
29.75,73.0,0.21001714,0.78998286
29.75,73.25,0.20786513,0.7921349
29.75,73.5,0.49979296,0.50020707
29.75,73.75,0.21575251,0.7842475
29.75,74.0,0.22892831,0.7710717
29.75,74.25,0.2109526,0.7890474
29.75,74.5,0.21291232,0.7870877
29.75,74.75,0.20962921,0.7903708
29.75,75.0,0.20924954,0.79075044
29.75,75.25,0.20972958,0.79027045
29.75,75.5,0.21050923,0.78949076
29.75,75.75,0.20924954,0.79075044
29.75,76.0,0.2089688,0.7910312
29.75,76.25,0.2089688,0.7910312
29.75,76.5,0.20974678,0.7902532
29.75,76.75,0.21007116,0.78992885
29.75,77.0,0.20886676,0.7911332
29.75,77.25,0.21007116,0.78992885
29.75,77.5,0.20974678,0.7902532
29.75,77.75,0.20851417,0.79148585
29.75,78.0,0.20866477,0.7913352
29.75,78.25,0.20894603,0.79105395
29.75,78.5,0.2092033,0.7907967
29.75,78.75,0.7909108,0.20908922
29.75,79.0,0.79123664,0.20876336
29.75,79.25,0.79116315,0.20883685
29.75,79.5,0.790958,0.20904201
29.75,79.75,0.79108477,0.20891523
29.75,80.0,0.79117537,0.20882463
29.75,80.25,0.7912646,0.2087354
29.75,80.5,0.7912551,0.20874488
29.75,80.75,0.7915409,0.20845908
29.75,81.0,0.79161334,0.20838666
29.75,81.25,0.7908588,0.2091412
29.75,81.5,0.7921966,0.20780343
29.75,81.75,0.7912439,0.20875609
29.75,82.0,0.7913074,0.20869261
29.75,82.25,0.790783,0.20921701
29.75,82.5,0.7908617,0.20913827
29.75,82.75,0.79186934,0.20813066
29.75,83.0,0.7911467,0.2088533
29.75,83.25,0.7914483,0.2085517
29.75,83.5,0.7907974,0.20920259
29.75,83.75,0.7914104,0.20858961
29.75,84.0,0.79187196,0.20812804
29.75,84.25,0.79119694,0.20880306
29.75,84.5,0.7910407,0.20895928
29.75,84.75,0.7910539,0.20894611
29.75,85.0,0.79175484,0.20824516
29.75,85.25,0.79096663,0.20903337
29.75,85.5,0.7914104,0.20858961
29.75,85.75,0.7911252,0.20887482
29.75,86.0,0.7912067,0.20879328
29.75,86.25,0.79076296,0.20923704
29.75,86.5,0.7913441,0.2086559
29.75,86.75,0.79091346,0.20908654
29.75,87.0,0.7908761,0.20912391
29.75,87.25,0.79096884,0.20903116
29.75,87.5,0.79145545,0.20854455
29.75,87.75,0.7909591,0.20904088
29.75,88.0,0.7913705,0.20862949
29.75,88.25,0.7916249,0.2083751
29.75,88.5,0.79085016,0.20914984
29.75,88.75,0.79091346,0.20908654
29.75,89.0,0.20834571,0.7916543
29.75,89.25,0.7901414,0.2098586
29.75,89.5,0.7910634,0.20893657
29.75,89.75,0.79097176,0.20902824
29.75,90.0,0.79067105,0.20932895
29.75,90.25,0.20967816,0.7903218
29.75,90.5,0.790467,0.20953298
29.75,90.75,0.78950936,0.21049064
29.75,91.0,0.79080147,0.20919853
29.75,91.25,0.7909383,0.20906168
29.75,91.5,0.7917873,0.20821267
29.75,91.75,0.79351205,0.20648795
29.75,92.0,0.7927506,0.2072494
29.75,92.25,0.7905634,0.2094366
29.75,92.5,0.79079527,0.20920473
29.75,92.75,0.79089594,0.20910406
29.75,93.0,0.7906363,0.2093637
29.75,93.25,0.79065603,0.20934397
29.75,93.5,0.791066,0.20893401
29.75,93.75,0.79076606,0.20923394
29.75,94.0,0.7904291,0.20957088
29.75,94.25,0.78999776,0.21000224
29.75,94.5,0.79029846,0.20970154
29.75,94.75,0.79094946,0.20905054
29.75,95.0,0.79032713,0.20967287
29.75,95.25,0.79056275,0.20943725
29.75,95.5,0.79150987,0.20849013
29.75,95.75,0.7911486,0.2088514
29.75,96.0,0.7906615,0.20933849
30.0,68.0,0.21093109,0.78906894
30.0,68.25,0.50005317,0.49994683
30.0,68.5,0.50005317,0.49994683
30.0,68.75,0.50005317,0.49994683
30.0,69.0,0.50005317,0.49994683
30.0,69.25,0.50005317,0.49994683
30.0,69.5,0.49979296,0.50020707
30.0,69.75,0.20761745,0.79238254
30.0,70.0,0.20838597,0.79161406
30.0,70.25,0.21666059,0.7833394
30.0,70.5,0.49979296,0.50020707
30.0,70.75,0.50005317,0.49994683
30.0,71.0,0.49979296,0.50020707
30.0,71.25,0.49979296,0.50020707
30.0,71.5,0.50005317,0.49994683
30.0,71.75,0.21366379,0.7863362
30.0,72.0,0.49979296,0.50020707
30.0,72.25,0.21399228,0.7860077
30.0,72.5,0.20997667,0.7900233
30.0,72.75,0.20959473,0.7904053
30.0,73.0,0.20985645,0.79014355
30.0,73.25,0.21163909,0.7883609
30.0,73.5,0.20854998,0.79145
30.0,73.75,0.21033086,0.78966916
30.0,74.0,0.78857744,0.21142256
30.0,74.25,0.7905194,0.20948058
30.0,74.5,0.20969065,0.79030937
30.0,74.75,0.21140876,0.78859127
30.0,75.0,0.21005931,0.7899407
30.0,75.25,0.20912315,0.79087687
30.0,75.5,0.20922615,0.79077387
30.0,75.75,0.2095039,0.7904961
30.0,76.0,0.2085387,0.7914613
30.0,76.25,0.20879543,0.7912046
30.0,76.5,0.20983197,0.79016805
30.0,76.75,0.20886676,0.7911332
30.0,77.0,0.2095776,0.7904224
30.0,77.25,0.20983197,0.79016805
30.0,77.5,0.20974678,0.7902532
30.0,77.75,0.20983197,0.79016805
30.0,78.0,0.7909108,0.20908922
30.0,78.25,0.7908579,0.20914209
30.0,78.5,0.20957659,0.7904234
30.0,78.75,0.7902761,0.20972389
30.0,79.0,0.7915409,0.20845908
30.0,79.25,0.79094505,0.20905495
30.0,79.5,0.7914337,0.20856631
30.0,79.75,0.791608,0.20839202
30.0,80.0,0.79135,0.20865
30.0,80.25,0.7906506,0.2093494
30.0,80.5,0.79153657,0.20846343
30.0,80.75,0.7914221,0.20857787
30.0,81.0,0.7911269,0.2088731
30.0,81.25,0.79078966,0.20921034
30.0,81.5,0.7915976,0.2084024
30.0,81.75,0.7913015,0.20869851
30.0,82.0,0.79156595,0.20843405
30.0,82.25,0.79176605,0.20823395
30.0,82.5,0.7916297,0.20837033
30.0,82.75,0.79192173,0.20807827
30.0,83.0,0.79073507,0.20926493
30.0,83.25,0.7904087,0.20959133
30.0,83.5,0.7906426,0.20935738
30.0,83.75,0.7911619,0.2088381
30.0,84.0,0.7916518,0.20834821
30.0,84.25,0.7911606,0.20883942
30.0,84.5,0.7908554,0.20914459
30.0,84.75,0.79119694,0.20880306
30.0,85.0,0.791112,0.208888
30.0,85.25,0.79146177,0.20853823
30.0,85.5,0.7911252,0.20887482
30.0,85.75,0.79117656,0.20882344
30.0,86.0,0.79095393,0.20904607
30.0,86.25,0.79087853,0.20912147
30.0,86.5,0.79052913,0.20947087
30.0,86.75,0.7915214,0.20847863
30.0,87.0,0.7911994,0.20880061
30.0,87.25,0.791111,0.20888901
30.0,87.5,0.79103994,0.20896006
30.0,87.75,0.7908126,0.20918739
30.0,88.0,0.7908309,0.20916909
30.0,88.25,0.7916962,0.20830381
30.0,88.5,0.79091346,0.20908654
30.0,88.75,0.79096884,0.20903116
30.0,89.0,0.7908422,0.20915782
30.0,89.25,0.20962796,0.790372
30.0,89.5,0.21046175,0.78953826
30.0,89.75,0.21038917,0.78961086
30.0,90.0,0.2092647,0.7907353
30.0,90.25,0.21020739,0.7897926
30.0,90.5,0.79039574,0.20960426
30.0,90.75,0.21099445,0.7890055
30.0,91.0,0.20821415,0.79178584
30.0,91.25,0.79056185,0.20943815
30.0,91.5,0.79125917,0.20874083
30.0,91.75,0.7929835,0.20701653
30.0,92.0,0.79343855,0.20656145
30.0,92.25,0.7916265,0.20837349
30.0,92.5,0.79068893,0.20931107
30.0,92.75,0.79068977,0.20931023
30.0,93.0,0.79049045,0.20950955
30.0,93.25,0.7910715,0.20892853
30.0,93.5,0.7908573,0.20914268
30.0,93.75,0.79129463,0.20870537
30.0,94.0,0.791066,0.20893401
30.0,94.25,0.7906289,0.20937109
30.0,94.5,0.7905094,0.2094906
30.0,94.75,0.79170704,0.20829296
30.0,95.0,0.7908802,0.2091198
30.0,95.25,0.7908802,0.2091198
30.0,95.5,0.79073346,0.20926654
30.0,95.75,0.7912,0.20880002
30.0,96.0,0.7908245,0.20917553
30.25,68.0,0.49979296,0.50020707
30.25,68.25,0.50005317,0.49994683
30.25,68.5,0.50005317,0.49994683
30.25,68.75,0.50005317,0.49994683
30.25,69.0,0.50005317,0.49994683
30.25,69.25,0.50005317,0.49994683
30.25,69.5,0.50005317,0.49994683
30.25,69.75,0.20813023,0.79186976
30.25,70.0,0.20897643,0.79102355
30.25,70.25,0.21023615,0.78976387
30.25,70.5,0.2107409,0.7892591
30.25,70.75,0.49979296,0.50020707
30.25,71.0,0.2154315,0.7845685
30.25,71.25,0.21356708,0.7864329
30.25,71.5,0.21297534,0.7870247
30.25,71.75,0.49979296,0.50020707
30.25,72.0,0.21039796,0.78960204
30.25,72.25,0.21330383,0.7866962
30.25,72.5,0.20946094,0.790539
30.25,72.75,0.21027774,0.78972226
30.25,73.0,0.20962547,0.7903745
30.25,73.25,0.20911503,0.790885
30.25,73.5,0.20901293,0.7909871
30.25,73.75,0.20901293,0.7909871
30.25,74.0,0.7910134,0.20898658
30.25,74.25,0.79029,0.20971
30.25,74.5,0.20907757,0.7909224
30.25,74.75,0.21107924,0.78892076
30.25,75.0,0.21065386,0.78934616
30.25,75.25,0.20941462,0.7905854
30.25,75.5,0.20941462,0.7905854
30.25,75.75,0.20927085,0.79072917
30.25,76.0,0.79007584,0.20992416
30.25,76.25,0.79143155,0.20856845
30.25,76.5,0.790746,0.20925403
30.25,76.75,0.7908712,0.2091288
30.25,77.0,0.79056686,0.20943314
30.25,77.25,0.79120374,0.20879626
30.25,77.5,0.20941462,0.7905854
30.25,77.75,0.7907073,0.20929271
30.25,78.0,0.7908515,0.20914853
30.25,78.25,0.7909108,0.20908922
30.25,78.5,0.2100224,0.7899776
30.25,78.75,0.20985828,0.7901417
30.25,79.0,0.79136574,0.20863426
30.25,79.25,0.7911103,0.20888972
30.25,79.5,0.7916831,0.20831692
30.25,79.75,0.79131097,0.20868903
30.25,80.0,0.79111004,0.20888996
30.25,80.25,0.79119056,0.20880944
30.25,80.5,0.79147977,0.20852023
30.25,80.75,0.79147977,0.20852023
30.25,81.0,0.7908904,0.2091096
30.25,81.25,0.7920585,0.20794147
30.25,81.5,0.7916689,0.20833111
30.25,81.75,0.7913787,0.20862132
30.25,82.0,0.7913653,0.20863467
30.25,82.25,0.7914428,0.20855719
30.25,82.5,0.79002905,0.20997095
30.25,82.75,0.7917547,0.20824528
30.25,83.0,0.79200226,0.20799774
30.25,83.25,0.79130644,0.20869356
30.25,83.5,0.79122293,0.20877707
30.25,83.75,0.7910539,0.20894611
30.25,84.0,0.79119694,0.20880306
30.25,84.25,0.791018,0.20898199
30.25,84.5,0.79168355,0.20831645
30.25,84.75,0.791112,0.208888
30.25,85.0,0.79117656,0.20882344
30.25,85.25,0.7911252,0.20887482
30.25,85.5,0.79081917,0.20918083
30.25,85.75,0.7904087,0.20959133
30.25,86.0,0.7912694,0.20873058
30.25,86.25,0.790963,0.209037
30.25,86.5,0.7912694,0.20873058
30.25,86.75,0.7912373,0.2087627
30.25,87.0,0.79093087,0.20906913
30.25,87.25,0.79096884,0.20903116
30.25,87.5,0.791183,0.208817
30.25,87.75,0.79096884,0.20903116
30.25,88.0,0.7909504,0.20904958
30.25,88.25,0.7915054,0.2084946
30.25,88.5,0.79096884,0.20903116
30.25,88.75,0.7914219,0.20857811
30.25,89.0,0.7912782,0.20872182
30.25,89.25,0.791955,0.208045
30.25,89.5,0.7911754,0.20882457
30.25,89.75,0.7911754,0.20882457
30.25,90.0,0.79090047,0.20909953
30.25,90.25,0.211179,0.788821
30.25,90.5,0.790633,0.20936698
30.25,90.75,0.7908091,0.2091909
30.25,91.0,0.7900022,0.20999777
30.25,91.25,0.79175997,0.20824003
30.25,91.5,0.7911658,0.20883417
30.25,91.75,0.7909882,0.2090118
30.25,92.0,0.7909515,0.20904851
30.25,92.25,0.79091644,0.20908356
30.25,92.5,0.79079527,0.20920473
30.25,92.75,0.79114723,0.20885277
30.25,93.0,0.79084677,0.20915323
30.25,93.25,0.79091525,0.20908475
30.25,93.5,0.79091525,0.20908475
30.25,93.75,0.79091525,0.20908475
30.25,94.0,0.791066,0.20893401
30.25,94.25,0.79125816,0.20874184
30.25,94.5,0.7911063,0.20889372
30.25,94.75,0.7912783,0.2087217
30.25,95.0,0.7913144,0.20868558
30.25,95.25,0.7908973,0.20910269
30.25,95.5,0.79087645,0.20912355
30.25,95.75,0.79141176,0.20858824
30.25,96.0,0.7909487,0.20905131
30.5,68.0,0.50005317,0.49994683
30.5,68.25,0.50005317,0.49994683
30.5,68.5,0.50005317,0.49994683
30.5,68.75,0.50005317,0.49994683
30.5,69.0,0.50005317,0.49994683
30.5,69.25,0.50005317,0.49994683
30.5,69.5,0.50005317,0.49994683
30.5,69.75,0.21065857,0.78934145
30.5,70.0,0.20808809,0.7919119
30.5,70.25,0.20783372,0.7921663
30.5,70.5,0.21019962,0.7898004
30.5,70.75,0.49979296,0.50020707
30.5,71.0,0.20966,0.79034
30.5,71.25,0.21461262,0.7853874
30.5,71.5,0.21004179,0.78995824
30.5,71.75,0.21046421,0.78953576
30.5,72.0,0.21327223,0.7867278
30.5,72.25,0.21027774,0.78972226
30.5,72.5,0.20995335,0.79004663
30.5,72.75,0.20934936,0.7906506
30.5,73.0,0.20853496,0.79146504
30.5,73.25,0.20871411,0.7912859
30.5,73.5,0.20939368,0.7906063
30.5,73.75,0.20870206,0.7912979
30.5,74.0,0.78827584,0.21172416
30.5,74.25,0.20908545,0.79091454
30.5,74.5,0.20989901,0.790101
30.5,74.75,0.21044898,0.789551
30.5,75.0,0.21025641,0.7897436
30.5,75.25,0.20972548,0.7902745
30.5,75.5,0.20895998,0.79104
30.5,75.75,0.20972548,0.7902745
30.5,76.0,0.20895998,0.79104
30.5,76.25,0.7902199,0.2097801
30.5,76.5,0.7909807,0.2090193
30.5,76.75,0.79136217,0.20863783
30.5,77.0,0.79056686,0.20943314
30.5,77.25,0.7901749,0.2098251
30.5,77.5,0.79124725,0.20875275
30.5,77.75,0.79076016,0.20923984
30.5,78.0,0.7910302,0.20896977
30.5,78.25,0.79106677,0.20893323
30.5,78.5,0.79118073,0.20881927
30.5,78.75,0.79102266,0.20897734
30.5,79.0,0.790372,0.20962799
30.5,79.25,0.79108477,0.20891523
30.5,79.5,0.79161334,0.20838666
30.5,79.75,0.79114884,0.20885116
30.5,80.0,0.791329,0.20867097
30.5,80.25,0.7911602,0.20883977
30.5,80.5,0.79061216,0.20938784
30.5,80.75,0.791434,0.20856601
30.5,81.0,0.79138494,0.20861506
30.5,81.25,0.7910412,0.2089588
30.5,81.5,0.79127103,0.20872897
30.5,81.75,0.79133344,0.20866656
30.5,82.0,0.7912549,0.20874512
30.5,82.25,0.20844567,0.79155433
30.5,82.5,0.20903355,0.79096645
30.5,82.75,0.7906849,0.20931512
30.5,83.0,0.7912743,0.20872569
30.5,83.25,0.79130644,0.20869356
30.5,83.5,0.79130644,0.20869356
30.5,83.75,0.79097396,0.20902604
30.5,84.0,0.79162484,0.20837516
30.5,84.25,0.7918062,0.20819378
30.5,84.5,0.79175484,0.20824516
30.5,84.75,0.79097396,0.20902604
30.5,85.0,0.20980231,0.7901977
30.5,85.25,0.7905668,0.2094332
30.5,85.5,0.791571,0.20842898
30.5,85.75,0.7911634,0.20883662
30.5,86.0,0.791325,0.20867503
30.5,86.25,0.7912482,0.2087518
30.5,86.5,0.79110605,0.20889395
30.5,86.75,0.7913208,0.2086792
30.5,87.0,0.7910144,0.20898563
30.5,87.25,0.79094845,0.20905155
30.5,87.5,0.7912992,0.20870078
30.5,87.75,0.7908258,0.20917422
30.5,88.0,0.7908258,0.20917422
30.5,88.25,0.7916962,0.20830381
30.5,88.5,0.7907818,0.2092182
30.5,88.75,0.7909353,0.20906472
30.5,89.0,0.79123366,0.20876634
30.5,89.25,0.7914684,0.20853162
30.5,89.5,0.79195654,0.20804346
30.5,89.75,0.7917299,0.20827007
30.5,90.0,0.7917431,0.2082569
30.5,90.25,0.7911189,0.20888108
30.5,90.5,0.79237276,0.20762724
30.5,90.75,0.7911906,0.20880938
30.5,91.0,0.7900022,0.20999777
30.5,91.25,0.7903306,0.20966941
30.5,91.5,0.7912557,0.20874429
30.5,91.75,0.7910761,0.20892388
30.5,92.0,0.79079527,0.20920473
30.5,92.25,0.79079527,0.20920473
30.5,92.5,0.79079527,0.20920473
30.5,92.75,0.79079527,0.20920473
30.5,93.0,0.7907011,0.20929891
30.5,93.25,0.79071426,0.20928574
30.5,93.5,0.790463,0.20953703
30.5,93.75,0.7903455,0.20965451
30.5,94.0,0.7903455,0.20965451
30.5,94.25,0.20775864,0.79224133
30.5,94.5,0.790463,0.20953703
30.5,94.75,0.79181147,0.20818853
30.5,95.0,0.7916342,0.2083658
30.5,95.25,0.7901987,0.20980132
30.5,95.5,0.79087645,0.20912355
30.5,95.75,0.78960925,0.21039075
30.5,96.0,0.7902308,0.20976919
30.75,68.0,0.50005317,0.49994683
30.75,68.25,0.50005317,0.49994683
30.75,68.5,0.50005317,0.49994683
30.75,68.75,0.50005317,0.49994683
30.75,69.0,0.50005317,0.49994683
30.75,69.25,0.50005317,0.49994683
30.75,69.5,0.50005317,0.49994683
30.75,69.75,0.21107297,0.788927
30.75,70.0,0.2088867,0.7911133
30.75,70.25,0.20998761,0.79001236
30.75,70.5,0.21021931,0.7897807
30.75,70.75,0.49979296,0.50020707
30.75,71.0,0.21107168,0.78892833
30.75,71.25,0.49979296,0.50020707
30.75,71.5,0.20922524,0.79077476
30.75,71.75,0.21074963,0.7892504
30.75,72.0,0.20959207,0.7904079
30.75,72.25,0.20947665,0.79052335
30.75,72.5,0.20915227,0.7908477
30.75,72.75,0.20923746,0.79076254
30.75,73.0,0.20837869,0.7916213
30.75,73.25,0.20883332,0.79116666
30.75,73.5,0.20964375,0.7903563
30.75,73.75,0.20854579,0.7914542
30.75,74.0,0.20977634,0.79022366
30.75,74.25,0.20976195,0.790238
30.75,74.5,0.2100263,0.78997374
30.75,74.75,0.21039645,0.78960353
30.75,75.0,0.20939814,0.79060185
30.75,75.25,0.21016364,0.78983635
30.75,75.5,0.21016364,0.78983635
30.75,75.75,0.20939814,0.79060185
30.75,76.0,0.20985277,0.79014724
30.75,76.25,0.79115725,0.20884275
30.75,76.5,0.7915102,0.20848978
30.75,76.75,0.7911045,0.2088955
30.75,77.0,0.7918769,0.20812309
30.75,77.25,0.7917207,0.20827931
30.75,77.5,0.79127437,0.20872563
30.75,77.75,0.7908337,0.20916629
30.75,78.0,0.7914653,0.20853472
30.75,78.25,0.79138035,0.20861965
30.75,78.5,0.79183114,0.20816886
30.75,78.75,0.7915409,0.20845908
30.75,79.0,0.79161334,0.20838666
30.75,79.25,0.79146624,0.20853376
30.75,79.5,0.7910648,0.2089352
30.75,79.75,0.7907632,0.2092368
30.75,80.0,0.79216784,0.20783216
30.75,80.25,0.791434,0.20856601
30.75,80.5,0.7916291,0.20837092
30.75,80.75,0.7915418,0.20845819
30.75,81.0,0.79137856,0.20862144
30.75,81.25,0.791794,0.208206
30.75,81.5,0.7922212,0.20777881
30.75,81.75,0.79078966,0.20921034
30.75,82.0,0.7911861,0.2088139
30.75,82.25,0.79137,0.20863003
30.75,82.5,0.20978874,0.79021126
30.75,82.75,0.20978874,0.79021126
30.75,83.0,0.2087264,0.7912736
30.75,83.25,0.7906849,0.20931512
30.75,83.5,0.7917547,0.20824528
30.75,83.75,0.7909116,0.20908839
30.75,84.0,0.20904341,0.7909566
30.75,84.25,0.7913995,0.20860052
30.75,84.5,0.7916224,0.2083776
30.75,84.75,0.20927526,0.79072475
30.75,85.0,0.21024047,0.7897595
30.75,85.25,0.79085076,0.20914924
30.75,85.5,0.79175484,0.20824516
30.75,85.75,0.7912585,0.20874149
30.75,86.0,0.7908048,0.2091952
30.75,86.25,0.7911769,0.20882308
30.75,86.5,0.7908917,0.2091083
30.75,86.75,0.79143643,0.20856357
30.75,87.0,0.7914878,0.20851219
30.75,87.25,0.7914721,0.20852792
30.75,87.5,0.79084027,0.20915973
30.75,87.75,0.7908705,0.20912951
30.75,88.0,0.7909353,0.20906472
30.75,88.25,0.79143506,0.20856494
30.75,88.5,0.7913945,0.20860553
30.75,88.75,0.79092824,0.20907176
30.75,89.0,0.79023236,0.20976764
30.75,89.25,0.79156005,0.20843995
30.75,89.5,0.7912176,0.20878237
30.75,89.75,0.7912308,0.2087692
30.75,90.0,0.7912491,0.2087509
30.75,90.25,0.7921003,0.20789969
30.75,90.5,0.79246044,0.20753956
30.75,90.75,0.79180276,0.20819724
30.75,91.0,0.79109895,0.20890105
30.75,91.25,0.7900783,0.20992172
30.75,91.5,0.7903306,0.20966941
30.75,91.75,0.7907841,0.20921588
30.75,92.0,0.79080844,0.20919156
30.75,92.25,0.7904781,0.20952189
30.75,92.5,0.79080844,0.20919156
30.75,92.75,0.79116565,0.20883435
30.75,93.0,0.7910715,0.20892853
30.75,93.25,0.7912361,0.2087639
30.75,93.5,0.7907011,0.20929891
30.75,93.75,0.79039013,0.20960987
30.75,94.0,0.7898414,0.21015859
30.75,94.25,0.2082533,0.79174674
30.75,94.5,0.20918968,0.79081035
30.75,94.75,0.20729826,0.7927017
30.75,95.0,0.20760557,0.7923944
30.75,95.25,0.2067432,0.7932568
30.75,95.5,0.20851175,0.79148823
30.75,95.75,0.20894744,0.7910526
30.75,96.0,0.79027575,0.20972425
31.0,68.0,0.50005317,0.49994683
31.0,68.25,0.50005317,0.49994683
31.0,68.5,0.50005317,0.49994683
31.0,68.75,0.50005317,0.49994683
31.0,69.0,0.50005317,0.49994683
31.0,69.25,0.50005317,0.49994683
31.0,69.5,0.21827614,0.78172386
31.0,69.75,0.2085293,0.7914707
31.0,70.0,0.20827188,0.79172814
31.0,70.25,0.21029492,0.7897051
31.0,70.5,0.21465339,0.7853466
31.0,70.75,0.21465339,0.7853466
31.0,71.0,0.20883843,0.79116154
31.0,71.25,0.21059056,0.78940946
31.0,71.5,0.20936856,0.7906314
31.0,71.75,0.20875958,0.79124045
31.0,72.0,0.20915227,0.7908477
31.0,72.25,0.2089597,0.7910403
31.0,72.5,0.20837869,0.7916213
31.0,72.75,0.20883332,0.79116666
31.0,73.0,0.20870176,0.7912983
31.0,73.25,0.20883332,0.79116666
31.0,73.5,0.20927167,0.79072833
31.0,73.75,0.20886886,0.79113114
31.0,74.0,0.20959187,0.79040813
31.0,74.25,0.20977193,0.79022807
31.0,74.5,0.20977193,0.79022807
31.0,74.75,0.79067016,0.20932984
31.0,75.0,0.20985277,0.79014724
31.0,75.25,0.20939814,0.79060185
31.0,75.5,0.21008559,0.7899144
31.0,75.75,0.20939814,0.79060185
31.0,76.0,0.20972121,0.7902788
31.0,76.25,0.79115725,0.20884275
31.0,76.5,0.7916583,0.20834172
31.0,76.75,0.7907732,0.20922679
31.0,77.0,0.7910157,0.20898432
31.0,77.25,0.79228884,0.20771116
31.0,77.5,0.79108334,0.20891666
31.0,77.75,0.79108757,0.20891243
31.0,78.0,0.79141694,0.20858306
31.0,78.25,0.79141694,0.20858306
31.0,78.5,0.79141694,0.20858306
31.0,78.75,0.7910547,0.20894527
31.0,79.0,0.79183114,0.20816886
31.0,79.25,0.7912376,0.2087624
31.0,79.5,0.7911185,0.2088815
31.0,79.75,0.7916291,0.20837092
31.0,80.0,0.7917597,0.20824027
31.0,80.25,0.78916484,0.21083516
31.0,80.5,0.79095304,0.20904696
31.0,80.75,0.79115564,0.20884436
31.0,81.0,0.7915196,0.20848042
31.0,81.25,0.791794,0.208206
31.0,81.5,0.7916689,0.20833111
31.0,81.75,0.7912001,0.2087999
31.0,82.0,0.7907435,0.20925647
31.0,82.25,0.79176605,0.20823395
31.0,82.5,0.79098684,0.20901316
31.0,82.75,0.7908476,0.2091524
31.0,83.0,0.21020077,0.7897992
31.0,83.25,0.20951332,0.7904867
31.0,83.5,0.7907653,0.20923471
31.0,83.75,0.7919313,0.20806873
31.0,84.0,0.2097299,0.7902701
31.0,84.25,0.21024047,0.7897595
31.0,84.5,0.21015528,0.78984475
31.0,84.75,0.21015528,0.78984475
31.0,85.0,0.20996271,0.7900373
31.0,85.25,0.2099861,0.7900139
31.0,85.5,0.79135877,0.20864123
31.0,85.75,0.79119694,0.20880306
31.0,86.0,0.7912927,0.20870727
31.0,86.25,0.7906614,0.2093386
31.0,86.5,0.7909498,0.20905018
31.0,86.75,0.79080445,0.20919555
31.0,87.0,0.79149866,0.20850134
31.0,87.25,0.79094845,0.20905155
31.0,87.5,0.79079604,0.20920396
31.0,87.75,0.79157025,0.20842975
31.0,88.0,0.7914721,0.20852792
31.0,88.25,0.7906337,0.20936632
31.0,88.5,0.79099864,0.20900136
31.0,88.75,0.7915389,0.2084611
31.0,89.0,0.79074585,0.20925415
31.0,89.25,0.79161054,0.20838946
31.0,89.5,0.7922093,0.20779067
31.0,89.75,0.79113245,0.20886755
31.0,90.0,0.7917227,0.20827729
31.0,90.25,0.7913021,0.20869792
31.0,90.5,0.7918319,0.20816809
31.0,90.75,0.7927347,0.20726532
31.0,91.0,0.7911698,0.20883018
31.0,91.25,0.20877504,0.79122496
31.0,91.5,0.20954055,0.79045945
31.0,91.75,0.20983866,0.7901614
31.0,92.0,0.20981179,0.7901882
31.0,92.25,0.20814873,0.7918513
31.0,92.5,0.7910226,0.2089774
31.0,92.75,0.7909515,0.20904851
31.0,93.0,0.7908573,0.20914268
31.0,93.25,0.79153234,0.20846766
31.0,93.5,0.7908573,0.20914268
31.0,93.75,0.79071426,0.20928574
31.0,94.0,0.79071426,0.20928574
31.0,94.25,0.78999776,0.21000224
31.0,94.5,0.78999776,0.21000224
31.0,94.75,0.20894744,0.7910526
31.0,95.0,0.20912074,0.79087925
31.0,95.25,0.2086661,0.7913339
31.0,95.5,0.790946,0.209054
31.0,95.75,0.7910773,0.20892268
31.0,96.0,0.7908973,0.20910269
31.25,68.0,0.50005317,0.49994683
31.25,68.25,0.50005317,0.49994683
31.25,68.5,0.50005317,0.49994683
31.25,68.75,0.50005317,0.49994683
31.25,69.0,0.49979296,0.50020707
31.25,69.25,0.50005317,0.49994683
31.25,69.5,0.49979296,0.50020707
31.25,69.75,0.20940743,0.79059255
31.25,70.0,0.20883535,0.79116464
31.25,70.25,0.21113397,0.78886604
31.25,70.5,0.7912473,0.20875269
31.25,70.75,0.21082667,0.78917336
31.25,71.0,0.21122405,0.7887759
31.25,71.25,0.21059379,0.7894062
31.25,71.5,0.20822378,0.79177624
31.25,71.75,0.2082951,0.7917049
31.25,72.0,0.2086878,0.7913122
31.25,72.25,0.20861647,0.7913835
31.25,72.5,0.20941368,0.79058635
31.25,72.75,0.20914243,0.79085755
31.25,73.0,0.21061696,0.78938305
31.25,73.25,0.21061696,0.78938305
31.25,73.5,0.20958078,0.7904192
31.25,73.75,0.20958078,0.7904192
31.25,74.0,0.21030378,0.7896962
31.25,74.25,0.7901654,0.20983458
31.25,74.5,0.20982483,0.7901752
31.25,74.75,0.21016188,0.78983814
31.25,75.0,0.21058726,0.78941274
31.25,75.25,0.21016188,0.78983814
31.25,75.5,0.20963591,0.7903641
31.25,75.75,0.21067245,0.78932756
31.25,76.0,0.20970725,0.79029274
31.25,76.25,0.79067016,0.20932984
31.25,76.5,0.79119617,0.20880383
31.25,76.75,0.79150754,0.20849246
31.25,77.0,0.7915612,0.20843881
31.25,77.25,0.79170656,0.20829344
31.25,77.5,0.7913903,0.2086097
31.25,77.75,0.79128397,0.20871603
31.25,78.0,0.7913565,0.2086435
31.25,78.25,0.7912988,0.2087012
31.25,78.5,0.79272324,0.20727676
31.25,78.75,0.7911007,0.20889932
31.25,79.0,0.79142326,0.20857674
31.25,79.25,0.791337,0.20866299
31.25,79.5,0.7911476,0.20885241
31.25,79.75,0.79160523,0.20839477
31.25,80.0,0.7915731,0.2084269
31.25,80.25,0.7911476,0.20885241
31.25,80.5,0.790935,0.20906502
31.25,80.75,0.7914792,0.20852083
31.25,81.0,0.79192847,0.20807153
31.25,81.25,0.791955,0.208045
31.25,81.5,0.79226583,0.20773417
31.25,81.75,0.7915233,0.20847672
31.25,82.0,0.7916663,0.20833367
31.25,82.25,0.7919606,0.2080394
31.25,82.5,0.7918744,0.20812559
31.25,82.75,0.79119456,0.20880544
31.25,83.0,0.79151905,0.20848095
31.25,83.25,0.7907994,0.20920062
31.25,83.5,0.79119456,0.20880544
31.25,83.75,0.7915533,0.20844668
31.25,84.0,0.21054958,0.7894504
31.25,84.25,0.21054958,0.7894504
31.25,84.5,0.21027182,0.78972816
31.25,84.75,0.20733075,0.79266924
31.25,85.0,0.790884,0.20911598
31.25,85.25,0.7913915,0.20860851
31.25,85.5,0.791753,0.208247
31.25,85.75,0.7910479,0.20895213
31.25,86.0,0.7913379,0.2086621
31.25,86.25,0.79169554,0.20830446
31.25,86.5,0.79153866,0.20846134
31.25,86.75,0.79137146,0.20862854
31.25,87.0,0.791631,0.20836902
31.25,87.25,0.79128987,0.20871013
31.25,87.5,0.7905995,0.20940048
31.25,87.75,0.79161644,0.20838356
31.25,88.0,0.7915913,0.20840871
31.25,88.25,0.7915229,0.20847708
31.25,88.5,0.7912215,0.2087785
31.25,88.75,0.791143,0.208857
31.25,89.0,0.79101634,0.20898366
31.25,89.25,0.7914063,0.20859373
31.25,89.5,0.7923502,0.20764983
31.25,89.75,0.79149663,0.20850337
31.25,90.0,0.7920807,0.2079193
31.25,90.25,0.79162127,0.20837873
31.25,90.5,0.79117405,0.20882595
31.25,90.75,0.79109305,0.20890695
31.25,91.0,0.790996,0.20900398
31.25,91.25,0.7908353,0.20916468
31.25,91.5,0.79019904,0.20980096
31.25,91.75,0.7909804,0.2090196
31.25,92.0,0.79044324,0.20955676
31.25,92.25,0.20603092,0.7939691
31.25,92.5,0.79039276,0.20960724
31.25,92.75,0.7907099,0.20929009
31.25,93.0,0.79228187,0.20771813
31.25,93.25,0.79138225,0.20861775
31.25,93.5,0.79123855,0.20876145
31.25,93.75,0.790782,0.20921803
31.25,94.0,0.791194,0.20880598
31.25,94.25,0.79105186,0.20894814
31.25,94.5,0.7909088,0.20909119
31.25,94.75,0.79127187,0.20872813
31.25,95.0,0.7911452,0.2088548
31.25,95.25,0.79134315,0.20865685
31.25,95.5,0.7912587,0.2087413
31.25,95.75,0.791153,0.20884699
31.25,96.0,0.79105973,0.20894027
31.5,68.0,0.50005317,0.49994683
31.5,68.25,0.50005317,0.49994683
31.5,68.5,0.50005317,0.49994683
31.5,68.75,0.50005317,0.49994683
31.5,69.0,0.50005317,0.49994683
31.5,69.25,0.7914943,0.20850569
31.5,69.5,0.7914943,0.20850569
31.5,69.75,0.7908266,0.20917338
31.5,70.0,0.21004072,0.7899593
31.5,70.25,0.7904713,0.20952868
31.5,70.5,0.7902725,0.20972753
31.5,70.75,0.20970285,0.79029715
31.5,71.0,0.20966043,0.7903396
31.5,71.25,0.20920992,0.7907901
31.5,71.5,0.2082951,0.7917049
31.5,71.75,0.2082951,0.7917049
31.5,72.0,0.20914243,0.79085755
31.5,72.25,0.20914243,0.79085755
31.5,72.5,0.20901087,0.79098916
31.5,72.75,0.20941368,0.79058635
31.5,73.0,0.20901087,0.79098916
31.5,73.25,0.21061696,0.78938305
31.5,73.5,0.21078406,0.7892159
31.5,73.75,0.21078406,0.7892159
31.5,74.0,0.21030378,0.7896962
31.5,74.25,0.79021263,0.20978737
31.5,74.5,0.20969327,0.79030675
31.5,74.75,0.21003032,0.7899697
31.5,75.0,0.20970725,0.79029274
31.5,75.25,0.20970725,0.79029274
31.5,75.5,0.21067245,0.78932756
31.5,75.75,0.21016188,0.78983814
31.5,76.0,0.21023588,0.7897641
31.5,76.25,0.7905194,0.20948058
31.5,76.5,0.7908612,0.20913881
31.5,76.75,0.7913138,0.20868617
31.5,77.0,0.79170656,0.20829344
31.5,77.25,0.7913817,0.20861828
31.5,77.5,0.791047,0.20895302
31.5,77.75,0.79177785,0.20822215
31.5,78.0,0.79163146,0.20836854
31.5,78.25,0.7908117,0.20918828
31.5,78.5,0.79103506,0.20896494
31.5,78.75,0.79168105,0.20831895
31.5,79.0,0.78930086,0.21069914
31.5,79.25,0.2115743,0.7884257
31.5,79.5,0.79190415,0.20809585
31.5,79.75,0.7909972,0.2090028
31.5,80.0,0.7917844,0.2082156
31.5,80.25,0.79150945,0.20849055
31.5,80.5,0.7913831,0.20861691
31.5,80.75,0.7916799,0.20832008
31.5,81.0,0.7919776,0.20802242
31.5,81.25,0.79178303,0.20821697
31.5,81.5,0.79168755,0.20831245
31.5,81.75,0.7911664,0.20883358
31.5,82.0,0.79124683,0.20875317
31.5,82.25,0.7911793,0.2088207
31.5,82.5,0.79119456,0.20880544
31.5,82.75,0.7911432,0.20885682
31.5,83.0,0.7914496,0.2085504
31.5,83.25,0.79109365,0.20890635
31.5,83.5,0.79110765,0.20889235
31.5,83.75,0.79214746,0.20785254
31.5,84.0,0.7921258,0.20787418
31.5,84.25,0.7925155,0.20748448
31.5,84.5,0.7914213,0.2085787
31.5,84.75,0.79105633,0.20894367
31.5,85.0,0.79135793,0.20864207
31.5,85.25,0.79244906,0.20755094
31.5,85.5,0.79153275,0.20846725
31.5,85.75,0.7912842,0.2087158
31.5,86.0,0.79198694,0.20801306
31.5,86.25,0.79173255,0.20826745
31.5,86.5,0.79119575,0.20880425
31.5,86.75,0.79124975,0.20875025
31.5,87.0,0.7918386,0.20816141
31.5,87.25,0.79128516,0.20871484
31.5,87.5,0.7916666,0.20833337
31.5,87.75,0.7915913,0.20840871
31.5,88.0,0.7918977,0.20810229
31.5,88.25,0.7911298,0.20887017
31.5,88.5,0.79101634,0.20898366
31.5,88.75,0.20863985,0.79136014
31.5,89.0,0.20918608,0.7908139
31.5,89.25,0.79107267,0.20892733
31.5,89.5,0.7911663,0.2088337
31.5,89.75,0.791095,0.20890498
31.5,90.0,0.79115367,0.20884633
31.5,90.25,0.79124534,0.20875466
31.5,90.5,0.79149663,0.20850337
31.5,90.75,0.79167014,0.20832986
31.5,91.0,0.7911634,0.20883662
31.5,91.25,0.79114604,0.20885396
31.5,91.5,0.79094344,0.20905656
31.5,91.75,0.79114604,0.20885396
31.5,92.0,0.79063296,0.20936704
31.5,92.25,0.7908356,0.20916438
31.5,92.5,0.7903117,0.2096883
31.5,92.75,0.79116017,0.20883983
31.5,93.0,0.79110235,0.20889765
31.5,93.25,0.79107916,0.20892084
31.5,93.5,0.7910574,0.20894259
31.5,93.75,0.79061955,0.20938045
31.5,94.0,0.7912586,0.20874143
31.5,94.25,0.7913421,0.20865792
31.5,94.5,0.79125816,0.20874184
31.5,94.75,0.7911133,0.20888668
31.5,95.0,0.79099196,0.20900804
31.5,95.25,0.7912915,0.20870852
31.5,95.5,0.7912587,0.2087413
31.5,95.75,0.79134315,0.20865685
31.5,96.0,0.7907848,0.20921522
31.75,68.0,0.50005317,0.49994683
31.75,68.25,0.50005317,0.49994683
31.75,68.5,0.50005317,0.49994683
31.75,68.75,0.50005317,0.49994683
31.75,69.0,0.49979296,0.50020707
31.75,69.25,0.21139228,0.7886077
31.75,69.5,0.78891474,0.21108526
31.75,69.75,0.21098341,0.7890166
31.75,70.0,0.20967945,0.7903205
31.75,70.25,0.7905829,0.2094171
31.75,70.5,0.7904,0.20959997
31.75,70.75,0.7902012,0.20979881
31.75,71.0,0.7912781,0.20872188
31.75,71.25,0.79032284,0.20967716
31.75,71.5,0.2082951,0.7917049
31.75,71.75,0.7902987,0.2097013
31.75,72.0,0.78986144,0.21013856
31.75,72.25,0.20901087,0.79098916
31.75,72.5,0.20941368,0.79058635
31.75,72.75,0.21061696,0.78938305
31.75,73.0,0.21061696,0.78938305
31.75,73.25,0.21061696,0.78938305
31.75,73.5,0.21078406,0.7892159
31.75,73.75,0.21078406,0.7892159
31.75,74.0,0.21150707,0.7884929
31.75,74.25,0.2105586,0.7894414
31.75,74.5,0.21009608,0.78990394
31.75,74.75,0.21003032,0.7899697
31.75,75.0,0.21016188,0.78983814
31.75,75.25,0.21016188,0.78983814
31.75,75.5,0.21067245,0.78932756
31.75,75.75,0.20970725,0.79029274
31.75,76.0,0.21016188,0.78983814
31.75,76.25,0.20970725,0.79029274
31.75,76.5,0.790746,0.20925403
31.75,76.75,0.79099977,0.20900023
31.75,77.0,0.7905272,0.20947278
31.75,77.25,0.79102737,0.20897263
31.75,77.5,0.7910769,0.2089231
31.75,77.75,0.7913833,0.20861667
31.75,78.0,0.78916484,0.21083516
31.75,78.25,0.2147092,0.7852908
31.75,78.5,0.2446179,0.7553821
31.75,78.75,0.24451372,0.75548625
31.75,79.0,0.2482293,0.75177073
31.75,79.25,0.24893358,0.75106645
31.75,79.5,0.7913639,0.2086361
31.75,79.75,0.79287946,0.20712054
31.75,80.0,0.79268306,0.20731694
31.75,80.25,0.79136086,0.20863914
31.75,80.5,0.79102695,0.20897305
31.75,80.75,0.7913246,0.20867538
31.75,81.0,0.7919776,0.20802242
31.75,81.25,0.79171085,0.20828915
31.75,81.5,0.7916237,0.20837629
31.75,81.75,0.79134727,0.20865273
31.75,82.0,0.7916147,0.20838529
31.75,82.25,0.79133093,0.20866907
31.75,82.5,0.79132354,0.20867646
31.75,82.75,0.79124475,0.20875525
31.75,83.0,0.7918744,0.20812559
31.75,83.25,0.7905997,0.2094003
31.75,83.5,0.7907685,0.2092315
31.75,83.75,0.7910479,0.20895213
31.75,84.0,0.7916563,0.20834368
31.75,84.25,0.7920008,0.20799923
31.75,84.5,0.791751,0.20824897
31.75,84.75,0.79170084,0.20829916
31.75,85.0,0.7913711,0.2086289
31.75,85.25,0.79135793,0.20864207
31.75,85.5,0.79130656,0.20869344
31.75,85.75,0.79151416,0.20848584
31.75,86.0,0.7911254,0.20887458
31.75,86.25,0.79153866,0.20846134
31.75,86.5,0.79153866,0.20846134
31.75,86.75,0.7915166,0.2084834
31.75,87.0,0.7912089,0.20879108
31.75,87.25,0.79177266,0.20822734
31.75,87.5,0.79128516,0.20871484
31.75,87.75,0.7908414,0.2091586
31.75,88.0,0.791143,0.208857
31.75,88.25,0.79133534,0.20866466
31.75,88.5,0.79101634,0.20898366
31.75,88.75,0.20817548,0.7918245
31.75,89.0,0.79060364,0.20939636
31.75,89.25,0.7907362,0.2092638
31.75,89.5,0.21154511,0.7884549
31.75,89.75,0.20912232,0.7908777
31.75,90.0,0.20929149,0.79070854
31.75,90.25,0.791095,0.20890498
31.75,90.5,0.79137,0.20863003
31.75,90.75,0.79116434,0.20883566
31.75,91.0,0.7910367,0.20896327
31.75,91.25,0.79096603,0.20903397
31.75,91.5,0.79109865,0.20890135
31.75,91.75,0.7910681,0.20893192
31.75,92.0,0.7910743,0.20892572
31.75,92.25,0.7909898,0.20901018
31.75,92.5,0.7911276,0.20887238
31.75,92.75,0.7909898,0.20901018
31.75,93.0,0.79140186,0.20859814
31.75,93.25,0.7908415,0.20915848
31.75,93.5,0.7865803,0.21341968
31.75,93.75,0.7913026,0.20869738
31.75,94.0,0.7908415,0.20915848
31.75,94.25,0.7908415,0.20915848
31.75,94.5,0.7915581,0.20844191
31.75,94.75,0.79133,0.20867002
31.75,95.0,0.79114056,0.20885944
31.75,95.25,0.79106927,0.20893073
31.75,95.5,0.7910206,0.20897943
31.75,95.75,0.7885351,0.21146488
31.75,96.0,0.7918034,0.20819658
32.0,68.0,0.50005317,0.49994683
32.0,68.25,0.50005317,0.49994683
32.0,68.5,0.50005317,0.49994683
32.0,68.75,0.50005317,0.49994683
32.0,69.0,0.20640595,0.79359406
32.0,69.25,0.20928556,0.79071444
32.0,69.5,0.21053992,0.78946006
32.0,69.75,0.78948313,0.21051687
32.0,70.0,0.7899167,0.2100833
32.0,70.25,0.78964293,0.21035707
32.0,70.5,0.7915769,0.20842308
32.0,70.75,0.7917207,0.20827931
32.0,71.0,0.79126495,0.20873505
32.0,71.25,0.7899213,0.21007872
32.0,71.5,0.79025,0.20975
32.0,71.75,0.79046637,0.20953363
32.0,72.0,0.79020816,0.20979184
32.0,72.25,0.7896295,0.21037048
32.0,72.5,0.20941368,0.79058635
32.0,72.75,0.21061696,0.78938305
32.0,73.0,0.20941368,0.79058635
32.0,73.25,0.21061696,0.78938305
32.0,73.5,0.21078406,0.7892159
32.0,73.75,0.21078406,0.7892159
32.0,74.0,0.21150707,0.7884929
32.0,74.25,0.2105586,0.7894414
32.0,74.5,0.20969327,0.79030675
32.0,74.75,0.21016188,0.78983814
32.0,75.0,0.21003032,0.7899697
32.0,75.25,0.21016188,0.78983814
32.0,75.5,0.21016188,0.78983814
32.0,75.75,0.20970725,0.79029274
32.0,76.0,0.7910793,0.20892072
32.0,76.25,0.7911251,0.20887488
32.0,76.5,0.7915102,0.20848978
32.0,76.75,0.79150754,0.20849246
32.0,77.0,0.79072195,0.20927805
32.0,77.25,0.79121995,0.20878005
32.0,77.5,0.7905898,0.20941019
32.0,77.75,0.2133298,0.7866702
32.0,78.0,0.2127063,0.7872937
32.0,78.25,0.24779291,0.7522071
32.0,78.5,0.21181166,0.78818834
32.0,78.75,0.22453338,0.7754666
32.0,79.0,0.4998257,0.5001743
32.0,79.25,0.4998257,0.5001743
32.0,79.5,0.7912989,0.20870107
32.0,79.75,0.7908531,0.20914692
32.0,80.0,0.7926228,0.2073772
32.0,80.25,0.7924697,0.20753032
32.0,80.5,0.7931771,0.20682287
32.0,80.75,0.7930209,0.2069791
32.0,81.0,0.7916385,0.2083615
32.0,81.25,0.79185456,0.20814544
32.0,81.5,0.7914776,0.20852238
32.0,81.75,0.79072505,0.20927495
32.0,82.0,0.7911067,0.2088933
32.0,82.25,0.7917792,0.20822078
32.0,82.5,0.79119456,0.20880544
32.0,82.75,0.7913376,0.20866239
32.0,83.0,0.79110765,0.20889235
32.0,83.25,0.7908199,0.20918012
32.0,83.5,0.79109937,0.20890063
32.0,83.75,0.7917092,0.20829082
32.0,84.0,0.79121256,0.20878744
32.0,84.25,0.7915001,0.20849991
32.0,84.5,0.7913711,0.2086289
32.0,84.75,0.7914487,0.20855129
32.0,85.0,0.7913197,0.20868027
32.0,85.25,0.79136175,0.20863825
32.0,85.5,0.79136175,0.20863825
32.0,85.75,0.79135793,0.20864207
32.0,86.0,0.7912865,0.20871347
32.0,86.25,0.7917159,0.20828408
32.0,86.5,0.79164183,0.20835817
32.0,86.75,0.7917872,0.2082128
32.0,87.0,0.7912089,0.20879108
32.0,87.25,0.7912338,0.20876622
32.0,87.5,0.791143,0.208857
32.0,87.75,0.791143,0.208857
32.0,88.0,0.7909404,0.2090596
32.0,88.25,0.79102534,0.20897466
32.0,88.5,0.7910854,0.20891458
32.0,88.75,0.7909804,0.2090196
32.0,89.0,0.79062325,0.20937675
32.0,89.25,0.20851335,0.7914866
32.0,89.5,0.21137594,0.78862405
32.0,89.75,0.21154511,0.7884549
32.0,90.0,0.21149984,0.7885002
32.0,90.25,0.2116303,0.7883697
32.0,90.5,0.7910618,0.20893818
32.0,90.75,0.21080193,0.78919804
32.0,91.0,0.21032843,0.78967154
32.0,91.25,0.79042995,0.20957005
32.0,91.5,0.79114604,0.20885396
32.0,91.75,0.79113287,0.20886713
32.0,92.0,0.7909898,0.20901018
32.0,92.25,0.79114604,0.20885396
32.0,92.5,0.79114604,0.20885396
32.0,92.75,0.79114604,0.20885396
32.0,93.0,0.79153854,0.20846146
32.0,93.25,0.79105186,0.20894814
32.0,93.5,0.7905915,0.20940852
32.0,93.75,0.7909044,0.2090956
32.0,94.0,0.7917465,0.2082535
32.0,94.25,0.79105186,0.20894814
32.0,94.5,0.79106027,0.20893973
32.0,94.75,0.7907848,0.20921522
32.0,95.0,0.7907848,0.20921522
32.0,95.25,0.7904397,0.20956028
32.0,95.5,0.79011184,0.20988816
32.0,95.75,0.7912625,0.2087375
32.0,96.0,0.79182976,0.20817024
32.25,68.0,0.50005317,0.49994683
32.25,68.25,0.50005317,0.49994683
32.25,68.5,0.50005317,0.49994683
32.25,68.75,0.50005317,0.49994683
32.25,69.0,0.21131667,0.7886833
32.25,69.25,0.2084108,0.7915892
32.25,69.5,0.20775393,0.7922461
32.25,69.75,0.7902653,0.20973468
32.25,70.0,0.79054683,0.20945317
32.25,70.25,0.79091287,0.20908713
32.25,70.5,0.7917207,0.20827931
32.25,70.75,0.79112124,0.20887876
32.25,71.0,0.79063296,0.20936704
32.25,71.25,0.790542,0.209458
32.25,71.5,0.7902987,0.2097013
32.25,71.75,0.7902876,0.20971239
32.25,72.0,0.7896295,0.21037048
32.25,72.25,0.21061696,0.78938305
32.25,72.5,0.20901087,0.79098916
32.25,72.75,0.20941368,0.79058635
32.25,73.0,0.21061696,0.78938305
32.25,73.25,0.20941368,0.79058635
32.25,73.5,0.79021263,0.20978737
32.25,73.75,0.79044455,0.20955545
32.25,74.0,0.20990098,0.790099
32.25,74.25,0.21015579,0.7898442
32.25,74.5,0.20969327,0.79030675
32.25,74.75,0.20970725,0.79029274
32.25,75.0,0.21016188,0.78983814
32.25,75.25,0.21016188,0.78983814
32.25,75.5,0.21016188,0.78983814
32.25,75.75,0.21016188,0.78983814
32.25,76.0,0.7909744,0.20902562
32.25,76.25,0.790707,0.20929301
32.25,76.5,0.79083264,0.20916736
32.25,76.75,0.79026395,0.20973605
32.25,77.0,0.7908422,0.20915782
32.25,77.25,0.7916454,0.20835459
32.25,77.5,0.2119638,0.7880362
32.25,77.75,0.50008595,0.49991405
32.25,78.0,0.21227111,0.7877289
32.25,78.25,0.791739,0.20826101
32.25,78.5,0.7901245,0.20987552
32.25,78.75,0.25695318,0.7430468
32.25,79.0,0.78987885,0.21012115
32.25,79.25,0.7913639,0.2086361
32.25,79.5,0.79091805,0.20908195
32.25,79.75,0.7913639,0.2086361
32.25,80.0,0.7917132,0.20828682
32.25,80.25,0.79168105,0.20831895
32.25,80.5,0.78978074,0.21021926
32.25,80.75,0.21246436,0.78753567
32.25,81.0,0.21125688,0.78874314
32.25,81.25,0.7911056,0.20889437
32.25,81.5,0.79208565,0.20791435
32.25,81.75,0.21088187,0.7891181
32.25,82.0,0.79208565,0.20791435
32.25,82.25,0.79247534,0.20752466
32.25,82.5,0.7921968,0.20780319
32.25,82.75,0.79181635,0.20818365
32.25,83.0,0.7906511,0.20934892
32.25,83.25,0.79127645,0.20872355
32.25,83.5,0.7908199,0.20918012
32.25,83.75,0.79293203,0.20706797
32.25,84.0,0.7913456,0.2086544
32.25,84.25,0.79109806,0.20890194
32.25,84.5,0.79189473,0.20810527
32.25,84.75,0.7911685,0.20883149
32.25,85.0,0.7913711,0.2086289
32.25,85.25,0.7920008,0.20799923
32.25,85.5,0.791751,0.20824897
32.25,85.75,0.79170084,0.20829916
32.25,86.0,0.7912865,0.20871347
32.25,86.25,0.79168236,0.20831764
32.25,86.5,0.7917159,0.20828408
32.25,86.75,0.7911444,0.20885563
32.25,87.0,0.7914832,0.20851678
32.25,87.25,0.7914736,0.20852637
32.25,87.5,0.79214525,0.20785475
32.25,87.75,0.79102534,0.20897466
32.25,88.0,0.7913161,0.20868391
32.25,88.25,0.79158354,0.20841646
32.25,88.5,0.791143,0.208857
32.25,88.75,0.7911698,0.20883018
32.25,89.0,0.7911698,0.20883018
32.25,89.25,0.7914807,0.20851928
32.25,89.5,0.21139638,0.7886036
32.25,89.75,0.7904221,0.20957792
32.25,90.0,0.79112625,0.20887375
32.25,90.25,0.79200894,0.20799106
32.25,90.5,0.7925971,0.20740288
32.25,90.75,0.79199266,0.20800734
32.25,91.0,0.79186434,0.20813566
32.25,91.25,0.79124635,0.20875365
32.25,91.5,0.79154706,0.20845294
32.25,91.75,0.791847,0.20815301
32.25,92.0,0.79163265,0.20836735
32.25,92.25,0.7914554,0.20854461
32.25,92.5,0.7912882,0.2087118
32.25,92.75,0.7909898,0.20901018
32.25,93.0,0.79107153,0.20892847
32.25,93.25,0.20709454,0.79290545
32.25,93.5,0.7906741,0.20932591
32.25,93.75,0.790653,0.20934701
32.25,94.0,0.7911438,0.20885623
32.25,94.25,0.79106027,0.20893973
32.25,94.5,0.7908963,0.2091037
32.25,94.75,0.79094774,0.20905226
32.25,95.0,0.79134315,0.20865685
32.25,95.25,0.79127187,0.20872813
32.25,95.5,0.7917585,0.20824152
32.25,95.75,0.792365,0.20763499
32.25,96.0,0.7915748,0.20842522
32.5,68.0,0.50005317,0.49994683
32.5,68.25,0.50005317,0.49994683
32.5,68.5,0.50005317,0.49994683
32.5,68.75,0.20894495,0.7910551
32.5,69.0,0.22015072,0.7798493
32.5,69.25,0.21045826,0.7895417
32.5,69.5,0.20258483,0.79741514
32.5,69.75,0.7904038,0.20959622
32.5,70.0,0.7902843,0.20971572
32.5,70.25,0.79016906,0.20983094
32.5,70.5,0.79091287,0.20908713
32.5,70.75,0.79063296,0.20936704
32.5,71.0,0.79061085,0.20938915
32.5,71.25,0.7904357,0.20956433
32.5,71.5,0.7901874,0.20981258
32.5,71.75,0.78945076,0.21054924
32.5,72.0,0.20941368,0.79058635
32.5,72.25,0.20941368,0.79058635
32.5,72.5,0.21061696,0.78938305
32.5,72.75,0.21061696,0.78938305
32.5,73.0,0.21061696,0.78938305
32.5,73.25,0.21061696,0.78938305
32.5,73.5,0.7888195,0.21118051
32.5,73.75,0.20958078,0.7904192
32.5,74.0,0.21030378,0.7896962
32.5,74.25,0.2105586,0.7894414
32.5,74.5,0.20969327,0.79030675
32.5,74.75,0.21016188,0.78983814
32.5,75.0,0.21016188,0.78983814
32.5,75.25,0.21003032,0.7899697
32.5,75.5,0.7903092,0.20969081
32.5,75.75,0.79081345,0.20918655
32.5,76.0,0.79099333,0.20900667
32.5,76.25,0.7909744,0.20902562
32.5,76.5,0.21079776,0.7892022
32.5,76.75,0.7911069,0.20889312
32.5,77.0,0.79096484,0.20903516
32.5,77.25,0.791506,0.20849401
32.5,77.5,0.21406235,0.78593767
32.5,77.75,0.2207892,0.7792108
32.5,78.0,0.24135853,0.7586415
32.5,78.25,0.7901245,0.20987552
32.5,78.5,0.25111637,0.7488836
32.5,78.75,0.78883225,0.21116775
32.5,79.0,0.792228,0.20777202
32.5,79.25,0.7913639,0.2086361
32.5,79.5,0.796121,0.203879
32.5,79.75,0.21378717,0.7862128
32.5,80.0,0.4998257,0.5001743
32.5,80.25,0.79056895,0.20943105
32.5,80.5,0.21420959,0.78579044
32.5,80.75,0.21246436,0.78753567
32.5,81.0,0.21163626,0.78836375
32.5,81.25,0.2116138,0.7883862
32.5,81.5,0.21143931,0.7885607
32.5,81.75,0.21118918,0.78881085
32.5,82.0,0.21118918,0.78881085
32.5,82.25,0.7923332,0.20766681
32.5,82.5,0.78915983,0.21084017
32.5,82.75,0.79307437,0.20692563
32.5,83.0,0.79109937,0.20890063
32.5,83.25,0.79109937,0.20890063
32.5,83.5,0.79110765,0.20889235
32.5,83.75,0.7946302,0.20536977
32.5,84.0,0.7912759,0.20872408
32.5,84.25,0.7951971,0.20480287
32.5,84.5,0.79082763,0.20917237
32.5,84.75,0.79135793,0.20864207
32.5,85.0,0.7913711,0.2086289
32.5,85.25,0.7920008,0.20799923
32.5,85.5,0.79170084,0.20829916
32.5,85.75,0.7919494,0.20805061
32.5,86.0,0.7912089,0.20879108
32.5,86.25,0.7908831,0.20911688
32.5,86.5,0.79108626,0.20891374
32.5,86.75,0.79143184,0.20856816
32.5,87.0,0.20941174,0.79058826
32.5,87.25,0.21004248,0.7899575
32.5,87.5,0.79067636,0.20932364
32.5,87.75,0.79202235,0.20797765
32.5,88.0,0.7914494,0.20855057
32.5,88.25,0.79098463,0.20901537
32.5,88.5,0.7910321,0.20896792
32.5,88.75,0.7911502,0.20884979
32.5,89.0,0.79129237,0.20870763
32.5,89.25,0.7918568,0.20814317
32.5,89.5,0.7921686,0.20783138
32.5,89.75,0.79211116,0.20788884
32.5,90.0,0.79206413,0.20793587
32.5,90.25,0.7925469,0.20745307
32.5,90.5,0.7920506,0.2079494
32.5,90.75,0.79199266,0.20800734
32.5,91.0,0.79147273,0.20852727
32.5,91.25,0.7917553,0.20824468
32.5,91.5,0.79141086,0.20858914
32.5,91.75,0.7911163,0.2088837
32.5,92.0,0.79112566,0.20887434
32.5,92.25,0.7910611,0.2089389
32.5,92.5,0.7910743,0.20892572
32.5,92.75,0.7911276,0.20887238
32.5,93.0,0.7910315,0.20896852
32.5,93.25,0.7896604,0.2103396
32.5,93.5,0.7904217,0.20957828
32.5,93.75,0.78985655,0.21014345
32.5,94.0,0.7906741,0.20932591
32.5,94.25,0.79103345,0.20896655
32.5,94.5,0.79089564,0.20910436
32.5,94.75,0.79147214,0.20852786
32.5,95.0,0.7915376,0.20846242
32.5,95.25,0.79119545,0.20880455
32.5,95.5,0.7916459,0.20835412
32.5,95.75,0.79182875,0.20817125
32.5,96.0,0.7920497,0.2079503
32.75,68.0,0.5003222,0.49967778
32.75,68.25,0.5003222,0.49967778
32.75,68.5,0.5003222,0.49967778
32.75,68.75,0.20836899,0.791631
32.75,69.0,0.20868593,0.79131407
32.75,69.25,0.21086137,0.7891386
32.75,69.5,0.78934443,0.21065557
32.75,69.75,0.79017144,0.20982856
32.75,70.0,0.7893515,0.21064848
32.75,70.25,0.7903906,0.20960939
32.75,70.5,0.7917207,0.20827931
32.75,70.75,0.7910832,0.20891678
32.75,71.0,0.79077834,0.20922166
32.75,71.25,0.790542,0.209458
32.75,71.5,0.79002774,0.20997226
32.75,71.75,0.78990483,0.21009517
32.75,72.0,0.7896295,0.21037048
32.75,72.25,0.210886,0.789114
32.75,72.5,0.210886,0.789114
32.75,72.75,0.21060087,0.78939915
32.75,73.0,0.21086825,0.78913176
32.75,73.25,0.21086825,0.78913176
32.75,73.5,0.7881863,0.21181369
32.75,73.75,0.79071987,0.20928013
32.75,74.0,0.7909323,0.2090677
32.75,74.25,0.79071736,0.20928264
32.75,74.5,0.21036512,0.7896349
32.75,74.75,0.21029936,0.7897006
32.75,75.0,0.21070217,0.7892978
32.75,75.25,0.7905194,0.20948058
32.75,75.5,0.7907718,0.20922822
32.75,75.75,0.7908818,0.20911819
32.75,76.0,0.79099333,0.20900667
32.75,76.25,0.7909737,0.20902628
32.75,76.5,0.79032326,0.20967674
32.75,76.75,0.7912575,0.2087425
32.75,77.0,0.79245573,0.20754427
32.75,77.25,0.7919002,0.20809978
32.75,77.5,0.7918356,0.2081644
32.75,77.75,0.21293882,0.7870612
32.75,78.0,0.21371071,0.7862893
32.75,78.25,0.21202019,0.78797984
32.75,78.5,0.2128268,0.7871732
32.75,78.75,0.78930086,0.21069914
32.75,79.0,0.21368496,0.786315
32.75,79.25,0.26170692,0.73829305
32.75,79.5,0.21343553,0.78656447
32.75,79.75,0.21726416,0.7827358
32.75,80.0,0.50009465,0.49990535
32.75,80.25,0.7952569,0.20474309
32.75,80.5,0.50035495,0.49964505
32.75,80.75,0.7853171,0.21468288
32.75,81.0,0.7847702,0.21522981
32.75,81.25,0.21194704,0.788053
32.75,81.5,0.2111242,0.7888758
32.75,81.75,0.21149474,0.78850526
32.75,82.0,0.21145822,0.7885418
32.75,82.25,0.21152242,0.7884776
32.75,82.5,0.7905887,0.20941132
32.75,82.75,0.79207706,0.20792294
32.75,83.0,0.7931721,0.20682788
32.75,83.25,0.7917897,0.20821029
32.75,83.5,0.79176354,0.20823646
32.75,83.75,0.79152346,0.20847654
32.75,84.0,0.79334867,0.20665133
32.75,84.25,0.7927542,0.20724583
32.75,84.5,0.7912759,0.20872408
32.75,84.75,0.79129446,0.20870554
32.75,85.0,0.7912187,0.2087813
32.75,85.25,0.7913711,0.2086289
32.75,85.5,0.79189473,0.20810527
32.75,85.75,0.79135793,0.20864207
32.75,86.0,0.79119575,0.20880425
32.75,86.25,0.7909228,0.20907718
32.75,86.5,0.79036975,0.20963025
32.75,86.75,0.79139113,0.20860887
32.75,87.0,0.79036975,0.20963025
32.75,87.25,0.21024798,0.789752
32.75,87.5,0.790889,0.20911098
32.75,87.75,0.79093325,0.20906675
32.75,88.0,0.7914996,0.20850039
32.75,88.25,0.7923642,0.20763582
32.75,88.5,0.7911634,0.20883662
32.75,88.75,0.7911634,0.20883662
32.75,89.0,0.7912347,0.20876533
32.75,89.25,0.79222804,0.20777196
32.75,89.5,0.79199576,0.20800424
32.75,89.75,0.79200894,0.20799106
32.75,90.0,0.79196745,0.20803255
32.75,90.25,0.79196745,0.20803255
32.75,90.5,0.7925971,0.20740288
32.75,90.75,0.79166293,0.20833707
32.75,91.0,0.7911567,0.20884329
32.75,91.25,0.790887,0.209113
32.75,91.5,0.7911125,0.20888752
32.75,91.75,0.7911125,0.20888752
32.75,92.0,0.7910611,0.2089389
32.75,92.25,0.7910477,0.20895231
32.75,92.5,0.7901788,0.20982122
32.75,92.75,0.7908717,0.20912832
32.75,93.0,0.7906653,0.20933467
32.75,93.25,0.7900007,0.20999932
32.75,93.5,0.78984946,0.21015054
32.75,93.75,0.7900007,0.20999932
32.75,94.0,0.7900007,0.20999932
32.75,94.25,0.79145354,0.20854646
32.75,94.5,0.79151577,0.20848423
32.75,94.75,0.7915414,0.2084586
32.75,95.0,0.79124826,0.20875174
32.75,95.25,0.79119194,0.20880806
32.75,95.5,0.7900953,0.20990467
32.75,95.75,0.79116327,0.20883673
32.75,96.0,0.7929044,0.20709562
33.0,68.0,0.5003222,0.49967778
33.0,68.25,0.5003222,0.49967778
33.0,68.5,0.5003222,0.49967778
33.0,68.75,0.5003222,0.49967778
33.0,69.0,0.2137878,0.7862122
33.0,69.25,0.79200345,0.20799655
33.0,69.5,0.790356,0.20964402
33.0,69.75,0.7911295,0.20887047
33.0,70.0,0.7902725,0.20972753
33.0,70.25,0.7904129,0.2095871
33.0,70.5,0.7912248,0.20877522
33.0,70.75,0.7918714,0.20812857
33.0,71.0,0.7901239,0.20987612
33.0,71.25,0.7895947,0.21040529
33.0,71.5,0.79008704,0.20991296
33.0,71.75,0.7903394,0.20966059
33.0,72.0,0.7905586,0.20944142
33.0,72.25,0.7903662,0.20963383
33.0,72.5,0.21025355,0.78974646
33.0,72.75,0.2108863,0.7891137
33.0,73.0,0.20665321,0.79334676
33.0,73.25,0.2108863,0.7891137
33.0,73.5,0.7909323,0.2090677
33.0,73.75,0.7911886,0.2088114
33.0,74.0,0.79119307,0.20880693
33.0,74.25,0.7909922,0.2090078
33.0,74.5,0.2115684,0.7884316
33.0,74.75,0.21029936,0.7897006
33.0,75.0,0.7902671,0.20973289
33.0,75.25,0.7907522,0.20924783
33.0,75.5,0.7909869,0.2090131
33.0,75.75,0.7906497,0.20935029
33.0,76.0,0.79099333,0.20900667
33.0,76.25,0.79110956,0.20889044
33.0,76.5,0.7909832,0.2090168
33.0,76.75,0.7912896,0.20871037
33.0,77.0,0.7883885,0.21161151
33.0,77.25,0.7892604,0.21073961
33.0,77.5,0.21265623,0.78734374
33.0,77.75,0.22268607,0.77731395
33.0,78.0,0.24729978,0.7527002
33.0,78.25,0.21293882,0.7870612
33.0,78.5,0.21220613,0.7877939
33.0,78.75,0.21174158,0.78825843
33.0,79.0,0.2120281,0.7879719
33.0,79.25,0.2127334,0.7872666
33.0,79.5,0.7936596,0.20634037
33.0,79.75,0.78930086,0.21069914
33.0,80.0,0.21664348,0.78335655
33.0,80.25,0.21447863,0.7855214
33.0,80.5,0.21401969,0.78598034
33.0,80.75,0.21192853,0.78807145
33.0,81.0,0.21272638,0.78727365
33.0,81.25,0.21231803,0.78768194
33.0,81.5,0.21062145,0.7893785
33.0,81.75,0.21185689,0.7881431
33.0,82.0,0.21185689,0.7881431
33.0,82.25,0.21185689,0.7881431
33.0,82.5,0.21138605,0.7886139
33.0,82.75,0.2108019,0.7891981
33.0,83.0,0.7916625,0.20833749
33.0,83.25,0.7921968,0.20780319
33.0,83.5,0.7919493,0.20805073
33.0,83.75,0.79196155,0.20803845
33.0,84.0,0.79156274,0.20843726
33.0,84.25,0.79175895,0.20824105
33.0,84.5,0.79141194,0.20858806
33.0,84.75,0.79184455,0.20815545
33.0,85.0,0.7911685,0.20883149
33.0,85.25,0.79186714,0.20813286
33.0,85.5,0.7916454,0.20835459
33.0,85.75,0.79181695,0.20818305
33.0,86.0,0.7913379,0.2086621
33.0,86.25,0.7910796,0.20892042
33.0,86.5,0.7909742,0.2090258
33.0,86.75,0.7912089,0.20879108
33.0,87.0,0.79115754,0.20884246
33.0,87.25,0.7914107,0.20858932
33.0,87.5,0.7914662,0.20853382
33.0,87.75,0.7909331,0.20906693
33.0,88.0,0.7917213,0.20827872
33.0,88.25,0.79177266,0.20822734
33.0,88.5,0.791143,0.208857
33.0,88.75,0.78979045,0.21020955
33.0,89.0,0.7903282,0.2096718
33.0,89.25,0.791171,0.20882899
33.0,89.5,0.7919245,0.20807552
33.0,89.75,0.79155,0.20845002
33.0,90.0,0.7911663,0.2088337
33.0,90.25,0.7911663,0.2088337
33.0,90.5,0.79120237,0.20879763
33.0,90.75,0.79167014,0.20832986
33.0,91.0,0.7912215,0.2087785
33.0,91.25,0.79113936,0.20886064
33.0,91.5,0.79101473,0.20898527
33.0,91.75,0.7912173,0.20878267
33.0,92.0,0.7909671,0.2090329
33.0,92.25,0.7910611,0.2089389
33.0,92.5,0.7910611,0.2089389
33.0,92.75,0.7911125,0.20888752
33.0,93.0,0.79145354,0.20854646
33.0,93.25,0.7918095,0.2081905
33.0,93.5,0.7910221,0.20897788
33.0,93.75,0.7915181,0.20848191
33.0,94.0,0.7907775,0.2092225
33.0,94.25,0.7909801,0.2090199
33.0,94.5,0.7907167,0.20928329
33.0,94.75,0.79107475,0.20892525
33.0,95.0,0.7900953,0.20990467
33.0,95.25,0.78927207,0.21072793
33.0,95.5,0.79156137,0.20843863
33.0,95.75,0.7915367,0.20846331
33.0,96.0,0.7900953,0.20990467
33.25,68.0,0.5003222,0.49967778
33.25,68.25,0.5003222,0.49967778
33.25,68.5,0.5003222,0.49967778
33.25,68.75,0.5003222,0.49967778
33.25,69.0,0.5003222,0.49967778
33.25,69.25,0.79106206,0.20893794
33.25,69.5,0.7903428,0.20965719
33.25,69.75,0.7904038,0.20959622
33.25,70.0,0.7901107,0.2098893
33.25,70.25,0.79009175,0.20990825
33.25,70.5,0.79056096,0.20943904
33.25,70.75,0.79039395,0.20960605
33.25,71.0,0.79057413,0.20942587
33.25,71.25,0.79056096,0.20943904
33.25,71.5,0.7904129,0.2095871
33.25,71.75,0.7904129,0.2095871
33.25,72.0,0.7904129,0.2095871
33.25,72.25,0.7905306,0.20946938
33.25,72.5,0.21025355,0.78974646
33.25,72.75,0.21145684,0.78854316
33.25,73.0,0.2108863,0.7891137
33.25,73.25,0.20968302,0.790317
33.25,73.5,0.7913958,0.20860422
33.25,73.75,0.7911922,0.20880783
33.25,74.0,0.79061085,0.20938915
33.25,74.25,0.7897152,0.21028483
33.25,74.5,0.7907522,0.20924783
33.25,74.75,0.79071146,0.20928854
33.25,75.0,0.7909737,0.20902628
33.25,75.25,0.7914315,0.20856851
33.25,75.5,0.79170465,0.20829535
33.25,75.75,0.7916836,0.20831639
33.25,76.0,0.7909737,0.20902628
33.25,76.25,0.7910964,0.20890361
33.25,76.5,0.79088163,0.20911837
33.25,76.75,0.7892786,0.21072137
33.25,77.0,0.24810071,0.7518993
33.25,77.25,0.24429816,0.75570184
33.25,77.5,0.50009465,0.49990535
33.25,77.75,0.50009465,0.49990535
33.25,78.0,0.25073016,0.74926984
33.25,78.25,0.21297534,0.7870247
33.25,78.5,0.22163893,0.7783611
33.25,78.75,0.50009465,0.49990535
33.25,79.0,0.26360607,0.7363939
33.25,79.25,0.2196403,0.7803597
33.25,79.5,0.21343553,0.78656447
33.25,79.75,0.21401969,0.78598034
33.25,80.0,0.21324271,0.7867573
33.25,80.25,0.22817639,0.77182364
33.25,80.5,0.21371238,0.7862876
33.25,80.75,0.21177825,0.7882217
33.25,81.0,0.2119695,0.7880305
33.25,81.25,0.21198356,0.78801644
33.25,81.5,0.21170835,0.78829163
33.25,81.75,0.21154958,0.7884504
33.25,82.0,0.21115091,0.7888491
33.25,82.25,0.21121511,0.78878486
33.25,82.5,0.21076538,0.78923464
33.25,82.75,0.7921968,0.20780319
33.25,83.0,0.7926834,0.20731658
33.25,83.25,0.7918952,0.20810479
33.25,83.5,0.791785,0.208215
33.25,83.75,0.7922056,0.20779443
33.25,84.0,0.7922536,0.20774639
33.25,84.25,0.793649,0.20635098
33.25,84.5,0.79229283,0.20770717
33.25,84.75,0.7919079,0.2080921
33.25,85.0,0.792306,0.207694
33.25,85.25,0.7916956,0.2083044
33.25,85.5,0.20969717,0.7903028
33.25,85.75,0.7920937,0.2079063
33.25,86.0,0.79149866,0.20850134
33.25,86.25,0.7918386,0.20816141
33.25,86.5,0.79158884,0.20841116
33.25,86.75,0.7911444,0.20885563
33.25,87.0,0.79119575,0.20880425
33.25,87.25,0.79107845,0.20892155
33.25,87.5,0.79100716,0.20899284
33.25,87.75,0.7912385,0.20876151
33.25,88.0,0.79177266,0.20822734
33.25,88.25,0.79128987,0.20871013
33.25,88.5,0.79147273,0.20852727
33.25,88.75,0.7911502,0.20884979
33.25,89.0,0.7903234,0.20967662
33.25,89.25,0.79167014,0.20832986
33.25,89.5,0.7919245,0.20807552
33.25,89.75,0.79162127,0.20837873
33.25,90.0,0.79162127,0.20837873
33.25,90.25,0.791095,0.20890498
33.25,90.5,0.7908656,0.2091344
33.25,90.75,0.79104525,0.20895475
33.25,91.0,0.7912215,0.2087785
33.25,91.25,0.79027086,0.20972914
33.25,91.5,0.79134196,0.20865804
33.25,91.75,0.7913604,0.20863962
33.25,92.0,0.7910611,0.2089389
33.25,92.25,0.7910611,0.2089389
33.25,92.5,0.79125464,0.20874536
33.25,92.75,0.7916493,0.20835072
33.25,93.0,0.7910723,0.20892769
33.25,93.25,0.7909548,0.20904517
33.25,93.5,0.791205,0.20879501
33.25,93.75,0.7908289,0.20917112
33.25,94.0,0.7893342,0.21066582
33.25,94.25,0.79144585,0.20855415
33.25,94.5,0.7908852,0.20911479
33.25,94.75,0.792604,0.20739597
33.25,95.0,0.79156137,0.20843863
33.25,95.25,0.7900953,0.20990467
33.25,95.5,0.790383,0.20961702
33.25,95.75,0.7890757,0.21092433
33.25,96.0,0.7891164,0.21088362
33.5,68.0,0.21439943,0.78560054
33.5,68.25,0.21550916,0.7844908
33.5,68.5,0.2254575,0.7745425
33.5,68.75,0.5003222,0.49967778
33.5,69.0,0.5003222,0.49967778
33.5,69.25,0.79270095,0.20729905
33.5,69.5,0.7913088,0.20869118
33.5,69.75,0.7904038,0.20959622
33.5,70.0,0.7907311,0.20926893
33.5,70.25,0.7907172,0.20928282
33.5,70.5,0.7901107,0.2098893
33.5,70.75,0.7913848,0.20861518
33.5,71.0,0.791527,0.20847303
33.5,71.25,0.791527,0.20847303
33.5,71.5,0.7913789,0.20862108
33.5,71.75,0.7905556,0.2094444
33.5,72.0,0.7904821,0.2095179
33.5,72.25,0.79075485,0.20924515
33.5,72.5,0.20968272,0.7903173
33.5,72.75,0.20954046,0.7904595
33.5,73.0,0.20913765,0.7908623
33.5,73.25,0.79063064,0.20936936
33.5,73.5,0.79075354,0.20924646
33.5,73.75,0.20984982,0.79015017
33.5,74.0,0.79067016,0.20932984
33.5,74.25,0.7909744,0.20902562
33.5,74.5,0.7908556,0.20914441
33.5,74.75,0.7909869,0.2090131
33.5,75.0,0.7918246,0.20817542
33.5,75.25,0.79112995,0.20887005
33.5,75.5,0.79085004,0.20914996
33.5,75.75,0.7916836,0.20831639
33.5,76.0,0.7910582,0.20894182
33.5,76.25,0.791416,0.20858401
33.5,76.5,0.79208905,0.20791095
33.5,76.75,0.22223853,0.77776146
33.5,77.0,0.50035495,0.49964505
33.5,77.25,0.22529732,0.77470267
33.5,77.5,0.22151719,0.7784828
33.5,77.75,0.50009465,0.49990535
33.5,78.0,0.24429816,0.75570184
33.5,78.25,0.50035495,0.49964505
33.5,78.5,0.50035495,0.49964505
33.5,78.75,0.2130013,0.7869987
33.5,79.0,0.21233541,0.7876646
33.5,79.25,0.50035495,0.49964505
33.5,79.5,0.2635906,0.7364094
33.5,79.75,0.28920165,0.7107984
33.5,80.0,0.22250591,0.7774941
33.5,80.25,0.2143545,0.7856455
33.5,80.5,0.2138263,0.7861737
33.5,80.75,0.21723573,0.78276426
33.5,81.0,0.21134882,0.78865117
33.5,81.25,0.21868576,0.78131425
33.5,81.5,0.21204282,0.7879572
33.5,81.75,0.21115091,0.7888491
33.5,82.0,0.21055941,0.7894406
33.5,82.25,0.21115091,0.7888491
33.5,82.5,0.79144025,0.20855975
33.5,82.75,0.7918952,0.20810479
33.5,83.0,0.7919493,0.20805073
33.5,83.25,0.7919493,0.20805073
33.5,83.5,0.7919493,0.20805073
33.5,83.75,0.7921258,0.20787418
33.5,84.0,0.79237336,0.20762664
33.5,84.25,0.79207075,0.20792925
33.5,84.5,0.79181004,0.20818996
33.5,84.75,0.79255354,0.20744646
33.5,85.0,0.7922536,0.20774639
33.5,85.25,0.791545,0.20845503
33.5,85.5,0.20885052,0.7911495
33.5,85.75,0.2093438,0.7906562
33.5,86.0,0.79139113,0.20860887
33.5,86.25,0.7911444,0.20885563
33.5,86.5,0.7918386,0.20816141
33.5,86.75,0.7908428,0.20915723
33.5,87.0,0.79151535,0.20848465
33.5,87.25,0.7907613,0.20923871
33.5,87.5,0.7911298,0.20887017
33.5,87.75,0.79177266,0.20822734
33.5,88.0,0.79122496,0.20877504
33.5,88.25,0.79180384,0.20819616
33.5,88.5,0.7918351,0.20816487
33.5,88.75,0.79174346,0.20825654
33.5,89.0,0.79131633,0.20868367
33.5,89.25,0.7916534,0.2083466
33.5,89.5,0.79222286,0.20777714
33.5,89.75,0.79201967,0.20798033
33.5,90.0,0.79050946,0.20949054
33.5,90.25,0.79107463,0.20892537
33.5,90.5,0.79042554,0.20957446
33.5,90.75,0.7901712,0.2098288
33.5,91.0,0.79015577,0.20984423
33.5,91.25,0.7923081,0.20769191
33.5,91.5,0.7912173,0.20878267
33.5,91.75,0.7912707,0.20872933
33.5,92.0,0.79109305,0.20890695
33.5,92.25,0.7911276,0.20887238
33.5,92.5,0.791003,0.20899701
33.5,92.75,0.7914554,0.20854461
33.5,93.0,0.7910221,0.20897788
33.5,93.25,0.79108167,0.20891833
33.5,93.5,0.7910212,0.20897877
33.5,93.75,0.7922139,0.20778608
33.5,94.0,0.79005206,0.20994794
33.5,94.25,0.7905091,0.2094909
33.5,94.5,0.79070234,0.20929766
33.5,94.75,0.7912169,0.20878309
33.5,95.0,0.7908295,0.20917052
33.5,95.25,0.20875049,0.7912495
33.5,95.5,0.20787641,0.79212356
33.5,95.75,0.20860219,0.7913978
33.5,96.0,0.21008642,0.7899136
33.75,68.0,0.5003222,0.49967778
33.75,68.25,0.20843983,0.7915602
33.75,68.5,0.2254575,0.7745425
33.75,68.75,0.2137878,0.7862122
33.75,69.0,0.21296634,0.7870337
33.75,69.25,0.79049766,0.20950234
33.75,69.5,0.79091287,0.20908713
33.75,69.75,0.7911781,0.2088219
33.75,70.0,0.7910821,0.20891792
33.75,70.25,0.7907896,0.2092104
33.75,70.5,0.7913566,0.20864338
33.75,70.75,0.7910832,0.20891678
33.75,71.0,0.7913848,0.20861518
33.75,71.25,0.7902537,0.2097463
33.75,71.5,0.7906851,0.20931488
33.75,71.75,0.7904037,0.20959628
33.75,72.0,0.7900814,0.20991862
33.75,72.25,0.7897722,0.21022779
33.75,72.5,0.7898688,0.21013123
33.75,72.75,0.79017043,0.20982957
33.75,73.0,0.79133576,0.20866424
33.75,73.25,0.7908897,0.20911032
33.75,73.5,0.79071736,0.20928264
33.75,73.75,0.79008836,0.20991164
33.75,74.0,0.7908674,0.20913261
33.75,74.25,0.7909737,0.20902628
33.75,74.5,0.7907843,0.2092157
33.75,74.75,0.7913727,0.20862728
33.75,75.0,0.7911639,0.20883608
33.75,75.25,0.79143584,0.20856416
33.75,75.5,0.79112995,0.20887005
33.75,75.75,0.7909737,0.20902628
33.75,76.0,0.7908556,0.20914441
33.75,76.25,0.7886001,0.21139991
33.75,76.5,0.21339776,0.78660226
33.75,76.75,0.22145298,0.77854705
33.75,77.0,0.50009465,0.49990535
33.75,77.25,0.21579526,0.7842047
33.75,77.5,0.21257667,0.7874233
33.75,77.75,0.21223284,0.7877672
33.75,78.0,0.2427274,0.7572726
33.75,78.25,0.24436235,0.75563765
33.75,78.5,0.50009465,0.49990535
33.75,78.75,0.50035495,0.49964505
33.75,79.0,0.50035495,0.49964505
33.75,79.25,0.21238957,0.7876104
33.75,79.5,0.23058096,0.7694191
33.75,79.75,0.21401969,0.78598034
33.75,80.0,0.21371238,0.7862876
33.75,80.25,0.21971448,0.78028554
33.75,80.5,0.21476242,0.78523755
33.75,80.75,0.21177825,0.7882217
33.75,81.0,0.2113123,0.7886877
33.75,81.25,0.21098404,0.78901595
33.75,81.5,0.21464065,0.7853594
33.75,81.75,0.21145822,0.7885418
33.75,82.0,0.20875113,0.79124886
33.75,82.25,0.21034701,0.789653
33.75,82.5,0.7913684,0.20863158
33.75,82.75,0.21029915,0.78970087
33.75,83.0,0.2101929,0.7898071
33.75,83.25,0.7919493,0.20805073
33.75,83.5,0.79164284,0.20835716
33.75,83.75,0.7918194,0.2081806
33.75,84.0,0.7921258,0.20787418
33.75,84.25,0.791545,0.20845503
33.75,84.5,0.7906423,0.20935768
33.75,84.75,0.7911469,0.20885313
33.75,85.0,0.791545,0.20845503
33.75,85.25,0.21027677,0.7897232
33.75,85.5,0.20961198,0.790388
33.75,85.75,0.21073343,0.7892666
33.75,86.0,0.7916902,0.20830983
33.75,86.25,0.7908424,0.20915759
33.75,86.5,0.79151535,0.20848465
33.75,86.75,0.7910565,0.20894349
33.75,87.0,0.79143184,0.20856816
33.75,87.25,0.2103967,0.7896033
33.75,87.5,0.79158884,0.20841116
33.75,87.75,0.7908784,0.20912158
33.75,88.0,0.7916273,0.20837271
33.75,88.25,0.79177266,0.20822734
33.75,88.5,0.79177266,0.20822734
33.75,88.75,0.79154885,0.20845115
33.75,89.0,0.7913777,0.20862228
33.75,89.25,0.791991,0.208009
33.75,89.5,0.7918504,0.20814961
33.75,89.75,0.7926386,0.2073614
33.75,90.0,0.79149663,0.20850337
33.75,90.25,0.7908452,0.20915478
33.75,90.5,0.21189934,0.78810066
33.75,90.75,0.7901712,0.2098288
33.75,91.0,0.79021376,0.20978624
33.75,91.25,0.79161227,0.20838773
33.75,91.5,0.7901964,0.20980358
33.75,91.75,0.21066101,0.789339
33.75,92.0,0.21059747,0.78940254
33.75,92.25,0.791003,0.20899701
33.75,92.5,0.79122114,0.20877886
33.75,92.75,0.7914554,0.20854461
33.75,93.0,0.79117835,0.20882165
33.75,93.25,0.791205,0.20879501
33.75,93.5,0.7929113,0.20708871
33.75,93.75,0.792222,0.20777798
33.75,94.0,0.7911983,0.20880169
33.75,94.25,0.7908852,0.20911479
33.75,94.5,0.7897323,0.21026772
33.75,94.75,0.7895145,0.21048552
33.75,95.0,0.20829488,0.79170513
33.75,95.25,0.20860219,0.7913978
33.75,95.5,0.20866638,0.7913336
33.75,95.75,0.20900086,0.7909992
33.75,96.0,0.21524848,0.78475153
34.0,68.0,0.5003222,0.49967778
34.0,68.25,0.5003222,0.49967778
34.0,68.5,0.20826352,0.7917365
34.0,68.75,0.21090919,0.7890908
34.0,69.0,0.20882,0.79118
34.0,69.25,0.7882008,0.2117992
34.0,69.5,0.79121447,0.20878553
34.0,69.75,0.79121035,0.20878965
34.0,70.0,0.7912246,0.2087754
34.0,70.25,0.7912246,0.2087754
34.0,70.5,0.79134846,0.20865154
34.0,70.75,0.79014295,0.20985705
34.0,71.0,0.79076296,0.20923704
34.0,71.25,0.7913378,0.20866221
34.0,71.5,0.79046637,0.20953363
34.0,71.75,0.7905556,0.2094444
34.0,72.0,0.79078424,0.20921576
34.0,72.25,0.79103756,0.20896244
34.0,72.5,0.791849,0.20815098
34.0,72.75,0.79038376,0.20961624
34.0,73.0,0.7912464,0.20875359
34.0,73.25,0.7911763,0.20882368
34.0,73.5,0.7907473,0.20925272
34.0,73.75,0.7909737,0.20902628
34.0,74.0,0.79079163,0.20920837
34.0,74.25,0.7916391,0.20836091
34.0,74.5,0.7909737,0.20902628
34.0,74.75,0.791253,0.20874703
34.0,75.0,0.79087627,0.20912373
34.0,75.25,0.7916645,0.20833552
34.0,75.5,0.79180497,0.20819503
34.0,75.75,0.79095477,0.20904523
34.0,76.0,0.7918643,0.20813572
34.0,76.25,0.21254015,0.78745985
34.0,76.5,0.22190405,0.77809596
34.0,76.75,0.21257667,0.7874233
34.0,77.0,0.22372656,0.7762734
34.0,77.25,0.21264087,0.7873591
34.0,77.5,0.21284635,0.78715366
34.0,77.75,0.22430941,0.77569056
34.0,78.0,0.21306328,0.7869367
34.0,78.25,0.2142672,0.7857328
34.0,78.5,0.50035495,0.49964505
34.0,78.75,0.50035495,0.49964505
34.0,79.0,0.50035495,0.49964505
34.0,79.25,0.50035495,0.49964505
34.0,79.5,0.50035495,0.49964505
34.0,79.75,0.22168447,0.77831554
34.0,80.0,0.50009465,0.49990535
34.0,80.25,0.213787,0.786213
34.0,80.5,0.261186,0.738814
34.0,80.75,0.21238957,0.7876104
34.0,81.0,0.21226744,0.78773254
34.0,81.25,0.21136288,0.7886371
34.0,81.5,0.21074535,0.78925467
34.0,81.75,0.21115091,0.7888491
34.0,82.0,0.21068987,0.7893101
34.0,82.25,0.21145822,0.7885418
34.0,82.5,0.21132186,0.78867817
34.0,82.75,0.21101455,0.78898543
34.0,83.0,0.2101929,0.7898071
34.0,83.25,0.21073914,0.78926086
34.0,83.5,0.7907133,0.20928669
34.0,83.75,0.79110616,0.20889384
34.0,84.0,0.20969717,0.7903028
34.0,84.25,0.79110616,0.20889384
34.0,84.5,0.20995484,0.79004514
34.0,84.75,0.21080838,0.7891916
34.0,85.0,0.7898075,0.2101925
34.0,85.25,0.79110616,0.20889384
34.0,85.5,0.21068816,0.7893118
34.0,85.75,0.7911685,0.20883149
34.0,86.0,0.79088366,0.20911634
34.0,86.25,0.7908938,0.2091062
34.0,86.5,0.79164,0.20836002
34.0,86.75,0.7910063,0.20899367
34.0,87.0,0.79151535,0.20848465
34.0,87.25,0.7918977,0.20810229
34.0,87.5,0.7914996,0.20850039
34.0,87.75,0.79128516,0.20871484
34.0,88.0,0.791143,0.208857
34.0,88.25,0.79162425,0.20837575
34.0,88.5,0.7903384,0.2096616
34.0,88.75,0.79106504,0.20893496
34.0,89.0,0.791143,0.208857
34.0,89.25,0.7917919,0.20820808
34.0,89.5,0.7919041,0.20809591
34.0,89.75,0.792152,0.20784801
34.0,90.0,0.79199576,0.20800424
34.0,90.25,0.79042554,0.20957446
34.0,90.5,0.79005164,0.20994836
34.0,90.75,0.7923626,0.20763743
34.0,91.0,0.79133534,0.20866466
34.0,91.25,0.79084206,0.20915794
34.0,91.5,0.7901964,0.20980358
34.0,91.75,0.78972214,0.21027786
34.0,92.0,0.7901964,0.20980358
34.0,92.25,0.7914554,0.20854461
34.0,92.5,0.7912725,0.20872748
34.0,92.75,0.79094744,0.20905256
34.0,93.0,0.79130983,0.20869017
34.0,93.25,0.7919298,0.20807022
34.0,93.5,0.7910091,0.20899087
34.0,93.75,0.79035187,0.20964813
34.0,94.0,0.79096305,0.20903695
34.0,94.25,0.79096305,0.20903695
34.0,94.5,0.78875226,0.21124774
34.0,94.75,0.20860219,0.7913978
34.0,95.0,0.20972402,0.790276
34.0,95.25,0.20860219,0.7913978
34.0,95.5,0.20883568,0.79116434
34.0,95.75,0.22667027,0.77332973
34.0,96.0,0.21015061,0.7898494
34.25,68.0,0.5003222,0.49967778
34.25,68.25,0.5003222,0.49967778
34.25,68.5,0.2254575,0.7745425
34.25,68.75,0.2089649,0.7910351
34.25,69.0,0.2110343,0.7889657
34.25,69.25,0.79220605,0.20779395
34.25,69.5,0.7913088,0.20869118
34.25,69.75,0.79054683,0.20945317
34.25,70.0,0.7906144,0.20938557
34.25,70.25,0.79018867,0.20981133
34.25,70.5,0.79016906,0.20983094
34.25,70.75,0.7914595,0.2085405
34.25,71.0,0.7911405,0.2088595
34.25,71.25,0.79087347,0.20912653
34.25,71.5,0.79137945,0.20862055
34.25,71.75,0.7914494,0.20855057
34.25,72.0,0.7925316,0.20746839
34.25,72.25,0.7912387,0.20876127
34.25,72.5,0.7912555,0.20874453
34.25,72.75,0.79088116,0.20911884
34.25,73.0,0.79122466,0.20877534
34.25,73.25,0.7911763,0.20882368
34.25,73.5,0.79092246,0.20907754
34.25,73.75,0.79180497,0.20819503
34.25,74.0,0.7915877,0.20841229
34.25,74.25,0.791045,0.20895499
34.25,74.5,0.79148287,0.20851713
34.25,74.75,0.79136455,0.20863545
34.25,75.0,0.79156095,0.20843905
34.25,75.25,0.7908674,0.20913261
34.25,75.5,0.7911828,0.20881718
34.25,75.75,0.7908446,0.20915538
34.25,76.0,0.2109741,0.7890259
34.25,76.25,0.21174416,0.7882558
34.25,76.5,0.21254015,0.78745985
34.25,76.75,0.2109741,0.7890259
34.25,77.0,0.21188998,0.78811
34.25,77.25,0.21254015,0.78745985
34.25,77.5,0.21254015,0.78745985
34.25,77.75,0.21234676,0.7876532
34.25,78.0,0.21202019,0.78797984
34.25,78.25,0.22151719,0.7784828
34.25,78.5,0.22208999,0.77791
34.25,78.75,0.22722235,0.7727777
34.25,79.0,0.50035495,0.49964505
34.25,79.25,0.50009465,0.49990535
34.25,79.5,0.22168447,0.77831554
34.25,79.75,0.27568948,0.7243105
34.25,80.0,0.50035495,0.49964505
34.25,80.25,0.50035495,0.49964505
34.25,80.5,0.21401969,0.78598034
34.25,80.75,0.21442392,0.7855761
34.25,81.0,0.21294977,0.78705025
34.25,81.25,0.21198356,0.78801644
34.25,81.5,0.21133685,0.78866315
34.25,81.75,0.21115091,0.7888491
34.25,82.0,0.21145822,0.7885418
34.25,82.25,0.21026182,0.7897382
34.25,82.5,0.20949478,0.79050523
34.25,82.75,0.21132186,0.78867817
34.25,83.0,0.21104644,0.78895354
34.25,83.25,0.21073914,0.78926086
34.25,83.5,0.20977443,0.79022557
34.25,83.75,0.21046552,0.78953445
34.25,84.0,0.21089974,0.7891003
34.25,84.25,0.20969717,0.7903028
34.25,84.5,0.20865636,0.7913436
34.25,84.75,0.20961198,0.790388
34.25,85.0,0.21050107,0.7894989
34.25,85.25,0.7911458,0.2088542
34.25,85.5,0.7915178,0.2084822
34.25,85.75,0.79181004,0.20818996
34.25,86.0,0.7914326,0.20856738
34.25,86.25,0.79173255,0.20826745
34.25,86.5,0.7912089,0.20879108
34.25,86.75,0.7912089,0.20879108
34.25,87.0,0.7913379,0.2086621
34.25,87.25,0.7910916,0.20890838
34.25,87.5,0.7914494,0.20855057
34.25,87.75,0.7908282,0.20917177
34.25,88.0,0.7915229,0.20847708
34.25,88.25,0.79113364,0.20886636
34.25,88.5,0.7911932,0.20880681
34.25,88.75,0.791272,0.20872802
34.25,89.0,0.7911634,0.20883662
34.25,89.25,0.7912423,0.2087577
34.25,89.5,0.79199576,0.20800424
34.25,89.75,0.79142535,0.20857465
34.25,90.0,0.791095,0.20890498
34.25,90.25,0.21113414,0.78886586
34.25,90.5,0.21146277,0.78853726
34.25,90.75,0.7897981,0.21020192
34.25,91.0,0.7909608,0.20903921
34.25,91.25,0.7909157,0.20908427
34.25,91.5,0.791318,0.208682
34.25,91.75,0.78968143,0.21031857
34.25,92.0,0.79112566,0.20887434
34.25,92.25,0.7914554,0.20854461
34.25,92.5,0.7924987,0.20750129
34.25,92.75,0.7919013,0.20809871
34.25,93.0,0.7925094,0.20749062
34.25,93.25,0.79240453,0.20759547
34.25,93.5,0.7926201,0.20737988
34.25,93.75,0.7912247,0.20877528
34.25,94.0,0.7899798,0.21002018
34.25,94.25,0.78969175,0.21030825
34.25,94.5,0.788909,0.21109098
34.25,94.75,0.20831491,0.7916851
34.25,95.0,0.2088714,0.79112864
34.25,95.25,0.20938116,0.79061884
34.25,95.5,0.22823875,0.77176124
34.25,95.75,0.49909028,0.5009097
34.25,96.0,0.20977911,0.79022086
34.5,68.0,0.5003222,0.49967778
34.5,68.25,0.5003222,0.49967778
34.5,68.5,0.5003222,0.49967778
34.5,68.75,0.20972951,0.7902705
34.5,69.0,0.7900144,0.20998561
34.5,69.25,0.79140353,0.20859647
34.5,69.5,0.79149705,0.20850295
34.5,69.75,0.7914279,0.20857209
34.5,70.0,0.79122186,0.20877814
34.5,70.25,0.7901107,0.2098893
34.5,70.5,0.79161614,0.20838386
34.5,70.75,0.79105824,0.20894176
34.5,71.0,0.7910821,0.20891792
34.5,71.25,0.79132366,0.20867634
34.5,71.5,0.79105145,0.20894855
34.5,71.75,0.791527,0.20847303
34.5,72.0,0.7918714,0.20812857
34.5,72.25,0.79082394,0.20917606
34.5,72.5,0.7907046,0.20929539
34.5,72.75,0.79167503,0.20832497
34.5,73.0,0.79119396,0.20880604
34.5,73.25,0.79138404,0.20861596
34.5,73.5,0.7903895,0.20961052
34.5,73.75,0.79137427,0.20862573
34.5,74.0,0.79193217,0.20806783
34.5,74.25,0.79177594,0.20822406
34.5,74.5,0.79132,0.20867997
34.5,74.75,0.7914872,0.20851278
34.5,75.0,0.79170465,0.20829535
34.5,75.25,0.7913407,0.20865929
34.5,75.5,0.79090697,0.20909303
34.5,75.75,0.7911259,0.2088741
34.5,76.0,0.21017425,0.78982574
34.5,76.25,0.21234676,0.7876532
34.5,76.5,0.21121553,0.7887845
34.5,76.75,0.2112593,0.7887407
34.5,77.0,0.21080492,0.78919506
34.5,77.25,0.21234676,0.7876532
34.5,77.5,0.21188998,0.78811
34.5,77.75,0.21269763,0.7873024
34.5,78.0,0.21034342,0.7896566
34.5,78.25,0.21264087,0.7873591
34.5,78.5,0.21220613,0.7877939
34.5,78.75,0.22151516,0.7784848
34.5,79.0,0.50035495,0.49964505
34.5,79.25,0.50035495,0.49964505
34.5,79.5,0.50035495,0.49964505
34.5,79.75,0.50009465,0.49990535
34.5,80.0,0.2620221,0.73797786
34.5,80.25,0.21610086,0.7838991
34.5,80.5,0.2143545,0.7856455
34.5,80.75,0.2127334,0.7872666
34.5,81.0,0.21193297,0.78806704
34.5,81.25,0.21188284,0.7881172
34.5,81.5,0.21164416,0.7883558
34.5,81.75,0.21009265,0.78990734
34.5,82.0,0.21060468,0.78939533
34.5,82.25,0.21043551,0.7895645
34.5,82.5,0.20949478,0.79050523
34.5,82.75,0.20927633,0.7907237
34.5,83.0,0.2102781,0.7897219
34.5,83.25,0.2099686,0.79003143
34.5,83.5,0.20921937,0.79078066
34.5,83.75,0.21010269,0.7898973
34.5,84.0,0.2090665,0.7909335
34.5,84.25,0.20995484,0.79004514
34.5,84.5,0.20944281,0.7905572
34.5,84.75,0.20985341,0.7901466
34.5,85.0,0.7916047,0.2083953
34.5,85.25,0.79189473,0.20810527
34.5,85.5,0.7924809,0.20751911
34.5,85.75,0.79128134,0.20871866
34.5,86.0,0.7913782,0.2086218
34.5,86.25,0.7912089,0.20879108
34.5,86.5,0.79115754,0.20884246
34.5,86.75,0.7914832,0.20851678
34.5,87.0,0.790944,0.20905602
34.5,87.25,0.7910348,0.20896518
34.5,87.5,0.79157406,0.20842594
34.5,87.75,0.7916666,0.20833337
34.5,88.0,0.79147273,0.20852727
34.5,88.25,0.7913667,0.2086333
34.5,88.5,0.791589,0.20841098
34.5,88.75,0.7913777,0.20862228
34.5,89.0,0.7912215,0.2087785
34.5,89.25,0.79166293,0.20833707
34.5,89.5,0.79199576,0.20800424
34.5,89.75,0.79200894,0.20799106
34.5,90.0,0.7911663,0.2088337
34.5,90.25,0.21185128,0.7881487
34.5,90.5,0.20914303,0.79085696
34.5,90.75,0.790912,0.20908803
34.5,91.0,0.7909906,0.20900941
34.5,91.25,0.79070616,0.20929384
34.5,91.5,0.79119277,0.20880723
34.5,91.75,0.79097325,0.20902675
34.5,92.0,0.79050356,0.20949644
34.5,92.25,0.79161227,0.20838773
34.5,92.5,0.7918598,0.2081402
34.5,92.75,0.78978854,0.21021146
34.5,93.0,0.789829,0.21017098
34.5,93.25,0.7906109,0.20938909
34.5,93.5,0.79010224,0.20989776
34.5,93.75,0.7865105,0.21348947
34.5,94.0,0.78614384,0.21385616
34.5,94.25,0.20928562,0.7907144
34.5,94.5,0.20859967,0.7914003
34.5,94.75,0.20829488,0.79170513
34.5,95.0,0.20866638,0.7913336
34.5,95.25,0.21270804,0.78729194
34.5,95.5,0.20987225,0.79012775
34.5,95.75,0.21352154,0.78647846
34.5,96.0,0.21017778,0.7898222
34.75,68.0,0.5003222,0.49967778
34.75,68.25,0.5003222,0.49967778
34.75,68.5,0.5003222,0.49967778
34.75,68.75,0.21173513,0.7882649
34.75,69.0,0.2101073,0.7898927
34.75,69.25,0.7913237,0.20867628
34.75,69.5,0.79194224,0.20805776
34.75,69.75,0.7915202,0.20847982
34.75,70.0,0.7913201,0.20867991
34.75,70.25,0.79145783,0.20854217
34.75,70.5,0.79377204,0.20622796
34.75,70.75,0.7942989,0.20570111
34.75,71.0,0.7903821,0.20961791
34.75,71.25,0.7903304,0.20966959
34.75,71.5,0.7863405,0.21365952
34.75,71.75,0.7937362,0.20626378
34.75,72.0,0.78974813,0.21025187
34.75,72.25,0.79401267,0.20598733
34.75,72.5,0.79189456,0.20810544
34.75,72.75,0.7917048,0.20829523
34.75,73.0,0.7917278,0.20827222
34.75,73.25,0.7917278,0.20827222
34.75,73.5,0.7924266,0.20757341
34.75,73.75,0.79176414,0.20823586
34.75,74.0,0.792407,0.20759302
34.75,74.25,0.7916425,0.20835751
34.75,74.5,0.7917033,0.20829672
34.75,74.75,0.7915697,0.20843029
34.75,75.0,0.7919776,0.20802242
34.75,75.25,0.7918868,0.2081132
34.75,75.5,0.7916279,0.20837212
34.75,75.75,0.7919,0.20810002
34.75,76.0,0.7918073,0.2081927
34.75,76.25,0.7915426,0.20845741
34.75,76.5,0.7917534,0.20824659
34.75,76.75,0.2118876,0.7881124
34.75,77.0,0.21113457,0.78886545
34.75,77.25,0.21297266,0.78702736
34.75,77.5,0.21237381,0.7876262
34.75,77.75,0.21233612,0.7876639
34.75,78.0,0.21247524,0.78752476
34.75,78.25,0.21379915,0.7862009
34.75,78.5,0.22122647,0.77877355
34.75,78.75,0.274561,0.725439
34.75,79.0,0.50035495,0.49964505
34.75,79.25,0.27708104,0.722919
34.75,79.5,0.50035495,0.49964505
34.75,79.75,0.22293255,0.7770674
34.75,80.0,0.21343553,0.78656447
34.75,80.25,0.24143821,0.7585618
34.75,80.5,0.23986682,0.76013315
34.75,80.75,0.21239893,0.78760105
34.75,81.0,0.21230397,0.787696
34.75,81.25,0.2110293,0.7889707
34.75,81.5,0.21079062,0.78920937
34.75,81.75,0.21026182,0.7897382
34.75,82.0,0.21060468,0.78939533
34.75,82.25,0.2110069,0.7889931
34.75,82.5,0.21004985,0.78995013
34.75,82.75,0.21046832,0.7895317
34.75,83.0,0.21105668,0.7889433
34.75,83.25,0.21009147,0.7899085
34.75,83.5,0.21105668,0.7889433
34.75,83.75,0.21030805,0.7896919
34.75,84.0,0.20873196,0.79126805
34.75,84.25,0.20985341,0.7901466
34.75,84.5,0.21081862,0.78918135
34.75,84.75,0.21081862,0.78918135
34.75,85.0,0.7915972,0.20840281
34.75,85.25,0.7911203,0.20887971
34.75,85.5,0.7912715,0.20872849
34.75,85.75,0.7913229,0.20867711
34.75,86.0,0.7911093,0.20889068
34.75,86.25,0.7911093,0.20889068
34.75,86.5,0.791435,0.208565
34.75,86.75,0.21014234,0.7898576
34.75,87.0,0.2103967,0.7896033
34.75,87.25,0.21011895,0.78988105
34.75,87.5,0.7914012,0.2085988
34.75,87.75,0.79172444,0.20827556
34.75,88.0,0.79110545,0.20889455
34.75,88.25,0.79217225,0.20782775
34.75,88.5,0.7909566,0.20904338
34.75,88.75,0.791102,0.20889801
34.75,89.0,0.791102,0.20889801
34.75,89.25,0.7916219,0.20837808
34.75,89.5,0.7920184,0.20798159
34.75,89.75,0.79157305,0.20842695
34.75,90.0,0.20916799,0.79083204
34.75,90.25,0.20959766,0.79040235
34.75,90.5,0.21139665,0.78860337
34.75,90.75,0.7907721,0.20922792
34.75,91.0,0.7910816,0.2089184
34.75,91.25,0.79140717,0.20859283
34.75,91.5,0.79145736,0.20854264
34.75,91.75,0.79077584,0.20922416
34.75,92.0,0.7901482,0.2098518
34.75,92.25,0.7897241,0.21027589
34.75,92.5,0.78950346,0.21049654
34.75,92.75,0.20927307,0.7907269
34.75,93.0,0.20978448,0.7902155
34.75,93.25,0.20677763,0.79322237
34.75,93.5,0.21180183,0.7881982
34.75,93.75,0.22467357,0.77532643
34.75,94.0,0.22291028,0.7770897
34.75,94.25,0.21308343,0.78691655
34.75,94.5,0.22368488,0.7763151
34.75,94.75,0.49882996,0.50117004
34.75,95.0,0.49909028,0.5009097
34.75,95.25,0.20860219,0.7913978
34.75,95.5,0.21361353,0.7863865
34.75,95.75,0.49882996,0.50117004
34.75,96.0,0.21041982,0.78958017
35.0,68.0,0.5003222,0.49967778
35.0,68.25,0.5003222,0.49967778
35.0,68.5,0.5003222,0.49967778
35.0,68.75,0.2094218,0.7905782
35.0,69.0,0.21219258,0.7878074
35.0,69.25,0.7878649,0.21213508
35.0,69.5,0.7917166,0.20828342
35.0,69.75,0.7897665,0.21023351
35.0,70.0,0.792003,0.20799702
35.0,70.25,0.7945069,0.20549309
35.0,70.5,0.790263,0.209737
35.0,70.75,0.79372036,0.20627964
35.0,71.0,0.7933155,0.20668453
35.0,71.25,0.79372036,0.20627964
35.0,71.5,0.7943629,0.2056371
35.0,71.75,0.78475404,0.21524596
35.0,72.0,0.7896001,0.21039993
35.0,72.25,0.79380864,0.20619136
35.0,72.5,0.7932562,0.20674378
35.0,72.75,0.7940453,0.20595467
35.0,73.0,0.79386055,0.20613945
35.0,73.25,0.7922106,0.20778942
35.0,73.5,0.7915198,0.20848018
35.0,73.75,0.7919776,0.20802242
35.0,74.0,0.7915911,0.20840889
35.0,74.25,0.7917666,0.20823342
35.0,74.5,0.7922794,0.20772058
35.0,74.75,0.7916043,0.20839572
35.0,75.0,0.79255116,0.20744884
35.0,75.25,0.7924362,0.20756382
35.0,75.5,0.7918073,0.2081927
35.0,75.75,0.7918786,0.20812142
35.0,76.0,0.79126346,0.20873654
35.0,76.25,0.7922794,0.20772058
35.0,76.5,0.7915914,0.2084086
35.0,76.75,0.79135644,0.20864356
35.0,77.0,0.79260415,0.20739585
35.0,77.25,0.79211706,0.20788294
35.0,77.5,0.79147714,0.20852286
35.0,77.75,0.21191393,0.78808606
35.0,78.0,0.2115869,0.7884131
35.0,78.25,0.21413362,0.7858664
35.0,78.5,0.22122647,0.77877355
35.0,78.75,0.24738146,0.75261855
35.0,79.0,0.50035495,0.49964505
35.0,79.25,0.50035495,0.49964505
35.0,79.5,0.28920165,0.7107984
35.0,79.75,0.21339901,0.786601
35.0,80.0,0.21401969,0.78598034
35.0,80.25,0.21339901,0.786601
35.0,80.5,0.21401969,0.78598034
35.0,80.75,0.2125035,0.7874965
35.0,81.0,0.21230397,0.787696
35.0,81.25,0.2110293,0.7889707
35.0,81.5,0.21133685,0.78866315
35.0,81.75,0.21115091,0.7888491
35.0,82.0,0.21060468,0.78939533
35.0,82.25,0.21068987,0.7893101
35.0,82.5,0.21029915,0.78970087
35.0,82.75,0.20957997,0.79042006
35.0,83.0,0.21075304,0.789247
35.0,83.25,0.20958187,0.79041815
35.0,83.5,0.21009147,0.7899085
35.0,83.75,0.21081862,0.78918135
35.0,84.0,0.20985341,0.7901466
35.0,84.25,0.20985341,0.7901466
35.0,84.5,0.20985341,0.7901466
35.0,84.75,0.21030805,0.7896919
35.0,85.0,0.21030805,0.7896919
35.0,85.25,0.7924557,0.20754433
35.0,85.5,0.7924557,0.20754433
35.0,85.75,0.7915458,0.20845419
35.0,86.0,0.7913429,0.20865709
35.0,86.25,0.7911093,0.20889068
35.0,86.5,0.79141575,0.20858425
35.0,86.75,0.7911093,0.20889068
35.0,87.0,0.7913836,0.20861638
35.0,87.25,0.20989402,0.790106
35.0,87.5,0.20814309,0.7918569
35.0,87.75,0.79147446,0.20852554
35.0,88.0,0.7909721,0.20902789
35.0,88.25,0.79177123,0.20822877
35.0,88.5,0.79013574,0.20986426
35.0,88.75,0.78967094,0.21032906
35.0,89.0,0.7911085,0.20889151
35.0,89.25,0.79104483,0.20895517
35.0,89.5,0.7914484,0.20855159
35.0,89.75,0.7905371,0.20946288
35.0,90.0,0.7913771,0.20862287
35.0,90.25,0.79137045,0.20862955
35.0,90.5,0.7912358,0.2087642
35.0,90.75,0.7917583,0.2082417
35.0,91.0,0.7925829,0.20741707
35.0,91.25,0.7914543,0.20854568
35.0,91.5,0.7917988,0.20820123
35.0,91.75,0.79130244,0.20869756
35.0,92.0,0.7916557,0.20834428
35.0,92.25,0.7917333,0.20826668
35.0,92.5,0.7919861,0.20801389
35.0,92.75,0.7921873,0.20781273
35.0,93.0,0.7899119,0.21008807
35.0,93.25,0.21178776,0.78821224
35.0,93.5,0.20969154,0.7903085
35.0,93.75,0.20965502,0.79034495
35.0,94.0,0.20888695,0.791113
35.0,94.25,0.20857964,0.79142034
35.0,94.5,0.20895115,0.7910489
35.0,94.75,0.21198517,0.7880148
35.0,95.0,0.49909028,0.5009097
35.0,95.25,0.20972402,0.790276
35.0,95.5,0.2249686,0.7750314
35.0,95.75,0.21077685,0.78922313
35.0,96.0,0.21116371,0.7888363
35.25,68.0,0.4988016,0.5011984
35.25,68.25,0.4988016,0.5011984
35.25,68.5,0.4988016,0.5011984
35.25,68.75,0.20809568,0.79190433
35.25,69.0,0.20995325,0.79004675
35.25,69.25,0.21013705,0.78986293
35.25,69.5,0.78916943,0.21083057
35.25,69.75,0.7903208,0.20967919
35.25,70.0,0.7883362,0.21166378
35.25,70.25,0.7913516,0.20864838
35.25,70.5,0.7913516,0.20864838
35.25,70.75,0.79169935,0.20830065
35.25,71.0,0.7911314,0.20886862
35.25,71.25,0.7930563,0.20694369
35.25,71.5,0.7913728,0.20862722
35.25,71.75,0.79366755,0.20633245
35.25,72.0,0.79400736,0.20599264
35.25,72.25,0.79356253,0.20643747
35.25,72.5,0.7900269,0.2099731
35.25,72.75,0.79116666,0.20883334
35.25,73.0,0.793883,0.20611697
35.25,73.25,0.7911561,0.20884389
35.25,73.5,0.7922485,0.20775151
35.25,73.75,0.79214954,0.20785046
35.25,74.0,0.79058254,0.20941746
35.25,74.25,0.7907141,0.20928591
35.25,74.5,0.7921627,0.20783728
35.25,74.75,0.79117703,0.20882297
35.25,75.0,0.79214954,0.20785046
35.25,75.25,0.79228735,0.20771265
35.25,75.5,0.21016851,0.7898315
35.25,75.75,0.20959936,0.7904006
35.25,76.0,0.79022855,0.20977145
35.25,76.25,0.7903531,0.20964688
35.25,76.5,0.79101145,0.20898855
35.25,76.75,0.7911807,0.20881933
35.25,77.0,0.79223955,0.20776045
35.25,77.25,0.79172873,0.20827127
35.25,77.5,0.7921003,0.20789969
35.25,77.75,0.7915588,0.2084412
35.25,78.0,0.21191655,0.78808343
35.25,78.25,0.21225102,0.787749
35.25,78.5,0.2120383,0.7879617
35.25,78.75,0.21961908,0.7803809
35.25,79.0,0.20996937,0.7900306
35.25,79.25,0.21051633,0.78948367
35.25,79.5,0.2118663,0.7881337
35.25,79.75,0.21221013,0.7877899
35.25,80.0,0.21390066,0.7860993
35.25,80.25,0.21217361,0.7878264
35.25,80.5,0.21217361,0.7878264
35.25,80.75,0.2108508,0.78914917
35.25,81.0,0.21042137,0.7895786
35.25,81.25,0.21010096,0.78989905
35.25,81.5,0.2098988,0.7901012
35.25,81.75,0.20961215,0.79038787
35.25,82.0,0.20961215,0.79038787
35.25,82.25,0.20875861,0.7912414
35.25,82.5,0.20827939,0.7917206
35.25,82.75,0.20764871,0.7923513
35.25,83.0,0.20745848,0.7925415
35.25,83.25,0.20770991,0.7922901
35.25,83.5,0.20778383,0.7922162
35.25,83.75,0.791748,0.20825201
35.25,84.0,0.790956,0.20904398
35.25,84.25,0.20575371,0.7942463
35.25,84.5,0.20620835,0.79379165
35.25,84.75,0.20800734,0.79199266
35.25,85.0,0.79206353,0.20793647
35.25,85.25,0.7915952,0.20840478
35.25,85.5,0.79115367,0.20884633
35.25,85.75,0.7911231,0.20887691
35.25,86.0,0.7904175,0.20958251
35.25,86.25,0.7901628,0.2098372
35.25,86.5,0.7903964,0.20960361
35.25,86.75,0.7903768,0.20962322
35.25,87.0,0.7899602,0.2100398
35.25,87.25,0.7902194,0.20978057
35.25,87.5,0.79007727,0.20992273
35.25,87.75,0.79014856,0.20985144
35.25,88.0,0.79014856,0.20985144
35.25,88.25,0.79130745,0.20869255
35.25,88.5,0.7899613,0.21003872
35.25,88.75,0.7896606,0.21033943
35.25,89.0,0.7896606,0.21033943
35.25,89.25,0.79010165,0.20989835
35.25,89.5,0.79047465,0.20952535
35.25,89.75,0.7904615,0.20953852
35.25,90.0,0.7906177,0.2093823
35.25,90.25,0.7911756,0.2088244
35.25,90.5,0.7916425,0.20835751
35.25,90.75,0.79138815,0.20861185
35.25,91.0,0.7916881,0.20831192
35.25,91.25,0.7902611,0.20973891
35.25,91.5,0.79040325,0.20959675
35.25,91.75,0.79118794,0.20881206
35.25,92.0,0.79167074,0.20832926
35.25,92.25,0.7911744,0.20882559
35.25,92.5,0.7904976,0.2095024
35.25,92.75,0.78958774,0.21041226
35.25,93.0,0.7924762,0.20752382
35.25,93.25,0.7889848,0.21101522
35.25,93.5,0.20521939,0.7947806
35.25,93.75,0.20811515,0.79188484
35.25,94.0,0.2076224,0.7923776
35.25,94.25,0.20785698,0.792143
35.25,94.5,0.20820999,0.79179
35.25,94.75,0.20682031,0.7931797
35.25,95.0,0.22155404,0.77844596
35.25,95.25,0.2123286,0.7876714
35.25,95.5,0.22482419,0.7751758
35.25,95.75,0.20893078,0.7910692
35.25,96.0,0.22613236,0.7738676
35.5,68.0,0.20832084,0.79167914
35.5,68.25,0.49954456,0.50045544
35.5,68.5,0.49954456,0.50045544
35.5,68.75,0.49954456,0.50045544
35.5,69.0,0.49954456,0.50045544
35.5,69.25,0.49954456,0.50045544
35.5,69.5,0.21120538,0.78879464
35.5,69.75,0.21125522,0.7887448
35.5,70.0,0.21117356,0.78882647
35.5,70.25,0.789838,0.21016198
35.5,70.5,0.79054374,0.20945626
35.5,70.75,0.7899342,0.21006578
35.5,71.0,0.79141533,0.20858467
35.5,71.25,0.79125047,0.20874953
35.5,71.5,0.79394746,0.20605254
35.5,71.75,0.7930601,0.20693988
35.5,72.0,0.7911268,0.20887321
35.5,72.25,0.7911314,0.20886862
35.5,72.5,0.79123974,0.20876026
35.5,72.75,0.79140913,0.20859087
35.5,73.0,0.7911608,0.20883918
35.5,73.25,0.79187876,0.20812124
35.5,73.5,0.7915674,0.20843261
35.5,73.75,0.7904146,0.20958543
35.5,74.0,0.79118156,0.20881844
35.5,74.25,0.79273677,0.20726323
35.5,74.5,0.79106206,0.20893794
35.5,74.75,0.79201925,0.20798075
35.5,75.0,0.79092073,0.20907927
35.5,75.25,0.79182285,0.20817715
35.5,75.5,0.7912324,0.2087676
35.5,75.75,0.79219973,0.20780027
35.5,76.0,0.791484,0.208516
35.5,76.25,0.79111713,0.20888287
35.5,76.5,0.7925157,0.2074843
35.5,76.75,0.7910908,0.20890921
35.5,77.0,0.79115206,0.20884794
35.5,77.25,0.7913297,0.20867032
35.5,77.5,0.7921075,0.20789248
35.5,77.75,0.21370931,0.7862907
35.5,78.0,0.21312515,0.78687483
35.5,78.25,0.22137408,0.7786259
35.5,78.5,0.21331109,0.7866889
35.5,78.75,0.21417046,0.78582954
35.5,79.0,0.21234629,0.7876537
35.5,79.25,0.21179003,0.78821
35.5,79.5,0.21396637,0.78603363
35.5,79.75,0.21306756,0.78693247
35.5,80.0,0.21311283,0.78688717
35.5,80.25,0.21306756,0.78693247
35.5,80.5,0.21365906,0.78634095
35.5,80.75,0.21230909,0.7876909
35.5,81.0,0.2112955,0.7887045
35.5,81.25,0.21738437,0.78261566
35.5,81.5,0.24267516,0.7573248
35.5,81.75,0.21695973,0.7830403
35.5,82.0,0.21117222,0.7888278
35.5,82.25,0.21186385,0.7881361
35.5,82.5,0.7915538,0.2084462
35.5,82.75,0.79213464,0.20786536
35.5,83.0,0.7920235,0.20797652
35.5,83.25,0.7915538,0.2084462
35.5,83.5,0.2086625,0.7913375
35.5,83.75,0.79210913,0.20789087
35.5,84.0,0.7910273,0.20897269
35.5,84.25,0.20860158,0.7913984
35.5,84.5,0.790433,0.20956701
35.5,84.75,0.20971552,0.7902845
35.5,85.0,0.7912265,0.2087735
35.5,85.25,0.7909201,0.20907992
35.5,85.5,0.79182994,0.20817006
35.5,85.75,0.79182994,0.20817006
35.5,86.0,0.7902013,0.2097987
35.5,86.25,0.7901432,0.20985681
35.5,86.5,0.7901432,0.20985681
35.5,86.75,0.7901432,0.20985681
35.5,87.0,0.7904284,0.2095716
35.5,87.25,0.79002774,0.20997226
35.5,87.5,0.7897223,0.21027768
35.5,87.75,0.7903625,0.20963752
35.5,88.0,0.7900641,0.2099359
35.5,88.25,0.7906738,0.20932621
35.5,88.5,0.7902916,0.2097084
35.5,88.75,0.79020715,0.20979285
35.5,89.0,0.79020715,0.20979285
35.5,89.25,0.79020715,0.20979285
35.5,89.5,0.79083115,0.20916885
35.5,89.75,0.790191,0.209809
35.5,90.0,0.7906399,0.20936012
35.5,90.25,0.7906877,0.20931232
35.5,90.5,0.7909079,0.20909208
35.5,90.75,0.7906536,0.20934641
35.5,91.0,0.7916881,0.20831192
35.5,91.25,0.79027426,0.20972574
35.5,91.5,0.7893482,0.21065181
35.5,91.75,0.79027426,0.20972574
35.5,92.0,0.790203,0.20979702
35.5,92.25,0.7906896,0.20931041
35.5,92.5,0.79014546,0.20985454
35.5,92.75,0.79071784,0.20928216
35.5,93.0,0.7898389,0.21016109
35.5,93.25,0.7902652,0.2097348
35.5,93.5,0.20813344,0.79186654
35.5,93.75,0.20847696,0.79152304
35.5,94.0,0.20788687,0.7921131
35.5,94.25,0.20890568,0.7910943
35.5,94.5,0.20890568,0.7910943
35.5,94.75,0.20901959,0.7909804
35.5,95.0,0.2069426,0.7930574
35.5,95.25,0.2102349,0.7897651
35.5,95.5,0.22687533,0.7731247
35.5,95.75,0.4983126,0.5016874
35.5,96.0,0.4983126,0.5016874
35.75,68.0,0.49954456,0.50045544
35.75,68.25,0.49954456,0.50045544
35.75,68.5,0.49954456,0.50045544
35.75,68.75,0.49954456,0.50045544
35.75,69.0,0.49954456,0.50045544
35.75,69.25,0.49954456,0.50045544
35.75,69.5,0.21036007,0.78963995
35.75,69.75,0.21107772,0.7889223
35.75,70.0,0.20987874,0.79012126
35.75,70.25,0.21104944,0.78895056
35.75,70.5,0.7894029,0.2105971
35.75,70.75,0.79040897,0.20959103
35.75,71.0,0.79040897,0.20959103
35.75,71.25,0.7906548,0.20934522
35.75,71.5,0.79177064,0.20822936
35.75,71.75,0.7907879,0.20921212
35.75,72.0,0.7914791,0.20852089
35.75,72.25,0.7914165,0.20858347
35.75,72.5,0.79063517,0.20936483
35.75,72.75,0.79065657,0.20934343
35.75,73.0,0.7911684,0.20883161
35.75,73.25,0.79199964,0.20800036
35.75,73.5,0.7913246,0.20867538
35.75,73.75,0.791188,0.208812
35.75,74.0,0.7930367,0.2069633
35.75,74.25,0.79180324,0.20819676
35.75,74.5,0.79093385,0.20906615
35.75,74.75,0.7915592,0.20844078
35.75,75.0,0.7916389,0.20836109
35.75,75.25,0.79107094,0.20892906
35.75,75.5,0.7915929,0.2084071
35.75,75.75,0.7920295,0.2079705
35.75,76.0,0.7917111,0.20828891
35.75,76.25,0.79199964,0.20800036
35.75,76.5,0.79106313,0.20893687
35.75,76.75,0.79237735,0.20762265
35.75,77.0,0.79272395,0.20727605
35.75,77.25,0.7925772,0.2074228
35.75,77.5,0.21404378,0.7859562
35.75,77.75,0.22098722,0.7790128
35.75,78.0,0.50062704,0.49937296
35.75,78.25,0.24580182,0.7541982
35.75,78.5,0.21386757,0.78613245
35.75,78.75,0.22179872,0.7782013
35.75,79.0,0.21142855,0.7885715
35.75,79.25,0.21179003,0.78821
35.75,79.5,0.21311283,0.78688717
35.75,79.75,0.79077905,0.20922095
35.75,80.0,0.21311283,0.78688717
35.75,80.25,0.21396637,0.78603363
35.75,80.5,0.21365906,0.78634095
35.75,80.75,0.21264356,0.78735644
35.75,81.0,0.21191618,0.7880838
35.75,81.25,0.21193025,0.7880697
35.75,81.5,0.21159084,0.7884092
35.75,81.75,0.21157089,0.78842914
35.75,82.0,0.2110976,0.7889024
35.75,82.25,0.2110976,0.7889024
35.75,82.5,0.7920235,0.20797652
35.75,82.75,0.7911208,0.20887917
35.75,83.0,0.2088655,0.7911345
35.75,83.25,0.20969921,0.7903008
35.75,83.5,0.20982312,0.79017687
35.75,83.75,0.20971552,0.7902845
35.75,84.0,0.20927894,0.79072106
35.75,84.25,0.79134285,0.20865715
35.75,84.5,0.79206353,0.20793647
35.75,84.75,0.20875031,0.7912497
35.75,85.0,0.79048586,0.20951414
35.75,85.25,0.7912265,0.2087735
35.75,85.5,0.7915152,0.20848483
35.75,85.75,0.7923034,0.20769662
35.75,86.0,0.7911112,0.20888883
35.75,86.25,0.7902013,0.2097987
35.75,86.5,0.79035753,0.20964247
35.75,86.75,0.7901432,0.20985681
35.75,87.0,0.79029006,0.20970994
35.75,87.25,0.7902106,0.2097894
35.75,87.5,0.78999037,0.21000963
35.75,87.75,0.79022413,0.20977587
35.75,88.0,0.7900641,0.2099359
35.75,88.25,0.7908632,0.20913678
35.75,88.5,0.79085,0.20915002
35.75,88.75,0.79085,0.20915002
35.75,89.0,0.7906536,0.20934641
35.75,89.25,0.7895388,0.2104612
35.75,89.5,0.7908523,0.20914769
35.75,89.75,0.7905455,0.20945448
35.75,90.0,0.7906877,0.20931232
35.75,90.25,0.7902049,0.20979512
35.75,90.5,0.79075986,0.20924014
35.75,90.75,0.79020715,0.20979285
35.75,91.0,0.7902203,0.20977968
35.75,91.25,0.790203,0.20979702
35.75,91.5,0.79027426,0.20972574
35.75,91.75,0.79083264,0.20916736
35.75,92.0,0.79034424,0.20965576
35.75,92.25,0.79019326,0.20980674
35.75,92.5,0.7907609,0.20923913
35.75,92.75,0.7910411,0.20895892
35.75,93.0,0.78809744,0.21190256
35.75,93.25,0.20820905,0.79179096
35.75,93.5,0.20820905,0.79179096
35.75,93.75,0.20824558,0.7917544
35.75,94.0,0.20778385,0.7922162
35.75,94.25,0.20805305,0.79194695
35.75,94.5,0.20811725,0.79188275
35.75,94.75,0.20831601,0.791684
35.75,95.0,0.21062176,0.7893782
35.75,95.25,0.22687533,0.7731247
35.75,95.5,0.4983126,0.5016874
35.75,95.75,0.4983126,0.5016874
35.75,96.0,0.4983126,0.5016874
36.0,68.0,0.49954456,0.50045544
36.0,68.25,0.49954456,0.50045544
36.0,68.5,0.49954456,0.50045544
36.0,68.75,0.49954456,0.50045544
36.0,69.0,0.49954456,0.50045544
36.0,69.25,0.49954456,0.50045544
36.0,69.5,0.49954456,0.50045544
36.0,69.75,0.49954456,0.50045544
36.0,70.0,0.20962068,0.7903793
36.0,70.25,0.20891745,0.79108256
36.0,70.5,0.78899986,0.21100014
36.0,70.75,0.7907988,0.20920122
36.0,71.0,0.7907894,0.20921057
36.0,71.25,0.79094094,0.20905906
36.0,71.5,0.7917419,0.20825809
36.0,71.75,0.79184794,0.20815206
36.0,72.0,0.7891948,0.21080518
36.0,72.25,0.7932518,0.20674819
36.0,72.5,0.7915062,0.20849383
36.0,72.75,0.79065657,0.20934343
36.0,73.0,0.79214954,0.20785046
36.0,73.25,0.79199964,0.20800036
36.0,73.5,0.79128957,0.20871043
36.0,73.75,0.7918309,0.2081691
36.0,74.0,0.7918309,0.2081691
36.0,74.25,0.7904618,0.20953822
36.0,74.5,0.7913586,0.20864141
36.0,74.75,0.7934228,0.20657718
36.0,75.0,0.79142797,0.20857203
36.0,75.25,0.79125243,0.20874757
36.0,75.5,0.79157925,0.20842075
36.0,75.75,0.79142797,0.20857203
36.0,76.0,0.7916389,0.20836109
36.0,76.25,0.7917111,0.20828891
36.0,76.5,0.7922807,0.20771933
36.0,76.75,0.79114807,0.20885193
36.0,77.0,0.79216295,0.20783705
36.0,77.25,0.79231983,0.20768017
36.0,77.5,0.7918664,0.20813358
36.0,77.75,0.78705394,0.21294606
36.0,78.0,0.7926411,0.2073589
36.0,78.25,0.7902194,0.20978057
36.0,78.5,0.21279195,0.7872081
36.0,78.75,0.21129762,0.78870237
36.0,79.0,0.20717251,0.7928275
36.0,79.25,0.7915588,0.2084412
36.0,79.5,0.79213965,0.20786035
36.0,79.75,0.7921075,0.20789248
36.0,80.0,0.2117247,0.7882753
36.0,80.25,0.7915588,0.2084412
36.0,80.5,0.7915588,0.2084412
36.0,80.75,0.2103167,0.7896833
36.0,81.0,0.20696025,0.79303974
36.0,81.25,0.79211915,0.20788085
36.0,81.5,0.791291,0.208709
36.0,81.75,0.79144776,0.20855224
36.0,82.0,0.2119325,0.7880675
36.0,82.25,0.21070963,0.78929037
36.0,82.5,0.21057327,0.78942674
36.0,82.75,0.20772272,0.7922773
36.0,83.0,0.2069858,0.79301417
36.0,83.25,0.20823109,0.7917689
36.0,83.5,0.20873792,0.7912621
36.0,83.75,0.20833069,0.7916693
36.0,84.0,0.79210913,0.20789087
36.0,84.25,0.7915148,0.20848519
36.0,84.5,0.7921364,0.20786363
36.0,84.75,0.79210424,0.20789576
36.0,85.0,0.79048586,0.20951414
36.0,85.25,0.79210424,0.20789576
36.0,85.5,0.79182994,0.20817006
36.0,85.75,0.79186696,0.20813304
36.0,86.0,0.79112434,0.20887566
36.0,86.25,0.79084414,0.20915586
36.0,86.5,0.7915576,0.20844239
36.0,86.75,0.79121315,0.20878685
36.0,87.0,0.79050237,0.20949763
36.0,87.25,0.78999037,0.21000963
36.0,87.5,0.7902819,0.20971811
36.0,87.75,0.79070693,0.20929307
36.0,88.0,0.7897625,0.2102375
36.0,88.25,0.79150605,0.20849395
36.0,88.5,0.79085,0.20915002
36.0,88.75,0.7903672,0.20963281
36.0,89.0,0.7907046,0.20929539
36.0,89.25,0.7901708,0.20982921
36.0,89.5,0.790608,0.20939201
36.0,89.75,0.7906877,0.20931232
36.0,90.0,0.7909079,0.20909208
36.0,90.25,0.7901197,0.20988029
36.0,90.5,0.7906177,0.2093823
36.0,90.75,0.7902916,0.2097084
36.0,91.0,0.7901725,0.20982748
36.0,91.25,0.79027426,0.20972574
36.0,91.5,0.7901898,0.2098102
36.0,91.75,0.7900045,0.20999551
36.0,92.0,0.7906126,0.20938742
36.0,92.25,0.7904976,0.2095024
36.0,92.5,0.79167074,0.20832926
36.0,92.75,0.7899286,0.21007138
36.0,93.0,0.787697,0.21230298
36.0,93.25,0.21170107,0.78829896
36.0,93.5,0.21093419,0.78906584
36.0,93.75,0.20742145,0.7925786
36.0,94.0,0.20732126,0.7926787
36.0,94.25,0.20698678,0.7930132
36.0,94.5,0.49859735,0.5014026
36.0,94.75,0.2094913,0.7905087
36.0,95.0,0.20637964,0.79362035
36.0,95.25,0.20612551,0.7938745
36.0,95.5,0.20562822,0.7943718
36.0,95.75,0.2094913,0.7905087
36.0,96.0,0.22394636,0.77605367
