latitude,longitude,tp_hres_weight,tp_gfs_weight
8.0,68.0,0.8716285,0.12837148
8.0,68.25,0.9003999,0.09960008
8.0,68.5,0.89776987,0.10223013
8.0,68.75,0.86575735,0.13424265
8.0,69.0,0.8443445,0.1556555
8.0,69.25,0.8074537,0.19254631
8.0,69.5,0.795801,0.20419902
8.0,69.75,0.8029219,0.19707811
8.0,70.0,0.5427094,0.4572906
8.0,70.25,0.81807476,0.18192524
8.0,70.5,0.8443209,0.1556791
8.0,70.75,0.83808935,0.16191065
8.0,71.0,0.8415769,0.15842313
8.0,71.25,0.858104,0.14189601
8.0,71.5,0.8670514,0.13294858
8.0,71.75,0.85609007,0.14390993
8.0,72.0,0.8471586,0.15284139
8.0,72.25,0.8582882,0.14171177
8.0,72.5,0.82833266,0.17166734
8.0,72.75,0.86353093,0.13646907
8.0,73.0,0.8873058,0.112694204
8.0,73.25,0.8582882,0.14171177
8.0,73.5,0.86573374,0.13426626
8.0,73.75,0.877424,0.122576
8.0,74.0,0.89561903,0.104380965
8.0,74.25,0.88823974,0.11176026
8.0,74.5,0.856893,0.143107
8.0,74.75,0.8280497,0.17195028
8.0,75.0,0.81419885,0.18580115
8.0,75.25,0.7982924,0.2017076
8.0,75.5,0.7986196,0.20138037
8.0,75.75,0.8031257,0.19687432
8.0,76.0,0.81800884,0.18199116
8.0,76.25,0.837576,0.16242403
8.0,76.5,0.84739363,0.15260637
8.0,76.75,0.8379731,0.16202688
8.0,77.0,0.8083241,0.1916759
8.0,77.25,0.80415654,0.19584346
8.0,77.5,0.7968378,0.2031622
8.0,77.75,0.8096037,0.19039631
8.0,78.0,0.7993449,0.2006551
8.0,78.25,0.5027817,0.4972183
8.0,78.5,0.5027817,0.4972183
8.0,78.75,0.5027817,0.4972183
8.0,79.0,0.7803369,0.21966308
8.0,79.25,0.7983277,0.20167232
8.0,79.5,0.7844046,0.21559542
8.0,79.75,0.8019345,0.19806552
8.0,80.0,0.232925,0.767075
8.0,80.25,0.2462838,0.75371623
8.0,80.5,0.25869223,0.74130774
8.0,80.75,0.28763193,0.7123681
8.0,81.0,0.280284,0.719716
8.0,81.25,0.28112158,0.7188784
8.0,81.5,0.83908427,0.16091573
8.0,81.75,0.8727636,0.12723643
8.0,82.0,0.91057235,0.08942765
8.0,82.25,0.93006617,0.06993383
8.0,82.5,0.9196545,0.08034551
8.0,82.75,0.9107546,0.08924538
8.0,83.0,0.88227785,0.11772215
8.0,83.25,0.84411037,0.15588963
8.0,83.5,0.80819875,0.19180125
8.0,83.75,0.7967507,0.20324928
8.0,84.0,0.50154185,0.49845815
8.0,84.25,0.514569,0.48543102
8.0,84.5,0.5171016,0.4828984
8.0,84.75,0.49767426,0.5023258
8.0,85.0,0.8084191,0.19158089
8.0,85.25,0.81764865,0.18235135
8.0,85.5,0.8314955,0.16850448
8.0,85.75,0.8314955,0.16850448
8.0,86.0,0.84375644,0.15624356
8.0,86.25,0.84375644,0.15624356
8.0,86.5,0.8469481,0.15305191
8.0,86.75,0.83388263,0.16611737
8.0,87.0,0.8165284,0.18347162
8.0,87.25,0.8165284,0.18347162
8.0,87.5,0.8141492,0.1858508
8.0,87.75,0.7972546,0.20274538
8.0,88.0,0.7972546,0.20274538
8.0,88.25,0.7898713,0.21012872
8.0,88.5,0.79773736,0.20226264
8.0,88.75,0.8176377,0.18236232
8.0,89.0,0.82803965,0.17196035
8.0,89.25,0.83459485,0.16540515
8.0,89.5,0.8320281,0.16797191
8.0,89.75,0.8283153,0.17168468
8.0,90.0,0.81495476,0.18504524
8.0,90.25,0.8242257,0.17577428
8.0,90.5,0.82414716,0.17585284
8.0,90.75,0.8041216,0.19587839
8.0,91.0,0.7983677,0.20163232
8.0,91.25,0.7982892,0.20171082
8.0,91.5,0.79919994,0.20080006
8.0,91.75,0.7982301,0.20176989
8.0,92.0,0.29829875,0.7017013
8.0,92.25,0.28260964,0.71739036
8.0,92.5,0.26562837,0.73437166
8.0,92.75,0.79684985,0.20315015
8.0,93.0,0.8345616,0.16543841
8.0,93.25,0.8600524,0.1399476
8.0,93.5,0.8582373,0.14176267
8.0,93.75,0.8417459,0.15825409
8.0,94.0,0.8172108,0.1827892
8.0,94.25,0.8034983,0.19650167
8.0,94.5,0.79522574,0.20477426
8.0,94.75,0.26441467,0.73558533
8.0,95.0,0.7939592,0.2060408
8.0,95.25,0.82333,0.17667001
8.0,95.5,0.8319378,0.16806221
8.0,95.75,0.8231096,0.17689037
8.0,96.0,0.81474626,0.18525374
8.25,68.0,0.88823974,0.11176026
8.25,68.25,0.89292145,0.10707855
8.25,68.5,0.8939794,0.10602063
8.25,68.75,0.87601995,0.123980045
8.25,69.0,0.8443445,0.1556555
8.25,69.25,0.8320695,0.16793048
8.25,69.5,0.81768936,0.18231064
8.25,69.75,0.80310696,0.19689304
8.25,70.0,0.8075409,0.1924591
8.25,70.25,0.8177519,0.18224812
8.25,70.5,0.8526577,0.14734232
8.25,70.75,0.8526577,0.14734232
8.25,71.0,0.8697381,0.1302619
8.25,71.25,0.8759178,0.12408221
8.25,71.5,0.8842028,0.11579722
8.25,71.75,0.87734544,0.12265456
8.25,72.0,0.8343685,0.16563147
8.25,72.25,0.8344742,0.1655258
8.25,72.5,0.8180109,0.18198907
8.25,72.75,0.8528419,0.14715809
8.25,73.0,0.88798296,0.112017035
8.25,73.25,0.87426746,0.12573254
8.25,73.5,0.88026464,0.11973536
8.25,73.75,0.8984974,0.1015026
8.25,74.0,0.90476936,0.09523064
8.25,74.25,0.8991797,0.1008203
8.25,74.5,0.87601143,0.12398857
8.25,74.75,0.84739363,0.15260637
8.25,75.0,0.8033563,0.19664371
8.25,75.25,0.7991522,0.2008478
8.25,75.5,0.798234,0.20176601
8.25,75.75,0.7980503,0.20194972
8.25,76.0,0.8031257,0.19687432
8.25,76.25,0.83151275,0.16848725
8.25,76.5,0.8421675,0.1578325
8.25,76.75,0.8144081,0.18559188
8.25,77.0,0.80327845,0.19672155
8.25,77.25,0.26892066,0.73107934
8.25,77.5,0.8356856,0.16431439
8.25,77.75,0.88798296,0.112017035
8.25,78.0,0.84516037,0.15483963
8.25,78.25,0.5027566,0.4972434
8.25,78.5,0.5027817,0.4972183
8.25,78.75,0.5027817,0.4972183
8.25,79.0,0.5027817,0.4972183
8.25,79.25,0.5041974,0.49580258
8.25,79.5,0.78190523,0.21809477
8.25,79.75,0.4111477,0.5888523
8.25,80.0,0.24053024,0.75946975
8.25,80.25,0.24558406,0.7544159
8.25,80.5,0.42530322,0.5746968
8.25,80.75,0.2976391,0.70236087
8.25,81.0,0.80955654,0.19044346
8.25,81.25,0.80372447,0.19627553
8.25,81.5,0.84998524,0.15001476
8.25,81.75,0.8630051,0.1369949
8.25,82.0,0.8822738,0.11772621
8.25,82.25,0.90502614,0.09497386
8.25,82.5,0.90469486,0.095305145
8.25,82.75,0.89769536,0.10230464
8.25,83.0,0.8732102,0.12678981
8.25,83.25,0.842093,0.15790701
8.25,83.5,0.8094866,0.19051337
8.25,83.75,0.8097236,0.19027638
8.25,84.0,0.7977153,0.2022847
8.25,84.25,0.39112914,0.60887086
8.25,84.5,0.4700918,0.5299082
8.25,84.75,0.7960447,0.2039553
8.25,85.0,0.80297196,0.19702804
8.25,85.25,0.8027516,0.1972484
8.25,85.5,0.80819875,0.19180125
8.25,85.75,0.80819875,0.19180125
8.25,86.0,0.8238486,0.1761514
8.25,86.25,0.8342963,0.16570371
8.25,86.5,0.84702665,0.15297335
8.25,86.75,0.8497449,0.15025508
8.25,87.0,0.83388263,0.16611737
8.25,87.25,0.83122015,0.16877985
8.25,87.5,0.8165284,0.18347162
8.25,87.75,0.8034913,0.1965087
8.25,88.0,0.81405824,0.18594176
8.25,88.25,0.8089293,0.19107068
8.25,88.5,0.8034913,0.1965087
8.25,88.75,0.8080524,0.19194758
8.25,89.0,0.8142766,0.18572342
8.25,89.25,0.83459485,0.16540515
8.25,89.5,0.83459485,0.16540515
8.25,89.75,0.83442533,0.16557467
8.25,90.0,0.84723186,0.15276814
8.25,90.25,0.857972,0.14202797
8.25,90.5,0.86321473,0.13678527
8.25,90.75,0.8472134,0.15278661
8.25,91.0,0.82441247,0.17558753
8.25,91.25,0.8041216,0.19587839
8.25,91.5,0.3819659,0.6180341
8.25,91.75,0.37087086,0.6291292
8.25,92.0,0.39663368,0.6033663
8.25,92.25,0.27109793,0.7289021
8.25,92.5,0.7982301,0.20176989
8.25,92.75,0.8283623,0.17163771
8.25,93.0,0.8345616,0.16543841
8.25,93.25,0.83786875,0.16213125
8.25,93.5,0.8505731,0.14942688
8.25,93.75,0.8507099,0.14929008
8.25,94.0,0.83805805,0.16194195
8.25,94.25,0.8384516,0.16154838
8.25,94.5,0.8231882,0.17681181
8.25,94.75,0.79578424,0.20421576
8.25,95.0,0.39310816,0.6068919
8.25,95.25,0.39835402,0.60164595
8.25,95.5,0.7932532,0.20674682
8.25,95.75,0.39680496,0.6031951
8.25,96.0,0.39921808,0.6007819
8.5,68.0,0.9006567,0.0993433
8.5,68.25,0.8984974,0.1015026
8.5,68.5,0.8845381,0.115461886
8.5,68.75,0.8600998,0.13990021
8.5,69.0,0.8584629,0.14153707
8.5,69.25,0.8699275,0.13007247
8.5,69.5,0.8502908,0.14970922
8.5,69.75,0.808718,0.19128197
8.5,70.0,0.8347822,0.16521782
8.5,70.25,0.858104,0.14189601
8.5,70.5,0.877424,0.122576
8.5,70.75,0.8759178,0.12408221
8.5,71.0,0.88235235,0.11764765
8.5,71.25,0.88798296,0.112017035
8.5,71.5,0.87152636,0.12847364
8.5,71.75,0.8741889,0.1258111
8.5,72.0,0.8670514,0.13294858
8.5,72.25,0.8716049,0.12839508
8.5,72.5,0.86713,0.13287002
8.5,72.75,0.8582882,0.14171177
8.5,73.0,0.88823974,0.11176026
8.5,73.25,0.8875626,0.11243743
8.5,73.5,0.8776808,0.12231922
8.5,73.75,0.8958758,0.10412419
8.5,74.0,0.9036125,0.096387506
8.5,74.25,0.90502614,0.09497386
8.5,74.5,0.88823974,0.11176026
8.5,74.75,0.8533713,0.14662868
8.5,75.0,0.8283351,0.1716649
8.5,75.25,0.80333084,0.19666916
8.5,75.5,0.23534063,0.7646594
8.5,75.75,0.23338188,0.76661813
8.5,76.0,0.80357134,0.19642866
8.5,76.25,0.8283793,0.17162073
8.5,76.5,0.8280497,0.17195028
8.5,76.75,0.8039354,0.19606459
8.5,77.0,0.23902996,0.76097006
8.5,77.25,0.23115069,0.7688493
8.5,77.5,0.80357134,0.19642866
8.5,77.75,0.8445664,0.1554336
8.5,78.0,0.84762263,0.15237737
8.5,78.25,0.8190635,0.18093652
8.5,78.5,0.5027817,0.4972183
8.5,78.75,0.5027817,0.4972183
8.5,79.0,0.5027817,0.4972183
8.5,79.25,0.5041974,0.49580258
8.5,79.5,0.5041974,0.49580258
8.5,79.75,0.59009624,0.40990376
8.5,80.0,0.3076724,0.6923276
8.5,80.25,0.24400279,0.7559972
8.5,80.5,0.25426507,0.74573493
8.5,80.75,0.25862575,0.74137425
8.5,81.0,0.81442714,0.18557286
8.5,81.25,0.81852186,0.18147814
8.5,81.5,0.8319099,0.1680901
8.5,81.75,0.8441063,0.15589368
8.5,82.0,0.8560326,0.14396739
8.5,82.25,0.87575465,0.124245346
8.5,82.5,0.88748807,0.11251193
8.5,82.75,0.884251,0.115749
8.5,83.0,0.8529598,0.14704019
8.5,83.25,0.82411563,0.17588437
8.5,83.5,0.80311805,0.19688195
8.5,83.75,0.79966396,0.20033604
8.5,84.0,0.7972481,0.20275187
8.5,84.25,0.23841274,0.76158726
8.5,84.5,0.23855008,0.76144993
8.5,84.75,0.24288875,0.75711125
8.5,85.0,0.7975761,0.20242387
8.5,85.25,0.7949451,0.20505488
8.5,85.5,0.8025821,0.19741791
8.5,85.75,0.8027516,0.1972484
8.5,86.0,0.8079234,0.19207662
8.5,86.25,0.8165284,0.18347162
8.5,86.5,0.8277411,0.17225891
8.5,86.75,0.8277411,0.17225891
8.5,87.0,0.81675667,0.18324333
8.5,87.25,0.8238486,0.1761514
8.5,87.5,0.8077522,0.19224781
8.5,87.75,0.8089293,0.19107068
8.5,88.0,0.8089293,0.19107068
8.5,88.25,0.813978,0.18602198
8.5,88.5,0.8275716,0.17242843
8.5,88.75,0.8240562,0.17594379
8.5,89.0,0.8041109,0.19588912
8.5,89.25,0.8320281,0.16797191
8.5,89.5,0.82787013,0.17212987
8.5,89.75,0.81802005,0.18197995
8.5,90.0,0.82803965,0.17196035
8.5,90.25,0.857972,0.14202797
8.5,90.5,0.86321473,0.13678527
8.5,90.75,0.85030913,0.14969087
8.5,91.0,0.8420445,0.15795553
8.5,91.25,0.809951,0.190049
8.5,91.5,0.7975898,0.20241022
8.5,91.75,0.23901366,0.7609863
8.5,92.0,0.2610984,0.7389016
8.5,92.25,0.2546253,0.7453747
8.5,92.5,0.7981486,0.20185143
8.5,92.75,0.80957603,0.19042397
8.5,93.0,0.8145751,0.18542492
8.5,93.25,0.8145751,0.18542492
8.5,93.5,0.8099167,0.19008332
8.5,93.75,0.81014496,0.18985504
8.5,94.0,0.7976986,0.20230138
8.5,94.25,0.7959371,0.20406288
8.5,94.5,0.80327004,0.19672996
8.5,94.75,0.803261,0.19673902
8.5,95.0,0.7949,0.2051
8.5,95.25,0.7949,0.2051
8.5,95.5,0.24164061,0.7583594
8.5,95.75,0.29453138,0.70546865
8.5,96.0,0.79386175,0.20613825
8.75,68.0,0.9159866,0.0840134
8.75,68.25,0.91318715,0.086812854
8.75,68.5,0.90803725,0.091962755
8.75,68.75,0.88823974,0.11176026
8.75,69.0,0.88204336,0.11795664
8.75,69.25,0.87601995,0.123980045
8.75,69.5,0.86713,0.13287002
8.75,69.75,0.8600762,0.13992381
8.75,70.0,0.8320459,0.16795409
8.75,70.25,0.8347036,0.16529638
8.75,70.5,0.850034,0.149966
8.75,70.75,0.86573374,0.13426626
8.75,71.0,0.88428134,0.11571866
8.75,71.25,0.89561903,0.104380965
8.75,71.5,0.8920661,0.10793388
8.75,71.75,0.8955405,0.104459524
8.75,72.0,0.89776987,0.10223013
8.75,72.25,0.8939794,0.10602063
8.75,72.5,0.8896113,0.110388696
8.75,72.75,0.853613,0.14638698
8.75,73.0,0.8501397,0.14986032
8.75,73.25,0.8636182,0.1363818
8.75,73.5,0.8566282,0.14337182
8.75,73.75,0.858545,0.141455
8.75,74.0,0.83932596,0.16067404
8.75,74.25,0.86738676,0.13261324
8.75,74.5,0.87601143,0.12398857
8.75,74.75,0.8421675,0.1578325
8.75,75.0,0.8344194,0.16558057
8.75,75.25,0.80323243,0.19676757
8.75,75.5,0.22960068,0.77039933
8.75,75.75,0.798234,0.20176601
8.75,76.0,0.79806083,0.20193917
8.75,76.25,0.8184145,0.18158549
8.75,76.5,0.8320794,0.16792059
8.75,76.75,0.79772913,0.20227087
8.75,77.0,0.7980503,0.20194972
8.75,77.25,0.8141208,0.18587917
8.75,77.5,0.79772913,0.20227087
8.75,77.75,0.81800884,0.18199116
8.75,78.0,0.8354352,0.16456479
8.75,78.25,0.81861115,0.18138885
8.75,78.5,0.5027817,0.4972183
8.75,78.75,0.5027817,0.4972183
8.75,79.0,0.5027817,0.4972183
8.75,79.25,0.5041974,0.49580258
8.75,79.5,0.7520475,0.24795252
8.75,79.75,0.75393796,0.24606204
8.75,80.0,0.54580045,0.45419955
8.75,80.25,0.24161507,0.75838494
8.75,80.5,0.27292752,0.7270725
8.75,80.75,0.24698776,0.75301224
8.75,81.0,0.81829965,0.18170035
8.75,81.25,0.84739363,0.15260637
8.75,81.5,0.85836154,0.14163846
8.75,81.75,0.84741616,0.15258384
8.75,82.0,0.857968,0.14203203
8.75,82.25,0.86549205,0.13450795
8.75,82.5,0.8844636,0.11553639
8.75,82.75,0.8771078,0.1228922
8.75,83.0,0.8190289,0.18097109
8.75,83.25,0.7993467,0.20065331
8.75,83.5,0.80239856,0.19760144
8.75,83.75,0.22741526,0.77258474
8.75,84.0,0.22616859,0.7738314
8.75,84.25,0.22726616,0.7727338
8.75,84.5,0.2269716,0.7730284
8.75,84.75,0.2269716,0.7730284
8.75,85.0,0.22970223,0.77029777
8.75,85.25,0.7975761,0.20242387
8.75,85.5,0.80333,0.19667
8.75,85.75,0.80333,0.19667
8.75,86.0,0.8034913,0.1965087
8.75,86.25,0.8034913,0.1965087
8.75,86.5,0.80921125,0.19078875
8.75,86.75,0.81428653,0.18571347
8.75,87.0,0.81432444,0.18567556
8.75,87.25,0.8093207,0.19067931
8.75,87.5,0.7971263,0.2028737
8.75,87.75,0.8038123,0.19618767
8.75,88.0,0.8077522,0.19224781
8.75,88.25,0.81422776,0.18577224
8.75,88.5,0.82392716,0.17607284
8.75,88.75,0.8419123,0.15808767
8.75,89.0,0.8142766,0.18572342
8.75,89.25,0.8169055,0.1830945
8.75,89.5,0.8142766,0.18572342
8.75,89.75,0.8142766,0.18572342
8.75,90.0,0.81723726,0.18276274
8.75,90.25,0.8279611,0.17203891
8.75,90.5,0.8177179,0.18228209
8.75,90.75,0.8151019,0.18489808
8.75,91.0,0.8151019,0.18489808
8.75,91.25,0.80966556,0.19033444
8.75,91.5,0.80432117,0.19567883
8.75,91.75,0.2269672,0.7730328
8.75,92.0,0.22717905,0.77282095
8.75,92.25,0.2329792,0.7670208
8.75,92.5,0.22658831,0.7734117
8.75,92.75,0.22684978,0.7731502
8.75,93.0,0.22637646,0.7736235
8.75,93.25,0.22635902,0.773641
8.75,93.5,0.23009299,0.769907
8.75,93.75,0.22578475,0.7742152
8.75,94.0,0.22703646,0.7729635
8.75,94.25,0.22703646,0.7729635
8.75,94.5,0.22703646,0.7729635
8.75,94.75,0.7951283,0.20487171
8.75,95.0,0.7945197,0.20548028
8.75,95.25,0.24861759,0.7513824
8.75,95.5,0.23933612,0.76066387
8.75,95.75,0.22667545,0.77332455
8.75,96.0,0.7969362,0.20306379
9.0,68.0,0.8989229,0.10107708
9.0,68.25,0.913475,0.08652502
9.0,68.5,0.92397225,0.07602775
9.0,68.75,0.9116293,0.08837068
9.0,69.0,0.9064728,0.0935272
9.0,69.25,0.91293037,0.08706963
9.0,69.5,0.89776987,0.10223013
9.0,69.75,0.8732696,0.12673038
9.0,70.0,0.8237078,0.17629218
9.0,70.25,0.8317846,0.1682154
9.0,70.5,0.8716049,0.12839508
9.0,70.75,0.88235235,0.11764765
9.0,71.0,0.8873058,0.112694204
9.0,71.25,0.90476936,0.09523064
9.0,71.5,0.906216,0.093783975
9.0,71.75,0.906216,0.093783975
9.0,72.0,0.8984974,0.1015026
9.0,72.25,0.87599635,0.12400365
9.0,72.5,0.88026464,0.11973536
9.0,72.75,0.8420722,0.15792781
9.0,73.0,0.81444055,0.18555945
9.0,73.25,0.8285768,0.1714232
9.0,73.5,0.8240373,0.17596269
9.0,73.75,0.80955654,0.19044346
9.0,74.0,0.79806083,0.20193917
9.0,74.25,0.8191672,0.1808328
9.0,74.5,0.83151275,0.16848725
9.0,74.75,0.8033563,0.19664371
9.0,75.0,0.8097981,0.19020188
9.0,75.25,0.79765064,0.20234936
9.0,75.5,0.79765064,0.20234936
9.0,75.75,0.79806083,0.20193917
9.0,76.0,0.82445234,0.17554766
9.0,76.25,0.8379731,0.16202688
9.0,76.5,0.8285433,0.1714567
9.0,76.75,0.22611617,0.7738838
9.0,77.0,0.8093403,0.1906597
9.0,77.25,0.8537728,0.14622718
9.0,77.5,0.8169568,0.18304318
9.0,77.75,0.88026464,0.11973536
9.0,78.0,0.8732847,0.1267153
9.0,78.25,0.80827326,0.19172674
9.0,78.5,0.5026719,0.4973281
9.0,78.75,0.5026719,0.4973281
9.0,79.0,0.502697,0.497303
9.0,79.25,0.5041127,0.49588728
9.0,79.5,0.7576237,0.24237633
9.0,79.75,0.7351303,0.2648697
9.0,80.0,0.48880374,0.51119626
9.0,80.25,0.52419007,0.47580993
9.0,80.5,0.3470924,0.6529076
9.0,80.75,0.8077516,0.1922484
9.0,81.0,0.8441849,0.15581512
9.0,81.25,0.8599402,0.14005983
9.0,81.5,0.84710115,0.15289885
9.0,81.75,0.8441849,0.15581512
9.0,82.0,0.86957496,0.13042504
9.0,82.25,0.8696622,0.13033777
9.0,82.5,0.8715455,0.1284545
9.0,82.75,0.89232695,0.10767305
9.0,83.0,0.871376,0.12862402
9.0,83.25,0.8183722,0.18162781
9.0,83.5,0.7984035,0.2015965
9.0,83.75,0.22021309,0.77978694
9.0,84.0,0.22127251,0.7787275
9.0,84.25,0.22156708,0.7784329
9.0,84.5,0.22111516,0.7788848
9.0,84.75,0.2209115,0.7790885
9.0,85.0,0.22120607,0.77879393
9.0,85.25,0.797284,0.202716
9.0,85.5,0.7984706,0.20152938
9.0,85.75,0.22255479,0.7774452
9.0,86.0,0.22600818,0.7739918
9.0,86.25,0.7969294,0.20307058
9.0,86.5,0.80345273,0.19654727
9.0,86.75,0.8095383,0.1904617
9.0,87.0,0.82772994,0.17227006
9.0,87.25,0.81764066,0.18235934
9.0,87.5,0.8233605,0.1766395
9.0,87.75,0.8143767,0.18562329
9.0,88.0,0.8179759,0.18202412
9.0,88.25,0.8236774,0.17632258
9.0,88.5,0.81806463,0.18193537
9.0,88.75,0.8283153,0.17168468
9.0,89.0,0.823976,0.17602402
9.0,89.25,0.8176377,0.18236232
9.0,89.5,0.8142766,0.18572342
9.0,89.75,0.81802005,0.18197995
9.0,90.0,0.8177179,0.18228209
9.0,90.25,0.8177179,0.18228209
9.0,90.5,0.8083842,0.19161582
9.0,90.75,0.80846274,0.19153726
9.0,91.0,0.80955964,0.19044036
9.0,91.25,0.81487364,0.18512636
9.0,91.5,0.8147455,0.18525451
9.0,91.75,0.80346686,0.19653314
9.0,92.0,0.79810625,0.20189375
9.0,92.25,0.796647,0.20335299
9.0,92.5,0.22569719,0.77430284
9.0,92.75,0.22432224,0.77567774
9.0,93.0,0.22374938,0.7762506
9.0,93.25,0.22668871,0.77331126
9.0,93.5,0.22668871,0.77331126
9.0,93.75,0.22199516,0.7780048
9.0,94.0,0.22077386,0.7792261
9.0,94.25,0.22547537,0.7745246
9.0,94.5,0.22440939,0.7755906
9.0,94.75,0.22440939,0.7755906
9.0,95.0,0.24283947,0.75716054
9.0,95.25,0.22578435,0.77421564
9.0,95.5,0.22578435,0.77421564
9.0,95.75,0.2247704,0.7752296
9.0,96.0,0.80327004,0.19672996
9.25,68.0,0.8582934,0.14170659
9.25,68.25,0.8958758,0.10412419
9.25,68.5,0.92549855,0.074501455
9.25,68.75,0.92601174,0.07398826
9.25,69.0,0.913475,0.08652502
9.25,69.25,0.91008407,0.08991593
9.25,69.5,0.8989229,0.10107708
9.25,69.75,0.8921447,0.10785532
9.25,70.0,0.87452424,0.12547576
9.25,70.25,0.84209967,0.15790033
9.25,70.5,0.83808935,0.16191065
9.25,70.75,0.87599635,0.12400365
9.25,71.0,0.88235235,0.11764765
9.25,71.25,0.90502614,0.09497386
9.25,71.5,0.9083346,0.09166539
9.25,71.75,0.88610435,0.113895655
9.25,72.0,0.85273623,0.14726377
9.25,72.25,0.8285768,0.1714232
9.25,72.5,0.86111724,0.13888276
9.25,72.75,0.8356769,0.16432309
9.25,73.0,0.82444096,0.17555904
9.25,73.25,0.8583755,0.14162451
9.25,73.5,0.8320269,0.1679731
9.25,73.75,0.80333084,0.19666916
9.25,74.0,0.80357134,0.19642866
9.25,74.25,0.79765064,0.20234936
9.25,74.5,0.8034342,0.1965658
9.25,74.75,0.23111896,0.768881
9.25,75.0,0.79711807,0.20288193
9.25,75.25,0.7979656,0.20203441
9.25,75.5,0.7991522,0.2008478
9.25,75.75,0.80357134,0.19642866
9.25,76.0,0.84196365,0.15803635
9.25,76.25,0.8560326,0.14396739
9.25,76.5,0.81478024,0.18521976
9.25,76.75,0.22762923,0.77237076
9.25,77.0,0.8139046,0.18609542
9.25,77.25,0.8931782,0.106821775
9.25,77.5,0.8843255,0.115674496
9.25,77.75,0.8665569,0.13344312
9.25,78.0,0.84556216,0.15443784
9.25,78.25,0.22806439,0.7719356
9.25,78.5,0.22612886,0.7738711
9.25,78.75,0.32611555,0.67388445
9.25,79.0,0.7451702,0.25482982
9.25,79.25,0.5079703,0.49202973
9.25,79.5,0.50327957,0.49672043
9.25,79.75,0.70809776,0.29190224
9.25,80.0,0.26235688,0.7376431
9.25,80.25,0.7305192,0.26948082
9.25,80.5,0.249316,0.750684
9.25,80.75,0.81084484,0.18915516
9.25,81.0,0.83464617,0.16535383
9.25,81.25,0.86123514,0.13876486
9.25,81.5,0.85595405,0.14404595
9.25,81.75,0.8342325,0.16576749
9.25,82.0,0.88235235,0.11764765
9.25,82.25,0.87162,0.12838
9.25,82.5,0.8499708,0.15002918
9.25,82.75,0.8469821,0.15301788
9.25,83.0,0.87083036,0.12916964
9.25,83.25,0.8504446,0.14955539
9.25,83.5,0.8280495,0.17195052
9.25,83.75,0.79743713,0.20256287
9.25,84.0,0.22072832,0.77927166
9.25,84.25,0.22060965,0.77939034
9.25,84.5,0.21955022,0.78044975
9.25,84.75,0.22060965,0.77939034
9.25,85.0,0.22068939,0.7793106
9.25,85.25,0.22068939,0.7793106
9.25,85.5,0.79766107,0.20233893
9.25,85.75,0.22255653,0.77744347
9.25,86.0,0.22241487,0.77758515
9.25,86.25,0.22467533,0.7753247
9.25,86.5,0.79783714,0.20216286
9.25,86.75,0.8032008,0.19679922
9.25,87.0,0.81365687,0.18634313
9.25,87.25,0.8372261,0.1627739
9.25,87.5,0.8475481,0.15245187
9.25,87.75,0.8372261,0.1627739
9.25,88.0,0.8499708,0.15002918
9.25,88.25,0.857972,0.14202797
9.25,88.5,0.8387344,0.16126561
9.25,88.75,0.8237443,0.1762557
9.25,89.0,0.8282838,0.17171621
9.25,89.25,0.8343652,0.16563481
9.25,89.5,0.81802005,0.18197995
9.25,89.75,0.823976,0.17602402
9.25,90.0,0.81802005,0.18197995
9.25,90.25,0.8318586,0.16814142
9.25,90.5,0.81802005,0.18197995
9.25,90.75,0.80966556,0.19033444
9.25,91.0,0.8243215,0.17567849
9.25,91.25,0.8285806,0.17141938
9.25,91.5,0.81832993,0.18167007
9.25,91.75,0.8099167,0.19008332
9.25,92.0,0.8035805,0.19641948
9.25,92.25,0.79778665,0.20221335
9.25,92.5,0.79807764,0.20192236
9.25,92.75,0.22365938,0.7763406
9.25,93.0,0.22392085,0.7760792
9.25,93.25,0.22412795,0.77587205
9.25,93.5,0.7970572,0.20294279
9.25,93.75,0.22095102,0.779049
9.25,94.0,0.21965908,0.7803409
9.25,94.25,0.22512148,0.7748785
9.25,94.5,0.22358459,0.7764154
9.25,94.75,0.22595581,0.77404416
9.25,95.0,0.24003412,0.7599659
9.25,95.25,0.2254825,0.77451754
9.25,95.5,0.22410753,0.7758925
9.25,95.75,0.7959602,0.20403981
9.25,96.0,0.7959602,0.20403981
9.5,68.0,0.8582934,0.14170659
9.5,68.25,0.8671536,0.13284642
9.5,68.5,0.8898681,0.11013192
9.5,68.75,0.9006567,0.0993433
9.5,69.0,0.894074,0.10592598
9.5,69.25,0.9083346,0.09166539
9.5,69.5,0.9003999,0.09960008
9.5,69.75,0.8898681,0.11013192
9.5,70.0,0.8735264,0.1264736
9.5,70.25,0.8443209,0.1556791
9.5,70.5,0.84209967,0.15790033
9.5,70.75,0.88798296,0.112017035
9.5,71.0,0.89561903,0.104380965
9.5,71.25,0.9033557,0.09664428
9.5,71.5,0.89802665,0.101973355
9.5,71.75,0.8679606,0.13203943
9.5,72.0,0.8237078,0.17629218
9.5,72.25,0.80956113,0.19043887
9.5,72.5,0.83554095,0.16445905
9.5,72.75,0.853613,0.14638698
9.5,73.0,0.8424288,0.1575712
9.5,73.25,0.8636182,0.1363818
9.5,73.5,0.8566282,0.14337182
9.5,73.75,0.83919,0.16081
9.5,74.0,0.80967057,0.19032943
9.5,74.25,0.23038419,0.7696158
9.5,74.5,0.22652711,0.7734729
9.5,74.75,0.23111896,0.768881
9.5,75.0,0.22624844,0.77375156
9.5,75.25,0.79765064,0.20234936
9.5,75.5,0.80967057,0.19032943
9.5,75.75,0.80988306,0.19011694
9.5,76.0,0.8283351,0.1716649
9.5,76.25,0.83253175,0.16746825
9.5,76.5,0.80949956,0.19050044
9.5,76.75,0.79806083,0.20193917
9.5,77.0,0.8393524,0.16064757
9.5,77.25,0.9159866,0.0840134
9.5,77.5,0.894856,0.105144024
9.5,77.75,0.84809643,0.15190357
9.5,78.0,0.832473,0.16752702
9.5,78.25,0.7972712,0.20272881
9.5,78.5,0.22770338,0.7722966
9.5,78.75,0.22965066,0.7703493
9.5,79.0,0.23159947,0.76840055
9.5,79.25,0.35483313,0.6451669
9.5,79.5,0.77673024,0.22326976
9.5,79.75,0.7152798,0.28472018
9.5,80.0,0.3465992,0.6534008
9.5,80.25,0.49065256,0.50934744
9.5,80.5,0.3059234,0.6940766
9.5,80.75,0.24036379,0.7596362
9.5,81.0,0.7971422,0.20285779
9.5,81.25,0.82460344,0.17539656
9.5,81.5,0.8441849,0.15581512
9.5,81.75,0.84739363,0.15260637
9.5,82.0,0.88235235,0.11764765
9.5,82.25,0.87575465,0.124245346
9.5,82.5,0.82784694,0.17215306
9.5,82.75,0.80987674,0.19012326
9.5,83.0,0.8144817,0.18551832
9.5,83.25,0.83222896,0.16777104
9.5,83.5,0.81869894,0.18130106
9.5,83.75,0.8036867,0.19631332
9.5,84.0,0.2208133,0.7791867
9.5,84.25,0.22060965,0.77939034
9.5,84.5,0.22060965,0.77939034
9.5,84.75,0.2208133,0.7791867
9.5,85.0,0.2205432,0.7794568
9.5,85.25,0.7978078,0.20219219
9.5,85.5,0.80288976,0.19711024
9.5,85.75,0.80349684,0.19650316
9.5,86.0,0.8135323,0.1864677
9.5,86.25,0.80920666,0.19079334
9.5,86.5,0.80309117,0.19690883
9.5,86.75,0.8139839,0.18601608
9.5,87.0,0.8238494,0.17615062
9.5,87.25,0.8349494,0.16505063
9.5,87.5,0.8414806,0.15851939
9.5,87.75,0.8414806,0.15851939
9.5,88.0,0.86080104,0.13919896
9.5,88.25,0.8503078,0.14969218
9.5,88.5,0.84503794,0.15496206
9.5,88.75,0.83524793,0.16475207
9.5,89.0,0.824401,0.17559898
9.5,89.25,0.8282838,0.17171621
9.5,89.5,0.8343681,0.16563189
9.5,89.75,0.8317339,0.16826612
9.5,90.0,0.8281478,0.17185217
9.5,90.25,0.83752465,0.16247535
9.5,90.5,0.81802005,0.18197995
9.5,90.75,0.80955964,0.19044036
9.5,91.0,0.81853974,0.18146026
9.5,91.25,0.8321239,0.16787612
9.5,91.5,0.8318253,0.16817468
9.5,91.75,0.84187907,0.15812093
9.5,92.0,0.8239427,0.17605728
9.5,92.25,0.79786515,0.20213485
9.5,92.5,0.22429955,0.77570045
9.5,92.75,0.22365938,0.7763406
9.5,93.0,0.79776293,0.20223707
9.5,93.25,0.22154415,0.77845585
9.5,93.5,0.2207305,0.7792695
9.5,93.75,0.22336327,0.7766367
9.5,94.0,0.22277848,0.7772215
9.5,94.25,0.22410753,0.7758925
9.5,94.5,0.22595581,0.77404416
9.5,94.75,0.23987219,0.7601278
9.5,95.0,0.79649276,0.20350724
9.5,95.25,0.80310875,0.19689125
9.5,95.5,0.79595095,0.20404905
9.5,95.75,0.7959602,0.20403981
9.5,96.0,0.796267,0.20373303
9.75,68.0,0.8319893,0.16801071
9.75,68.25,0.88026464,0.11973536
9.75,68.5,0.88823974,0.11176026
9.75,68.75,0.86103517,0.13896483
9.75,69.0,0.88235235,0.11764765
9.75,69.25,0.91623247,0.08376753
9.75,69.5,0.9159866,0.0840134
9.75,69.75,0.88610435,0.113895655
9.75,70.0,0.88026464,0.11973536
9.75,70.25,0.86713,0.13287002
9.75,70.5,0.84752965,0.15247035
9.75,70.75,0.8776808,0.12231922
9.75,71.0,0.8845381,0.115461886
9.75,71.25,0.8791732,0.12082678
9.75,71.5,0.8989229,0.10107708
9.75,71.75,0.8875626,0.11243743
9.75,72.0,0.8663248,0.13367522
9.75,72.25,0.853276,0.14672399
9.75,72.5,0.86043864,0.13956136
9.75,72.75,0.8776808,0.12231922
9.75,73.0,0.8718617,0.1281383
9.75,73.25,0.88026464,0.11973536
9.75,73.5,0.8743547,0.12564528
9.75,73.75,0.8566282,0.14337182
9.75,74.0,0.80357134,0.19642866
9.75,74.25,0.22606131,0.77393866
9.75,74.5,0.23014341,0.7698566
9.75,74.75,0.2292168,0.7707832
9.75,75.0,0.2299972,0.7700028
9.75,75.25,0.7991522,0.2008478
9.75,75.5,0.8031257,0.19687432
9.75,75.75,0.81013876,0.18986124
9.75,76.0,0.8240273,0.1759727
9.75,76.25,0.82844687,0.17155313
9.75,76.5,0.80394447,0.19605553
9.75,76.75,0.8143256,0.18567443
9.75,77.0,0.8389483,0.16105169
9.75,77.25,0.90803516,0.09196484
9.75,77.5,0.8473064,0.15269363
9.75,77.75,0.81885034,0.18114966
9.75,78.0,0.8475304,0.15246958
9.75,78.25,0.8775759,0.122424126
9.75,78.5,0.2274626,0.7725374
9.75,78.75,0.22803494,0.771965
9.75,79.0,0.22923347,0.7707665
9.75,79.25,0.3135433,0.6864567
9.75,79.5,0.58865184,0.41134816
9.75,79.75,0.50831366,0.49168634
9.75,80.0,0.42905357,0.57094646
9.75,80.25,0.24647957,0.7535204
9.75,80.5,0.7387341,0.26126587
9.75,80.75,0.8071384,0.19286162
9.75,81.0,0.80348307,0.19651693
9.75,81.25,0.7980941,0.2019059
9.75,81.5,0.81011134,0.18988866
9.75,81.75,0.8379731,0.16202688
9.75,82.0,0.8342325,0.16576749
9.75,82.25,0.83157,0.16842997
9.75,82.5,0.80333,0.19667
9.75,82.75,0.809433,0.19056702
9.75,83.0,0.2529298,0.7470702
9.75,83.25,0.24303831,0.7569617
9.75,83.5,0.7966648,0.20333523
9.75,83.75,0.79793805,0.20206195
9.75,84.0,0.22080964,0.77919036
9.75,84.25,0.22020102,0.779799
9.75,84.5,0.22087985,0.77912015
9.75,84.75,0.22066346,0.7793366
9.75,85.0,0.22080964,0.77919036
9.75,85.25,0.79766107,0.20233893
9.75,85.5,0.7975261,0.20247388
9.75,85.75,0.80349684,0.19650316
9.75,86.0,0.83116287,0.16883713
9.75,86.25,0.8447385,0.15526152
9.75,86.5,0.83886814,0.16113186
9.75,86.75,0.8282825,0.17171752
9.75,87.0,0.81827617,0.18172383
9.75,87.25,0.8314353,0.16856468
9.75,87.5,0.8447385,0.15526152
9.75,87.75,0.8568185,0.1431815
9.75,88.0,0.8656743,0.13432568
9.75,88.25,0.8587455,0.14125448
9.75,88.5,0.8449806,0.1550194
9.75,88.75,0.8469821,0.15301788
9.75,89.0,0.8421358,0.15786421
9.75,89.25,0.8183632,0.18163681
9.75,89.5,0.824401,0.17559898
9.75,89.75,0.8421358,0.15786421
9.75,90.0,0.82858104,0.17141896
9.75,90.25,0.8279718,0.17202818
9.75,90.5,0.8179575,0.18204248
9.75,90.75,0.81828535,0.18171465
9.75,91.0,0.8285806,0.17141938
9.75,91.25,0.83469063,0.16530937
9.75,91.5,0.83788854,0.16211146
9.75,91.75,0.8318253,0.16817468
9.75,92.0,0.809475,0.190525
9.75,92.25,0.21856086,0.7814391
9.75,92.5,0.22310075,0.7768992
9.75,92.75,0.79776293,0.20223707
9.75,93.0,0.79776293,0.20223707
9.75,93.25,0.79778665,0.20221335
9.75,93.5,0.7971796,0.20282042
9.75,93.75,0.22059855,0.7794014
9.75,94.0,0.79776293,0.20223707
9.75,94.25,0.22459507,0.77540493
9.75,94.5,0.22459507,0.77540493
9.75,94.75,0.2243336,0.7756664
9.75,95.0,0.7968547,0.20314533
9.75,95.25,0.81447655,0.18552345
9.75,95.5,0.22080317,0.77919686
9.75,95.75,0.22412176,0.77587825
9.75,96.0,0.8035391,0.1964609
10.0,68.0,0.8418936,0.15810639
10.0,68.25,0.89423615,0.10576385
10.0,68.5,0.9108291,0.08917087
10.0,68.75,0.89423615,0.10576385
10.0,69.0,0.8898681,0.11013192
10.0,69.25,0.88798296,0.112017035
10.0,69.5,0.8958758,0.10412419
10.0,69.75,0.89292145,0.10707855
10.0,70.0,0.89240146,0.10759854
10.0,70.25,0.87452424,0.12547576
10.0,70.5,0.838049,0.161951
10.0,70.75,0.85677224,0.14322776
10.0,71.0,0.86573374,0.13426626
10.0,71.25,0.80899996,0.19100004
10.0,71.5,0.83409995,0.16590005
10.0,71.75,0.8735264,0.1264736
10.0,72.0,0.8579328,0.1420672
10.0,72.25,0.8648561,0.13514388
10.0,72.5,0.8735264,0.1264736
10.0,72.75,0.8845381,0.115461886
10.0,73.0,0.88610435,0.113895655
10.0,73.25,0.8931782,0.106821775
10.0,73.5,0.87007344,0.12992656
10.0,73.75,0.8583755,0.14162451
10.0,74.0,0.8186562,0.1813438
10.0,74.25,0.7982077,0.2017923
10.0,74.5,0.22169523,0.77830476
10.0,74.75,0.22640692,0.77359307
10.0,75.0,0.22599924,0.77400076
10.0,75.25,0.22113325,0.77886677
10.0,75.5,0.7983201,0.20167989
10.0,75.75,0.81807137,0.18192863
10.0,76.0,0.81807137,0.18192863
10.0,76.25,0.82455987,0.17544013
10.0,76.5,0.79797024,0.20202976
10.0,76.75,0.80955654,0.19044346
10.0,77.0,0.8393524,0.16064757
10.0,77.25,0.89423615,0.10576385
10.0,77.5,0.82460344,0.17539656
10.0,77.75,0.8393524,0.16064757
10.0,78.0,0.89253825,0.10746175
10.0,78.25,0.9037493,0.09625071
10.0,78.5,0.8567235,0.14327651
10.0,78.75,0.83503973,0.16496027
10.0,79.0,0.8100264,0.1899736
10.0,79.25,0.25562477,0.7443752
10.0,79.5,0.24943696,0.750563
10.0,79.75,0.24465252,0.7553475
10.0,80.0,0.29585132,0.70414865
10.0,80.25,0.29552728,0.7044727
10.0,80.5,0.33988255,0.66011745
10.0,80.75,0.83485156,0.16514844
10.0,81.0,0.81832576,0.18167424
10.0,81.25,0.7967278,0.20327222
10.0,81.5,0.7967138,0.20328617
10.0,81.75,0.8095075,0.19049251
10.0,82.0,0.8379533,0.16204667
10.0,82.25,0.8241985,0.17580152
10.0,82.5,0.27170706,0.72829294
10.0,82.75,0.26477748,0.7352225
10.0,83.0,0.22690411,0.7730959
10.0,83.25,0.7980196,0.20198041
10.0,83.5,0.8036867,0.19631332
10.0,83.75,0.79737926,0.20262074
10.0,84.0,0.21693261,0.7830674
10.0,84.25,0.21457666,0.78542334
10.0,84.5,0.21527508,0.78472495
10.0,84.75,0.21972142,0.78027856
10.0,85.0,0.21593066,0.78406936
10.0,85.25,0.21556965,0.7844304
10.0,85.5,0.7975261,0.20247388
10.0,85.75,0.81393224,0.18606776
10.0,86.0,0.8314353,0.16856468
10.0,86.25,0.8314353,0.16856468
10.0,86.5,0.8414806,0.15851939
10.0,86.75,0.83859843,0.16140157
10.0,87.0,0.8349494,0.16505063
10.0,87.25,0.83508533,0.16491467
10.0,87.5,0.856649,0.14335102
10.0,87.75,0.86747485,0.13252515
10.0,88.0,0.8727037,0.12729633
10.0,88.25,0.86747485,0.13252515
10.0,88.5,0.8418372,0.15816277
10.0,88.75,0.8281478,0.17185217
10.0,89.0,0.82858104,0.17141896
10.0,89.25,0.8188742,0.18112582
10.0,89.5,0.80973244,0.19026756
10.0,89.75,0.83903295,0.16096705
10.0,90.0,0.8445151,0.15548491
10.0,90.25,0.8314614,0.16853857
10.0,90.5,0.8282838,0.17171621
10.0,90.75,0.8285491,0.17145091
10.0,91.0,0.8321239,0.16787612
10.0,91.25,0.83486015,0.16513985
10.0,91.5,0.8416494,0.15835059
10.0,91.75,0.8239427,0.17605728
10.0,92.0,0.7981486,0.20185143
10.0,92.25,0.21541037,0.78458965
10.0,92.5,0.21216635,0.78783363
10.0,92.75,0.79778665,0.20221335
10.0,93.0,0.7975898,0.20241022
10.0,93.25,0.8035805,0.19641948
10.0,93.5,0.8032617,0.1967383
10.0,93.75,0.8032617,0.1967383
10.0,94.0,0.79778665,0.20221335
10.0,94.25,0.7958857,0.20411432
10.0,94.5,0.21902795,0.78097206
10.0,94.75,0.7968547,0.20314533
10.0,95.0,0.21639438,0.78360564
10.0,95.25,0.21654369,0.7834563
10.0,95.5,0.21586575,0.78413427
10.0,95.75,0.21886602,0.781134
10.0,96.0,0.80933905,0.19066095
10.25,68.0,0.8140297,0.1859703
10.25,68.25,0.87753487,0.12246513
10.25,68.5,0.919729,0.080271006
10.25,68.75,0.9036125,0.096387506
10.25,69.0,0.89802665,0.101973355
10.25,69.25,0.8791732,0.12082678
10.25,69.5,0.850034,0.149966
10.25,69.75,0.824148,0.175852
10.25,70.0,0.85317034,0.14682966
10.25,70.25,0.88230014,0.11769986
10.25,70.5,0.850034,0.149966
10.25,70.75,0.80882394,0.19117606
10.25,71.0,0.8025645,0.1974355
10.25,71.25,0.25947866,0.7405213
10.25,71.5,0.7973057,0.2026943
10.25,71.75,0.8092226,0.19077742
10.25,72.0,0.82413286,0.17586714
10.25,72.25,0.853276,0.14672399
10.25,72.5,0.8476353,0.15236467
10.25,72.75,0.8743547,0.12564528
10.25,73.0,0.89240146,0.10759854
10.25,73.25,0.90803516,0.09196484
10.25,73.5,0.89802665,0.101973355
10.25,73.75,0.8679606,0.13203943
10.25,74.0,0.8186562,0.1813438
10.25,74.25,0.21618617,0.78381383
10.25,74.5,0.21789995,0.7821001
10.25,74.75,0.21789995,0.7821001
10.25,75.0,0.22161081,0.7783892
10.25,75.25,0.22403423,0.77596575
10.25,75.5,0.2193729,0.78062713
10.25,75.75,0.8037125,0.19628751
10.25,76.0,0.81478024,0.18521976
10.25,76.25,0.81814134,0.18185866
10.25,76.5,0.79937255,0.20062745
10.25,76.75,0.80357134,0.19642866
10.25,77.0,0.8280798,0.17192018
10.25,77.25,0.8476492,0.15235078
10.25,77.5,0.8278818,0.17211819
10.25,77.75,0.8642774,0.13572258
10.25,78.0,0.88026464,0.11973536
10.25,78.25,0.91648924,0.08351076
10.25,78.5,0.90502614,0.09497386
10.25,78.75,0.8795668,0.12043321
10.25,79.0,0.8348702,0.16512978
10.25,79.25,0.21768324,0.78231674
10.25,79.5,0.22651537,0.77348465
10.25,79.75,0.22636919,0.7736308
10.25,80.0,0.23521818,0.76478183
10.25,80.25,0.23606169,0.7639383
10.25,80.5,0.26685363,0.73314637
10.25,80.75,0.82105076,0.17894924
10.25,81.0,0.8144983,0.1855017
10.25,81.25,0.83151275,0.16848725
10.25,81.5,0.8184145,0.18158549
10.25,81.75,0.21938413,0.78061587
10.25,82.0,0.7963836,0.20361638
10.25,82.25,0.8084106,0.19158942
10.25,82.5,0.23699622,0.76300377
10.25,82.75,0.21970329,0.7802967
10.25,83.0,0.21927732,0.7807227
10.25,83.25,0.21155362,0.78844637
10.25,83.5,0.21317805,0.78682196
10.25,83.75,0.21673574,0.7832643
10.25,84.0,0.21673574,0.7832643
10.25,84.25,0.21090993,0.78909004
10.25,84.5,0.2111336,0.7888664
10.25,84.75,0.21186976,0.7881302
10.25,85.0,0.2120538,0.7879462
10.25,85.25,0.2078478,0.79215217
10.25,85.5,0.21083903,0.78916097
10.25,85.75,0.797284,0.202716
10.25,86.0,0.79734254,0.20265746
10.25,86.25,0.8033645,0.19663548
10.25,86.5,0.8141484,0.18585157
10.25,86.75,0.82410246,0.17589754
10.25,87.0,0.82801676,0.17198324
10.25,87.25,0.83779275,0.16220725
10.25,87.5,0.857972,0.14202797
10.25,87.75,0.871376,0.12862402
10.25,88.0,0.8740385,0.12596148
10.25,88.25,0.86713785,0.13286215
10.25,88.5,0.8587455,0.14125448
10.25,88.75,0.8393011,0.16069889
10.25,89.0,0.81825805,0.18174195
10.25,89.25,0.8038781,0.19612187
10.25,89.5,0.79928946,0.20071054
10.25,89.75,0.8146753,0.18532473
10.25,90.0,0.83752465,0.16247535
10.25,90.25,0.8475481,0.15245187
10.25,90.5,0.84503704,0.15496296
10.25,90.75,0.841948,0.15805203
10.25,91.0,0.8342935,0.16570652
10.25,91.25,0.8451174,0.15488261
10.25,91.5,0.8450038,0.15499622
10.25,91.75,0.8343921,0.16560793
10.25,92.0,0.81014496,0.18985504
10.25,92.25,0.21213998,0.78786004
10.25,92.5,0.21545854,0.7845415
10.25,92.75,0.79778665,0.20221335
10.25,93.0,0.8035805,0.19641948
10.25,93.25,0.80370736,0.19629264
10.25,93.5,0.80956167,0.19043833
10.25,93.75,0.8147455,0.18525451
10.25,94.0,0.80336845,0.19663155
10.25,94.25,0.7962959,0.20370412
10.25,94.5,0.80310875,0.19689125
10.25,94.75,0.21279998,0.78720003
10.25,95.0,0.21263805,0.787362
10.25,95.25,0.21210629,0.7878937
10.25,95.5,0.2119601,0.7880399
10.25,95.75,0.79646903,0.20353097
10.25,96.0,0.8149215,0.1850785
10.5,68.0,0.24821438,0.75178564
10.5,68.25,0.8241716,0.1758284
10.5,68.5,0.9036125,0.096387506
10.5,68.75,0.9085914,0.09140861
10.5,69.0,0.9175148,0.0824852
10.5,69.25,0.9157579,0.084242105
10.5,69.5,0.83409995,0.16590005
10.5,69.75,0.8141788,0.18582118
10.5,70.0,0.86101156,0.13898844
10.5,70.25,0.8776808,0.12231922
10.5,70.5,0.8450394,0.15496057
10.5,70.75,0.8028833,0.19711667
10.5,71.0,0.24922468,0.75077534
10.5,71.25,0.24922468,0.75077534
10.5,71.5,0.80879056,0.19120944
10.5,71.75,0.841511,0.15848899
10.5,72.0,0.850034,0.149966
10.5,72.25,0.83207136,0.16792864
10.5,72.5,0.814916,0.18508399
10.5,72.75,0.8569652,0.14303482
10.5,73.0,0.894074,0.10592598
10.5,73.25,0.908294,0.09170598
10.5,73.5,0.90356165,0.09643835
10.5,73.75,0.8566282,0.14337182
10.5,74.0,0.79806083,0.20193917
10.5,74.25,0.2167301,0.7832699
10.5,74.5,0.21565498,0.78434503
10.5,74.75,0.21524733,0.78475267
10.5,75.0,0.22155446,0.77844554
10.5,75.25,0.22155446,0.77844554
10.5,75.5,0.219578,0.780422
10.5,75.75,0.21721055,0.78278947
10.5,76.0,0.8087256,0.1912744
10.5,76.25,0.80973154,0.19026846
10.5,76.5,0.7991522,0.2008478
10.5,76.75,0.79765064,0.20234936
10.5,77.0,0.8247294,0.17527062
10.5,77.25,0.81800884,0.18199116
10.5,77.5,0.856893,0.143107
10.5,77.75,0.8449034,0.15509659
10.5,78.0,0.82821566,0.17178434
10.5,78.25,0.89073414,0.109265864
10.5,78.5,0.9052743,0.09472573
10.5,78.75,0.8587475,0.14125252
10.5,79.0,0.7991362,0.20086378
10.5,79.25,0.21499759,0.7850024
10.5,79.5,0.21668603,0.783314
10.5,79.75,0.21501383,0.78498614
10.5,80.0,0.22176105,0.77823895
10.5,80.25,0.22451904,0.775481
10.5,80.5,0.22589396,0.774106
10.5,80.75,0.8069497,0.19305032
10.5,81.0,0.8441849,0.15581512
10.5,81.25,0.8418305,0.15816951
10.5,81.5,0.80357134,0.19642866
10.5,81.75,0.21281607,0.78718394
10.5,82.0,0.21790572,0.7820943
10.5,82.25,0.21891966,0.78108037
10.5,82.5,0.24095893,0.7590411
10.5,82.75,0.21859914,0.78140086
10.5,83.0,0.2120902,0.7879098
10.5,83.25,0.20885774,0.7911422
10.5,83.5,0.21064523,0.7893548
10.5,83.75,0.21096137,0.78903866
10.5,84.0,0.21556588,0.78443414
10.5,84.25,0.21694078,0.78305924
10.5,84.5,0.20962536,0.79037464
10.5,84.75,0.21582735,0.78417265
10.5,85.0,0.7975761,0.20242387
10.5,85.25,0.79766107,0.20233893
10.5,85.5,0.7984706,0.20152938
10.5,85.75,0.21480851,0.7851915
10.5,86.0,0.21533145,0.78466856
10.5,86.25,0.8092635,0.19073647
10.5,86.5,0.83116287,0.16883713
10.5,86.75,0.81824064,0.18175936
10.5,87.0,0.8143767,0.18562329
10.5,87.25,0.8279852,0.17201477
10.5,87.5,0.83406955,0.16593045
10.5,87.75,0.8469821,0.15301788
10.5,88.0,0.8587455,0.14125448
10.5,88.25,0.8588642,0.14113581
10.5,88.5,0.8624259,0.13757408
10.5,88.75,0.8449011,0.15509892
10.5,89.0,0.82414794,0.17585206
10.5,89.25,0.80389136,0.19610864
10.5,89.5,0.79765314,0.20234686
10.5,89.75,0.8037675,0.1962325
10.5,90.0,0.8101793,0.1898207
10.5,90.25,0.83786166,0.16213834
10.5,90.5,0.8532968,0.14670318
10.5,90.75,0.8346334,0.16536659
10.5,91.0,0.83172673,0.16827327
10.5,91.25,0.8356492,0.16435081
10.5,91.5,0.8417459,0.15825409
10.5,91.75,0.8282505,0.17174947
10.5,92.0,0.8034789,0.1965211
10.5,92.25,0.7988904,0.20110959
10.5,92.5,0.211121,0.78887904
10.5,92.75,0.21533011,0.7846699
10.5,93.0,0.79776293,0.20223707
10.5,93.25,0.8031003,0.19689971
10.5,93.5,0.80933905,0.19066095
10.5,93.75,0.82793856,0.17206144
10.5,94.0,0.83433485,0.16566515
10.5,94.25,0.80310875,0.19689125
10.5,94.5,0.7958857,0.20411432
10.5,94.75,0.21163012,0.7883699
10.5,95.0,0.21077628,0.78922373
10.5,95.25,0.7979736,0.20202643
10.5,95.5,0.80301034,0.19698966
10.5,95.75,0.8175372,0.18246281
10.5,96.0,0.8142539,0.18574607
10.75,68.0,0.24363843,0.7563616
10.75,68.25,0.7980618,0.20193821
10.75,68.5,0.8095832,0.19041681
10.75,68.75,0.8346363,0.16536373
10.75,69.0,0.8989229,0.10107708
10.75,69.25,0.91008407,0.08991593
10.75,69.5,0.824148,0.175852
10.75,69.75,0.79675555,0.20324445
10.75,70.0,0.85449654,0.14550346
10.75,70.25,0.8875626,0.11243743
10.75,70.5,0.87452424,0.12547576
10.75,70.75,0.824148,0.175852
10.75,71.0,0.24464871,0.7553513
10.75,71.25,0.24464871,0.7553513
10.75,71.5,0.8180063,0.18199372
10.75,71.75,0.8322154,0.16778457
10.75,72.0,0.8091359,0.19086409
10.75,72.25,0.79711807,0.20288193
10.75,72.5,0.8171985,0.18280149
10.75,72.75,0.8501397,0.14986032
10.75,73.0,0.8636182,0.1363818
10.75,73.25,0.88230014,0.11769986
10.75,73.5,0.8733569,0.12664312
10.75,73.75,0.84533006,0.15466994
10.75,74.0,0.8033563,0.19664371
10.75,74.25,0.219138,0.780862
10.75,74.5,0.219138,0.780862
10.75,74.75,0.21887653,0.78112346
10.75,75.0,0.21826111,0.7817389
10.75,75.25,0.21299817,0.78700185
10.75,75.5,0.21641953,0.7835805
10.75,75.75,0.21890387,0.7810961
10.75,76.0,0.7963512,0.2036488
10.75,76.25,0.8039354,0.19606459
10.75,76.5,0.8038086,0.19619137
10.75,76.75,0.797871,0.202129
10.75,77.0,0.21694967,0.7830503
10.75,77.25,0.21647976,0.7835202
10.75,77.5,0.8039143,0.19608569
10.75,77.75,0.8035976,0.19640237
10.75,78.0,0.8143825,0.1856175
10.75,78.25,0.82838845,0.17161155
10.75,78.5,0.9057603,0.09423971
10.75,78.75,0.87102354,0.12897646
10.75,79.0,0.21128964,0.78871036
10.75,79.25,0.8047268,0.19527322
10.75,79.5,0.8104449,0.18955511
10.75,79.75,0.21537217,0.7846278
10.75,80.0,0.22033446,0.7796655
10.75,80.25,0.2243168,0.77568316
10.75,80.5,0.21631193,0.78368807
10.75,80.75,0.21540266,0.78459734
10.75,81.0,0.82445234,0.17554766
10.75,81.25,0.8283351,0.1716649
10.75,81.5,0.80956113,0.19043887
10.75,81.75,0.21159057,0.7884094
10.75,82.0,0.21099071,0.7890093
10.75,82.25,0.21065228,0.7893477
10.75,82.5,0.21060374,0.7893963
10.75,82.75,0.21071227,0.78928775
10.75,83.0,0.21357147,0.7864285
10.75,83.25,0.20997472,0.7900253
10.75,83.5,0.20880972,0.79119027
10.75,83.75,0.21437818,0.7856218
10.75,84.0,0.21549161,0.7845084
10.75,84.25,0.2141167,0.7858833
10.75,84.5,0.2095122,0.79048777
10.75,84.75,0.21437818,0.7856218
10.75,85.0,0.20951653,0.7904835
10.75,85.25,0.21306999,0.78693
10.75,85.5,0.797284,0.202716
10.75,85.75,0.7964365,0.20356351
10.75,86.0,0.21354385,0.78645617
10.75,86.25,0.21354385,0.78645617
10.75,86.5,0.7969294,0.20307058
10.75,86.75,0.80356735,0.19643265
10.75,87.0,0.81806463,0.18193537
10.75,87.25,0.82410246,0.17589754
10.75,87.5,0.82784927,0.17215073
10.75,87.75,0.8349494,0.16505063
10.75,88.0,0.84235394,0.15764606
10.75,88.25,0.83852327,0.16147673
10.75,88.5,0.84749955,0.15250045
10.75,88.75,0.8426096,0.15739042
10.75,89.0,0.81430066,0.18569934
10.75,89.25,0.79745626,0.20254374
10.75,89.5,0.7976294,0.20237058
10.75,89.75,0.8041064,0.19589359
10.75,90.0,0.809849,0.19015098
10.75,90.25,0.81475914,0.18524086
10.75,90.5,0.8343681,0.16563189
10.75,90.75,0.8356492,0.16435081
10.75,91.0,0.8356492,0.16435081
10.75,91.25,0.8285491,0.17145091
10.75,91.5,0.82828206,0.17171794
10.75,91.75,0.8283623,0.17163771
10.75,92.0,0.8037206,0.1962794
10.75,92.25,0.8149738,0.18502623
10.75,92.5,0.80912966,0.19087034
10.75,92.75,0.82811457,0.17188543
10.75,93.0,0.81412935,0.18587065
10.75,93.25,0.7991325,0.20086747
10.75,93.5,0.79929554,0.20070446
10.75,93.75,0.81019807,0.18980193
10.75,94.0,0.8094378,0.19056219
10.75,94.25,0.7979736,0.20202643
10.75,94.5,0.7978386,0.20216137
10.75,94.75,0.79800165,0.20199835
10.75,95.0,0.7984877,0.20151228
10.75,95.25,0.21048546,0.78951454
10.75,95.5,0.8091182,0.19088179
10.75,95.75,0.8318995,0.16810048
10.75,96.0,0.8231104,0.1768896
11.0,68.0,0.80924255,0.19075745
11.0,68.25,0.8312169,0.16878313
11.0,68.5,0.814032,0.18596798
11.0,68.75,0.8142024,0.18579757
11.0,69.0,0.8280392,0.17196077
11.0,69.25,0.87627673,0.12372327
11.0,69.5,0.8659905,0.13400948
11.0,69.75,0.85051835,0.14948165
11.0,70.0,0.84972584,0.15027416
11.0,70.25,0.86738676,0.13261324
11.0,70.5,0.86101156,0.13898844
11.0,70.75,0.8095776,0.19042242
11.0,71.0,0.24429214,0.75570786
11.0,71.25,0.24379966,0.7562003
11.0,71.5,0.80333525,0.19666475
11.0,71.75,0.22958328,0.77041674
11.0,72.0,0.79700035,0.20299965
11.0,72.25,0.79734635,0.20265365
11.0,72.5,0.8037204,0.19627959
11.0,72.75,0.8145696,0.18543041
11.0,73.0,0.82469404,0.17530596
11.0,73.25,0.83781767,0.16218233
11.0,73.5,0.8424288,0.1575712
11.0,73.75,0.80978376,0.19021624
11.0,74.0,0.2193815,0.7806185
11.0,74.25,0.21878141,0.7812186
11.0,74.5,0.79765064,0.20234936
11.0,74.75,0.80366814,0.19633186
11.0,75.0,0.22983979,0.7701602
11.0,75.25,0.21622923,0.7837708
11.0,75.5,0.21422136,0.78577864
11.0,75.75,0.23678996,0.76321006
11.0,76.0,0.2183447,0.7816553
11.0,76.25,0.21586241,0.7841376
11.0,76.5,0.8237956,0.17620438
11.0,76.75,0.8238998,0.1761002
11.0,77.0,0.7987177,0.20128232
11.0,77.25,0.79558665,0.20441335
11.0,77.5,0.8035094,0.19649059
11.0,77.75,0.8032677,0.19673228
11.0,78.0,0.82800466,0.17199534
11.0,78.25,0.8748036,0.1251964
11.0,78.5,0.92700464,0.072995365
11.0,78.75,0.8990023,0.10099769
11.0,79.0,0.79974204,0.20025796
11.0,79.25,0.8667771,0.13322288
11.0,79.5,0.86665845,0.13334155
11.0,79.75,0.21428435,0.78571564
11.0,80.0,0.7974479,0.20255208
11.0,80.25,0.8037468,0.19625318
11.0,80.5,0.2148279,0.7851721
11.0,80.75,0.21358019,0.7864198
11.0,81.0,0.80372447,0.19627553
11.0,81.25,0.8143825,0.1856175
11.0,81.5,0.81830937,0.18169063
11.0,81.75,0.21029569,0.7897043
11.0,82.0,0.21061166,0.78938836
11.0,82.25,0.21029569,0.7897043
11.0,82.5,0.21026272,0.7897373
11.0,82.75,0.21068823,0.78931177
11.0,83.0,0.21057934,0.78942066
11.0,83.25,0.21544531,0.7845547
11.0,83.5,0.21057934,0.78942066
11.0,83.75,0.21465492,0.7853451
11.0,84.0,0.21589248,0.7841075
11.0,84.25,0.21654879,0.7834512
11.0,84.5,0.21487859,0.78512144
11.0,84.75,0.20948365,0.7905164
11.0,85.0,0.2094843,0.7905157
11.0,85.25,0.21294306,0.7870569
11.0,85.5,0.21353124,0.78646874
11.0,85.75,0.79727185,0.20272815
11.0,86.0,0.7973546,0.20264542
11.0,86.25,0.7974459,0.2025541
11.0,86.5,0.7971263,0.2028737
11.0,86.75,0.7971263,0.2028737
11.0,87.0,0.8341268,0.16587323
11.0,87.25,0.856312,0.14368802
11.0,87.5,0.8660086,0.13399142
11.0,87.75,0.86654675,0.13345325
11.0,88.0,0.8390587,0.1609413
11.0,88.25,0.8239277,0.1760723
11.0,88.5,0.82831985,0.17168015
11.0,88.75,0.82374483,0.17625517
11.0,89.0,0.80984753,0.19015247
11.0,89.25,0.79969454,0.20030546
11.0,89.5,0.79969454,0.20030546
11.0,89.75,0.8042514,0.19574863
11.0,90.0,0.8043893,0.1956107
11.0,90.25,0.8101686,0.18983138
11.0,90.5,0.824401,0.17559898
11.0,90.75,0.83172673,0.16827327
11.0,91.0,0.8424011,0.15759891
11.0,91.25,0.8447804,0.15521961
11.0,91.5,0.8314282,0.16857183
11.0,91.75,0.84481883,0.15518117
11.0,92.0,0.8421025,0.15789747
11.0,92.25,0.83560103,0.16439897
11.0,92.5,0.8354666,0.16453338
11.0,92.75,0.8421025,0.15789747
11.0,93.0,0.8182248,0.18177521
11.0,93.25,0.80373365,0.19626635
11.0,93.5,0.8315246,0.16847539
11.0,93.75,0.8450038,0.15499622
11.0,94.0,0.82270676,0.17729324
11.0,94.25,0.8451272,0.15487278
11.0,94.5,0.8550068,0.14499319
11.0,94.75,0.8448678,0.15513217
11.0,95.0,0.8229826,0.17701739
11.0,95.25,0.80337554,0.19662446
11.0,95.5,0.8034942,0.19650578
11.0,95.75,0.83514994,0.16485006
11.0,96.0,0.8565773,0.14342272
11.25,68.0,0.80924255,0.19075745
11.25,68.25,0.82426715,0.17573285
11.25,68.5,0.8279033,0.17209673
11.25,68.75,0.8415346,0.15846539
11.25,69.0,0.86035657,0.13964343
11.25,69.25,0.9003999,0.09960008
11.25,69.5,0.89776987,0.10223013
11.25,69.75,0.86713,0.13287002
11.25,70.0,0.838049,0.161951
11.25,70.25,0.80927813,0.19072187
11.25,70.5,0.8030958,0.19690418
11.25,70.75,0.24031685,0.75968313
11.25,71.0,0.23959617,0.7604038
11.25,71.25,0.23983122,0.7601688
11.25,71.5,0.22897102,0.771029
11.25,71.75,0.7996132,0.20038682
11.25,72.0,0.818606,0.18139398
11.25,72.25,0.81856745,0.18143255
11.25,72.5,0.8037612,0.19623882
11.25,72.75,0.8145696,0.18543041
11.25,73.0,0.8191672,0.1808328
11.25,73.25,0.82469404,0.17530596
11.25,73.5,0.853613,0.14638698
11.25,73.75,0.8191672,0.1808328
11.25,74.0,0.21581239,0.7841876
11.25,74.25,0.21783985,0.78216016
11.25,74.5,0.81013876,0.18986124
11.25,74.75,0.8081823,0.1918177
11.25,75.0,0.2185994,0.7814006
11.25,75.25,0.2185994,0.7814006
11.25,75.5,0.21996397,0.78003603
11.25,75.75,0.27928028,0.7207197
11.25,76.0,0.21685258,0.78314745
11.25,76.25,0.7979297,0.2020703
11.25,76.5,0.8445664,0.1554336
11.25,76.75,0.88860315,0.11139685
11.25,77.0,0.8826091,0.11739087
11.25,77.25,0.8280497,0.17195028
11.25,77.5,0.86549205,0.13450795
11.25,77.75,0.84274733,0.15725267
11.25,78.0,0.8881704,0.11182958
11.25,78.25,0.90074265,0.09925735
11.25,78.5,0.936981,0.06301898
11.25,78.75,0.90691745,0.09308255
11.25,79.0,0.8005493,0.19945067
11.25,79.25,0.82934874,0.17065126
11.25,79.5,0.8107804,0.1892196
11.25,79.75,0.21462314,0.78537685
11.25,80.0,0.83189905,0.16810095
11.25,80.25,0.8537792,0.1462208
11.25,80.5,0.81426144,0.18573856
11.25,80.75,0.7981842,0.20181578
11.25,81.0,0.83954823,0.16045177
11.25,81.25,0.86677545,0.13322455
11.25,81.5,0.8645765,0.13542348
11.25,81.75,0.8151585,0.18484151
11.25,82.0,0.20927571,0.7907243
11.25,82.25,0.20927571,0.7907243
11.25,82.5,0.2092275,0.7907725
11.25,82.75,0.2092275,0.7907725
11.25,83.0,0.20950304,0.79049695
11.25,83.25,0.20974013,0.79025984
11.25,83.5,0.20989925,0.79010075
11.25,83.75,0.2086888,0.7913112
11.25,84.0,0.20835724,0.7916428
11.25,84.25,0.2141985,0.78580153
11.25,84.5,0.2141985,0.78580153
11.25,84.75,0.20866622,0.7913338
11.25,85.0,0.20947419,0.7905258
11.25,85.25,0.7976532,0.2023468
11.25,85.5,0.20933253,0.7906675
11.25,85.75,0.79727185,0.20272815
11.25,86.0,0.7975708,0.20242918
11.25,86.25,0.8039977,0.1960023
11.25,86.5,0.8142063,0.1857937
11.25,86.75,0.8236774,0.17632258
11.25,87.0,0.8473191,0.15268087
11.25,87.25,0.8645399,0.13546008
11.25,87.5,0.8823116,0.11768842
11.25,87.75,0.88900244,0.11099756
11.25,88.0,0.87334937,0.12665063
11.25,88.25,0.8545482,0.14545178
11.25,88.5,0.8447275,0.15527248
11.25,88.75,0.8393011,0.16069889
11.25,89.0,0.82399905,0.17600095
11.25,89.25,0.8095608,0.19043922
11.25,89.5,0.8097617,0.1902383
11.25,89.75,0.8094421,0.1905579
11.25,90.0,0.80063164,0.19936836
11.25,90.25,0.8037642,0.19623578
11.25,90.5,0.8245521,0.17544788
11.25,90.75,0.8285491,0.17145091
11.25,91.0,0.8284131,0.17158687
11.25,91.25,0.83172673,0.16827327
11.25,91.5,0.8317006,0.16829938
11.25,91.75,0.8389997,0.16100031
11.25,92.0,0.8318995,0.16810048
11.25,92.25,0.8478134,0.15218657
11.25,92.5,0.8675218,0.13247818
11.25,92.75,0.87095886,0.12904114
11.25,93.0,0.84261924,0.15738076
11.25,93.25,0.8315246,0.16847539
11.25,93.5,0.8762598,0.123740196
11.25,93.75,0.8840815,0.11591852
11.25,94.0,0.86072934,0.13927066
11.25,94.25,0.87361467,0.12638533
11.25,94.5,0.8743038,0.12569618
11.25,94.75,0.8645869,0.13541311
11.25,95.0,0.8315246,0.16847539
11.25,95.25,0.8312715,0.16872847
11.25,95.5,0.8626912,0.13730878
11.25,95.75,0.8818378,0.118162215
11.25,96.0,0.8764293,0.12357068
11.5,68.0,0.82443666,0.17556334
11.5,68.25,0.814032,0.18596798
11.5,68.5,0.79635096,0.20364904
11.5,68.75,0.79638433,0.20361567
11.5,69.0,0.80233896,0.19766104
11.5,69.25,0.8777044,0.12229562
11.5,69.5,0.9108291,0.08917087
11.5,69.75,0.88798296,0.112017035
11.5,70.0,0.86368203,0.13631797
11.5,70.25,0.8442469,0.15575308
11.5,70.5,0.82424355,0.17575645
11.5,70.75,0.81827104,0.18172896
11.5,71.0,0.23099008,0.76900995
11.5,71.25,0.2304501,0.7695499
11.5,71.5,0.22868332,0.77131665
11.5,71.75,0.79677314,0.20322686
11.5,72.0,0.8025645,0.1974355
11.5,72.25,0.8145696,0.18543041
11.5,72.5,0.8092792,0.1907208
11.5,72.75,0.81474,0.18526
11.5,73.0,0.81831306,0.18168694
11.5,73.25,0.8424288,0.1575712
11.5,73.5,0.8550577,0.14494228
11.5,73.75,0.7979656,0.20203441
11.5,74.0,0.21768296,0.78231704
11.5,74.25,0.79765064,0.20234936
11.5,74.5,0.7967278,0.20327222
11.5,74.75,0.21722832,0.7827717
11.5,75.0,0.21737741,0.7826226
11.5,75.25,0.21590509,0.7840949
11.5,75.5,0.2178773,0.78212273
11.5,75.75,0.20993748,0.79006255
11.5,76.0,0.7979656,0.20203441
11.5,76.25,0.8143338,0.1856662
11.5,76.5,0.8473064,0.15269363
11.5,76.75,0.86754936,0.13245064
11.5,77.0,0.87575465,0.124245346
11.5,77.25,0.837913,0.16208702
11.5,77.5,0.8397388,0.16026121
11.5,77.75,0.8285235,0.17147648
11.5,78.0,0.89253825,0.10746175
11.5,78.25,0.8827459,0.11725408
11.5,78.5,0.9057603,0.09423971
11.5,78.75,0.9081211,0.09187889
11.5,79.0,0.84287125,0.15712875
11.5,79.25,0.83256334,0.16743666
11.5,79.5,0.80188096,0.19811904
11.5,79.75,0.21286586,0.7871342
11.5,80.0,0.83574414,0.16425586
11.5,80.25,0.87370586,0.12629414
11.5,80.5,0.87399924,0.12600076
11.5,80.75,0.8776266,0.1223734
11.5,81.0,0.8822687,0.11773127
11.5,81.25,0.87073016,0.12926984
11.5,81.5,0.85454535,0.14545465
11.5,81.75,0.8317975,0.16820252
11.5,82.0,0.7987177,0.20128232
11.5,82.25,0.20892125,0.79107875
11.5,82.5,0.20887305,0.79112697
11.5,82.75,0.20850152,0.7914985
11.5,83.0,0.20777482,0.7922252
11.5,83.25,0.2082335,0.7917665
11.5,83.5,0.20860504,0.79139495
11.5,83.75,0.20783465,0.79216534
11.5,84.0,0.20813245,0.79186755
11.5,84.25,0.20813245,0.79186755
11.5,84.5,0.21027648,0.7897235
11.5,84.75,0.20747364,0.79252636
11.5,85.0,0.21221201,0.787788
11.5,85.25,0.7985714,0.20142859
11.5,85.5,0.21086466,0.78913534
11.5,85.75,0.79727185,0.20272815
11.5,86.0,0.8179759,0.18202412
11.5,86.25,0.81765896,0.18234104
11.5,86.5,0.8279852,0.17201477
11.5,86.75,0.83859843,0.16140157
11.5,87.0,0.86046404,0.13953596
11.5,87.25,0.8761313,0.123868704
11.5,87.5,0.86761165,0.13238835
11.5,87.75,0.8660086,0.13399142
11.5,88.0,0.8742553,0.1257447
11.5,88.25,0.8757762,0.12422383
11.5,88.5,0.8660086,0.13399142
11.5,88.75,0.8453365,0.1546635
11.5,89.0,0.84527916,0.15472084
11.5,89.25,0.8419998,0.15800017
11.5,89.5,0.8281478,0.17185217
11.5,89.75,0.81405914,0.18594086
11.5,90.0,0.7984214,0.20157862
11.5,90.25,0.8042231,0.19577688
11.5,90.5,0.81500703,0.18499297
11.5,90.75,0.8191395,0.18086052
11.5,91.0,0.8186285,0.18137151
11.5,91.25,0.82859325,0.17140675
11.5,91.5,0.82436776,0.17563224
11.5,91.75,0.84196657,0.15803343
11.5,92.0,0.8859971,0.11400288
11.5,92.25,0.8958013,0.104198694
11.5,92.5,0.87761444,0.12238556
11.5,92.75,0.86445093,0.13554907
11.5,93.0,0.86639255,0.13360745
11.5,93.25,0.84784,0.15215999
11.5,93.5,0.8762598,0.123740196
11.5,93.75,0.8986797,0.10132033
11.5,94.0,0.8908162,0.10918379
11.5,94.25,0.8760415,0.12395853
11.5,94.5,0.87074053,0.12925947
11.5,94.75,0.87095886,0.12904114
11.5,95.0,0.86740315,0.13259685
11.5,95.25,0.8844636,0.11553639
11.5,95.5,0.8858603,0.114139676
11.5,95.75,0.8818378,0.118162215
11.5,96.0,0.8716413,0.12835872
11.75,68.0,0.84212327,0.15787673
11.75,68.25,0.8320695,0.16793048
11.75,68.5,0.8028007,0.19719929
11.75,68.75,0.80233896,0.19766104
11.75,69.0,0.8086926,0.19130743
11.75,69.25,0.80817366,0.19182634
11.75,69.5,0.85818255,0.14181745
11.75,69.75,0.86713,0.13287002
11.75,70.0,0.83827865,0.16172135
11.75,70.25,0.8237078,0.17629218
11.75,70.5,0.81435484,0.18564516
11.75,70.75,0.8095776,0.19042242
11.75,71.0,0.21883394,0.7811661
11.75,71.25,0.22227587,0.77772415
11.75,71.5,0.22216566,0.77783436
11.75,71.75,0.21909742,0.78090256
11.75,72.0,0.2188212,0.78117883
11.75,72.25,0.7972464,0.2027536
11.75,72.5,0.8034445,0.1965555
11.75,72.75,0.824269,0.175731
11.75,73.0,0.8476353,0.15236467
11.75,73.25,0.853276,0.14672399
11.75,73.5,0.8318509,0.16814911
11.75,73.75,0.7982077,0.2017923
11.75,74.0,0.798234,0.20176601
11.75,74.25,0.79806083,0.20193917
11.75,74.5,0.21455339,0.78544664
11.75,74.75,0.2140134,0.7859866
11.75,75.0,0.21318983,0.78681016
11.75,75.25,0.21318983,0.78681016
11.75,75.5,0.21408896,0.785911
11.75,75.75,0.20903233,0.7909677
11.75,76.0,0.79765064,0.20234936
11.75,76.25,0.8093403,0.1906597
11.75,76.5,0.8731152,0.12688482
11.75,76.75,0.8859348,0.11406517
11.75,77.0,0.89240146,0.10759854
11.75,77.25,0.91525817,0.08474183
11.75,77.5,0.88230014,0.11769986
11.75,77.75,0.898891,0.10110903
11.75,78.0,0.918844,0.081156015
11.75,78.25,0.8910275,0.10897249
11.75,78.5,0.8924874,0.10751259
11.75,78.75,0.9087282,0.09127182
11.75,79.0,0.8565234,0.1434766
11.75,79.25,0.8150548,0.18494523
11.75,79.5,0.8203325,0.17966747
11.75,79.75,0.21097474,0.78902525
11.75,80.0,0.8450811,0.15491891
11.75,80.25,0.8592537,0.1407463
11.75,80.5,0.87797093,0.122029066
11.75,80.75,0.87399924,0.12600076
11.75,81.0,0.83935493,0.16064507
11.75,81.25,0.81874716,0.18125284
11.75,81.5,0.81067884,0.18932116
11.75,81.75,0.8151585,0.18484151
11.75,82.0,0.7983777,0.2016223
11.75,82.25,0.20879753,0.7912025
11.75,82.5,0.20872349,0.7912765
11.75,82.75,0.20811614,0.7918838
11.75,83.0,0.20801601,0.79198396
11.75,83.25,0.20738946,0.7926105
11.75,83.5,0.20767611,0.7923239
11.75,83.75,0.20587935,0.79412067
11.75,84.0,0.20796019,0.7920398
11.75,84.25,0.20740536,0.7925947
11.75,84.5,0.20774703,0.79225296
11.75,84.75,0.20677924,0.79322076
11.75,85.0,0.20752768,0.7924723
11.75,85.25,0.20755026,0.7924497
11.75,85.5,0.20711079,0.79288924
11.75,85.75,0.8037514,0.19624859
11.75,86.0,0.8310062,0.16899377
11.75,86.25,0.8447385,0.15526152
11.75,86.5,0.871039,0.12896103
11.75,86.75,0.8622499,0.13775009
11.75,87.0,0.8757762,0.12422383
11.75,87.25,0.87719506,0.12280494
11.75,87.5,0.86612725,0.13387275
11.75,87.75,0.856312,0.14368802
11.75,88.0,0.8624432,0.13755679
11.75,88.25,0.8660086,0.13399142
11.75,88.5,0.8625619,0.13743812
11.75,88.75,0.85872823,0.14127177
11.75,89.0,0.85643065,0.14356935
11.75,89.25,0.8350719,0.16492808
11.75,89.5,0.81383085,0.18616915
11.75,89.75,0.80961925,0.19038075
11.75,90.0,0.7981931,0.2018069
11.75,90.25,0.7985194,0.20148063
11.75,90.5,0.8102925,0.18970752
11.75,90.75,0.81939256,0.18060744
11.75,91.0,0.8241138,0.17588621
11.75,91.25,0.83182317,0.16817683
11.75,91.5,0.83913344,0.16086656
11.75,91.75,0.84530324,0.15469676
11.75,92.0,0.8800206,0.11997938
11.75,92.25,0.8908162,0.10918379
11.75,92.5,0.87189674,0.12810326
11.75,92.75,0.8644682,0.13553178
11.75,93.0,0.87062186,0.12937814
11.75,93.25,0.83913344,0.16086656
11.75,93.5,0.8840815,0.11591852
11.75,93.75,0.89086705,0.109132946
11.75,94.0,0.88731855,0.11268145
11.75,94.25,0.88816524,0.111834764
11.75,94.5,0.88852865,0.111471355
11.75,94.75,0.873306,0.12669402
11.75,95.0,0.8800206,0.11997938
11.75,95.25,0.89416164,0.10583836
11.75,95.5,0.8931037,0.10689628
11.75,95.75,0.88222563,0.11777437
11.75,96.0,0.8666109,0.13338912
12.0,68.0,0.814032,0.18596798
12.0,68.25,0.814032,0.18596798
12.0,68.5,0.8173931,0.18260688
12.0,68.75,0.8173931,0.18260688
12.0,69.0,0.8320695,0.16793048
12.0,69.25,0.8177755,0.18222451
12.0,69.5,0.8086926,0.19130743
12.0,69.75,0.79764557,0.20235443
12.0,70.0,0.2180016,0.7819984
12.0,70.25,0.2180016,0.7819984
12.0,70.5,0.21428582,0.78571415
12.0,70.75,0.21786767,0.7821323
12.0,71.0,0.2186897,0.7813103
12.0,71.25,0.21906619,0.7809338
12.0,71.5,0.21911734,0.78088266
12.0,71.75,0.21865803,0.78134197
12.0,72.0,0.2172219,0.7827781
12.0,72.25,0.21619476,0.78380525
12.0,72.5,0.79772913,0.20227087
12.0,72.75,0.82887405,0.17112595
12.0,73.0,0.8472983,0.15270168
12.0,73.25,0.8451451,0.1548549
12.0,73.5,0.8424288,0.1575712
12.0,73.75,0.80989885,0.19010115
12.0,74.0,0.21551436,0.78448564
12.0,74.25,0.21421374,0.7857863
12.0,74.5,0.21395227,0.7860477
12.0,74.75,0.21320778,0.7867922
12.0,75.0,0.21258871,0.7874113
12.0,75.25,0.21254306,0.7874569
12.0,75.5,0.20961423,0.7903858
12.0,75.75,0.80372447,0.19627553
12.0,76.0,0.7977014,0.20229858
12.0,76.25,0.21185125,0.78814876
12.0,76.5,0.86053854,0.13946146
12.0,76.75,0.9175148,0.0824852
12.0,77.0,0.9181001,0.08189988
12.0,77.25,0.93856555,0.061434448
12.0,77.5,0.9285337,0.07146633
12.0,77.75,0.8960126,0.103987396
12.0,78.0,0.88907695,0.11092305
12.0,78.25,0.8860716,0.11392838
12.0,78.5,0.8243772,0.17562282
12.0,78.75,0.8647512,0.13524878
12.0,79.0,0.81041884,0.18958116
12.0,79.25,0.8629184,0.13708162
12.0,79.5,0.8489989,0.1510011
12.0,79.75,0.21156934,0.7884307
12.0,80.0,0.8052757,0.19472432
12.0,80.25,0.8492276,0.1507724
12.0,80.5,0.8637635,0.13623649
12.0,80.75,0.8454356,0.15456438
12.0,81.0,0.8293376,0.1706624
12.0,81.25,0.80363697,0.19636303
12.0,81.5,0.20736712,0.7926329
12.0,81.75,0.20787741,0.7921226
12.0,82.0,0.20851187,0.7914881
12.0,82.25,0.20870371,0.7912963
12.0,82.5,0.2086555,0.7913445
12.0,82.75,0.20804688,0.7919531
12.0,83.0,0.81092817,0.18907183
12.0,83.25,0.8393341,0.16066593
12.0,83.5,0.8187619,0.18123811
12.0,83.75,0.7985227,0.20147729
12.0,84.0,0.2076957,0.7923043
12.0,84.25,0.20799349,0.7920065
12.0,84.5,0.20797092,0.7920291
12.0,84.75,0.20796768,0.7920323
12.0,85.0,0.80948204,0.19051796
12.0,85.25,0.79838777,0.20161223
12.0,85.5,0.8037251,0.19627488
12.0,85.75,0.8280053,0.17199469
12.0,86.0,0.83533573,0.16466427
12.0,86.25,0.8587455,0.14125448
12.0,86.5,0.8580593,0.14194071
12.0,86.75,0.86046404,0.13953596
12.0,87.0,0.871376,0.12862402
12.0,87.25,0.8738202,0.12617981
12.0,87.5,0.86660105,0.13339895
12.0,87.75,0.8625619,0.13743812
12.0,88.0,0.87047523,0.12952477
12.0,88.25,0.86418563,0.13581437
12.0,88.5,0.8727037,0.12729633
12.0,88.75,0.88441277,0.115587234
12.0,89.0,0.8562947,0.14370531
12.0,89.25,0.8453365,0.1546635
12.0,89.5,0.8453365,0.1546635
12.0,89.75,0.8445151,0.15548491
12.0,90.0,0.8282838,0.17171621
12.0,90.25,0.81825805,0.18174195
12.0,90.5,0.8317339,0.16826612
12.0,90.75,0.82441324,0.17558676
12.0,91.0,0.83231676,0.16768324
12.0,91.25,0.839432,0.160568
12.0,91.5,0.84784,0.15215999
12.0,91.75,0.84248483,0.15751517
12.0,92.0,0.8449928,0.15500718
12.0,92.25,0.85932374,0.14067626
12.0,92.5,0.85489064,0.14510936
12.0,92.75,0.8182248,0.18177521
12.0,93.0,0.8478134,0.15218657
12.0,93.25,0.8352147,0.16478533
12.0,93.5,0.8635673,0.1364327
12.0,93.75,0.8716413,0.12835872
12.0,94.0,0.8820561,0.11794388
12.0,94.25,0.89069754,0.10930246
12.0,94.5,0.89086705,0.109132946
12.0,94.75,0.8986797,0.10132033
12.0,95.0,0.8991052,0.10089481
12.0,95.25,0.8939995,0.10600048
12.0,95.5,0.89086705,0.109132946
12.0,95.75,0.8820561,0.11794388
12.0,96.0,0.87447333,0.12552667
12.25,68.0,0.80311257,0.19688743
12.25,68.25,0.7972862,0.20271379
12.25,68.5,0.82426715,0.17573285
12.25,68.75,0.8337836,0.16621637
12.25,69.0,0.8234145,0.1765855
12.25,69.25,0.80867594,0.19132406
12.25,69.5,0.8086926,0.19130743
12.25,69.75,0.7965657,0.20343429
12.25,70.0,0.21454774,0.78545225
12.25,70.25,0.2116259,0.78837407
12.25,70.5,0.21454774,0.78545225
12.25,70.75,0.21475032,0.7852497
12.25,71.0,0.2120187,0.7879813
12.25,71.25,0.21494053,0.78505945
12.25,71.5,0.21512562,0.7848744
12.25,71.75,0.2137582,0.78624177
12.25,72.0,0.21419726,0.7858027
12.25,72.25,0.21196672,0.78803325
12.25,72.5,0.21156456,0.78843546
12.25,72.75,0.8038041,0.1961959
12.25,73.0,0.82860833,0.17139167
12.25,73.25,0.83781767,0.16218233
12.25,73.5,0.83919,0.16081
12.25,73.75,0.82444096,0.17555904
12.25,74.0,0.7982077,0.2017923
12.25,74.25,0.21196944,0.78803056
12.25,74.5,0.21132208,0.78867793
12.25,74.75,0.21208501,0.787915
12.25,75.0,0.21130458,0.78869545
12.25,75.25,0.21117064,0.7888293
12.25,75.5,0.7979656,0.20203441
12.25,75.75,0.7983201,0.20167989
12.25,76.0,0.20866148,0.7913385
12.25,76.25,0.20832309,0.7916769
12.25,76.5,0.81830937,0.18169063
12.25,76.75,0.8875626,0.11243743
12.25,77.0,0.9175148,0.0824852
12.25,77.25,0.9175148,0.0824852
12.25,77.5,0.9157579,0.084242105
12.25,77.75,0.9006567,0.0993433
12.25,78.0,0.8286697,0.17133027
12.25,78.25,0.80384314,0.19615686
12.25,78.5,0.8151585,0.18484151
12.25,78.75,0.8958431,0.10415691
12.25,79.0,0.8932642,0.106735826
12.25,79.25,0.8548014,0.14519858
12.25,79.5,0.81526005,0.18473995
12.25,79.75,0.21267115,0.78732884
12.25,80.0,0.80127513,0.19872487
12.25,80.25,0.83168536,0.16831464
12.25,80.5,0.8454356,0.15456438
12.25,80.75,0.8297937,0.17020631
12.25,81.0,0.8296921,0.17030787
12.25,81.25,0.8005833,0.1994167
12.25,81.5,0.2076146,0.7923854
12.25,81.75,0.20630907,0.7936909
12.25,82.0,0.2074501,0.7925499
12.25,82.25,0.20766364,0.79233634
12.25,82.5,0.7983295,0.20167053
12.25,82.75,0.81511027,0.18488973
12.25,83.0,0.8453331,0.1546669
12.25,83.25,0.8659913,0.1340087
12.25,83.5,0.82858384,0.17141616
12.25,83.75,0.8037514,0.19624859
12.25,84.0,0.20692849,0.7930715
12.25,84.25,0.8037514,0.19624859
12.25,84.5,0.824393,0.17560703
12.25,84.75,0.8235086,0.17649138
12.25,85.0,0.7985508,0.20144922
12.25,85.25,0.8037251,0.19627488
12.25,85.5,0.81855154,0.18144846
12.25,85.75,0.86975724,0.13024276
12.25,86.0,0.8473191,0.15268087
12.25,86.25,0.8279852,0.17201477
12.25,86.5,0.8185756,0.18142438
12.25,86.75,0.84503794,0.15496206
12.25,87.0,0.8624259,0.13757408
12.25,87.25,0.86637074,0.13362926
12.25,87.5,0.87032545,0.12967455
12.25,87.75,0.8642029,0.13579708
12.25,88.0,0.8642029,0.13579708
12.25,88.25,0.856312,0.14368802
12.25,88.5,0.8737015,0.12629849
12.25,88.75,0.89795214,0.10204786
12.25,89.0,0.888747,0.11125302
12.25,89.25,0.8773646,0.122635424
12.25,89.5,0.8986797,0.10132033
12.25,89.75,0.9170158,0.08298421
12.25,90.0,0.8991052,0.10089481
12.25,90.25,0.88602984,0.11397016
12.25,90.5,0.8844636,0.11553639
12.25,90.75,0.87746036,0.12253964
12.25,91.0,0.8550068,0.14499319
12.25,91.25,0.8422651,0.15773487
12.25,91.5,0.8510288,0.1489712
12.25,91.75,0.8481702,0.15182978
12.25,92.0,0.8594846,0.14051539
12.25,92.25,0.864942,0.13505799
12.25,92.5,0.87408847,0.12591153
12.25,92.75,0.8354666,0.16453338
12.25,93.0,0.82371104,0.17628896
12.25,93.25,0.8718108,0.1281892
12.25,93.5,0.8762598,0.123740196
12.25,93.75,0.8644682,0.13553178
12.25,94.0,0.87095886,0.12904114
12.25,94.25,0.88731855,0.11268145
12.25,94.5,0.8889165,0.11108351
12.25,94.75,0.8844636,0.11553639
12.25,95.0,0.8762022,0.123797774
12.25,95.25,0.8844636,0.11553639
12.25,95.5,0.89416164,0.10583836
12.25,95.75,0.89215744,0.107842565
12.25,96.0,0.8844636,0.11553639
12.5,68.0,0.8182278,0.18177217
12.5,68.25,0.81448436,0.18551564
12.5,68.5,0.83223903,0.16776097
12.5,68.75,0.83143723,0.16856277
12.5,69.0,0.82426715,0.17573285
12.5,69.25,0.80265564,0.19734436
12.5,69.5,0.80301493,0.19698507
12.5,69.75,0.7965657,0.20343429
12.5,70.0,0.21198298,0.78801703
12.5,70.25,0.21184905,0.78815097
12.5,70.5,0.2144542,0.7855458
12.5,70.75,0.21274556,0.78725445
12.5,71.0,0.214847,0.78515303
12.5,71.25,0.8031513,0.19684869
12.5,71.5,0.8142288,0.18577123
12.5,71.75,0.21422285,0.78577715
12.5,72.0,0.21414371,0.7858563
12.5,72.25,0.21175958,0.78824043
12.5,72.5,0.21205677,0.78794324
12.5,72.75,0.21205677,0.78794324
12.5,73.0,0.8092792,0.1907208
12.5,73.25,0.8420722,0.15792781
12.5,73.5,0.84533006,0.15466994
12.5,73.75,0.83781767,0.16218233
12.5,74.0,0.81474,0.18526
12.5,74.25,0.79711807,0.20288193
12.5,74.5,0.20921199,0.790788
12.5,74.75,0.21113302,0.788867
12.5,75.0,0.21064788,0.7893521
12.5,75.25,0.7979297,0.2020703
12.5,75.5,0.82419926,0.17580074
12.5,75.75,0.8093403,0.1906597
12.5,76.0,0.21038027,0.78961974
12.5,76.25,0.21038027,0.78961974
12.5,76.5,0.7977014,0.20229858
12.5,76.75,0.81830937,0.18169063
12.5,77.0,0.8581338,0.1418662
12.5,77.25,0.86957496,0.13042504
12.5,77.5,0.8319099,0.1680901
12.5,77.75,0.83464617,0.16535383
12.5,78.0,0.8097894,0.19021058
12.5,78.25,0.7981187,0.20188129
12.5,78.5,0.8109764,0.18902361
12.5,78.75,0.8748036,0.1251964
12.5,79.0,0.89073414,0.109265864
12.5,79.25,0.83984035,0.16015965
12.5,79.5,0.81801695,0.18198305
12.5,79.75,0.2113099,0.7886901
12.5,80.0,0.21096994,0.7890301
12.5,80.25,0.8000451,0.19995493
12.5,80.5,0.8107804,0.1892196
12.5,80.75,0.80127513,0.19872487
12.5,81.0,0.79889184,0.20110816
12.5,81.25,0.20747079,0.7925292
12.5,81.5,0.20623814,0.79376185
12.5,81.75,0.2067678,0.7932322
12.5,82.0,0.20727803,0.792722
12.5,82.25,0.20703703,0.79296297
12.5,82.5,0.8037949,0.19620508
12.5,82.75,0.83183444,0.16816556
12.5,83.0,0.83900976,0.16099024
12.5,83.25,0.81823486,0.18176514
12.5,83.5,0.8190815,0.18091851
12.5,83.75,0.8141605,0.18583947
12.5,84.0,0.81006426,0.18993574
12.5,84.25,0.824393,0.17560703
12.5,84.5,0.8448289,0.1551711
12.5,84.75,0.8282606,0.1717394
12.5,85.0,0.7985508,0.20144922
12.5,85.25,0.8037514,0.19624859
12.5,85.5,0.8547415,0.14525849
12.5,85.75,0.8580593,0.14194071
12.5,86.0,0.8280294,0.1719706
12.5,86.25,0.84235394,0.15764606
12.5,86.5,0.83900255,0.16099745
12.5,86.75,0.8507635,0.1492365
12.5,87.0,0.8640096,0.13599038
12.5,87.25,0.87047523,0.12952477
12.5,87.5,0.87047523,0.12952477
12.5,87.75,0.8663456,0.13365442
12.5,88.0,0.8587455,0.14125448
12.5,88.25,0.8447385,0.15526152
12.5,88.5,0.87069356,0.12930644
12.5,88.75,0.88222563,0.11777437
12.5,89.0,0.8825346,0.11746538
12.5,89.25,0.88748807,0.11251193
12.5,89.5,0.89769536,0.10230464
12.5,89.75,0.90469486,0.095305145
12.5,90.0,0.88227785,0.11772215
12.5,90.25,0.8986797,0.10132033
12.5,90.5,0.9005822,0.099417806
12.5,90.75,0.873306,0.12669402
12.5,91.0,0.86072934,0.13927066
12.5,91.25,0.84530234,0.15469766
12.5,91.5,0.8565773,0.14342272
12.5,91.75,0.85656,0.14344001
12.5,92.0,0.8644682,0.13553178
12.5,92.25,0.86681205,0.13318795
12.5,92.5,0.87808824,0.121911764
12.5,92.75,0.8588175,0.14118248
12.5,93.0,0.8666109,0.13338912
12.5,93.25,0.9061415,0.09385848
12.5,93.5,0.8958013,0.104198694
12.5,93.75,0.885979,0.114021
12.5,94.0,0.88441277,0.115587234
12.5,94.25,0.88852865,0.111471355
12.5,94.5,0.8820561,0.11794388
12.5,94.75,0.88816524,0.111834764
12.5,95.0,0.903538,0.09646201
12.5,95.25,0.9063983,0.0936017
12.5,95.5,0.90796065,0.09203935
12.5,95.75,0.8991052,0.10089481
12.5,96.0,0.88222563,0.11777437
12.75,68.0,0.832182,0.16781801
12.75,68.25,0.832182,0.16781801
12.75,68.5,0.8352581,0.16474187
12.75,68.75,0.8287029,0.17129707
12.75,69.0,0.8283014,0.17169857
12.75,69.25,0.81487906,0.18512094
12.75,69.5,0.8028389,0.19716108
12.75,69.75,0.7980979,0.20190209
12.75,70.0,0.21365367,0.7863463
12.75,70.25,0.79773295,0.20226705
12.75,70.5,0.7972502,0.20274979
12.75,70.75,0.7967979,0.20320213
12.75,71.0,0.21404646,0.7859535
12.75,71.25,0.8182042,0.18179578
12.75,71.5,0.8181256,0.1818744
12.75,71.75,0.21340463,0.78659534
12.75,72.0,0.21355122,0.7864488
12.75,72.25,0.20997164,0.79002833
12.75,72.5,0.21235207,0.78764796
12.75,72.75,0.21205677,0.78794324
12.75,73.0,0.8037612,0.19623882
12.75,73.25,0.82469404,0.17530596
12.75,73.5,0.8566282,0.14337182
12.75,73.75,0.850287,0.14971298
12.75,74.0,0.828621,0.17137903
12.75,74.25,0.8096599,0.1903401
12.75,74.5,0.7986196,0.20138037
12.75,74.75,0.21113302,0.788867
12.75,75.0,0.20770332,0.79229665
12.75,75.25,0.80989885,0.19010115
12.75,75.5,0.8317852,0.1682148
12.75,75.75,0.80955654,0.19044346
12.75,76.0,0.21025273,0.78974724
12.75,76.25,0.81013876,0.18986124
12.75,76.5,0.837576,0.16242403
12.75,76.75,0.9036125,0.096387506
12.75,77.0,0.9036125,0.096387506
12.75,77.25,0.9003999,0.09960008
12.75,77.5,0.81862605,0.18137395
12.75,77.75,0.7979416,0.20205837
12.75,78.0,0.79719657,0.20280343
12.75,78.25,0.8033429,0.19665712
12.75,78.5,0.80970967,0.19029033
12.75,78.75,0.81138176,0.18861824
12.75,79.0,0.8109764,0.18902361
12.75,79.25,0.81413686,0.18586314
12.75,79.5,0.80960643,0.19039357
12.75,79.75,0.2116077,0.7883923
12.75,80.0,0.21114202,0.788858
12.75,80.25,0.21096994,0.7890301
12.75,80.5,0.21096994,0.7890301
12.75,80.75,0.20943558,0.7905644
12.75,81.0,0.20765044,0.7923496
12.75,81.25,0.20616525,0.79383475
12.75,81.5,0.20659572,0.7934043
12.75,81.75,0.20630907,0.7936909
12.75,82.0,0.20732369,0.7926763
12.75,82.25,0.20732369,0.7926763
12.75,82.5,0.7988436,0.20115638
12.75,82.75,0.81408536,0.18591464
12.75,83.0,0.8037949,0.19620508
12.75,83.25,0.79903686,0.20096314
12.75,83.5,0.79814565,0.20185435
12.75,83.75,0.79759145,0.20240855
12.75,84.0,0.8144238,0.1855762
12.75,84.25,0.8239528,0.1760472
12.75,84.5,0.8097149,0.19028509
12.75,84.75,0.7968676,0.20313239
12.75,85.0,0.79727185,0.20272815
12.75,85.25,0.81029254,0.18970746
12.75,85.5,0.8144817,0.18551832
12.75,85.75,0.83175516,0.16824484
12.75,86.0,0.8580593,0.14194071
12.75,86.25,0.8532968,0.14670318
12.75,86.5,0.8547415,0.14525849
12.75,86.75,0.8642029,0.13579708
12.75,87.0,0.87115765,0.12884235
12.75,87.25,0.87115765,0.12884235
12.75,87.5,0.8660086,0.13399142
12.75,87.75,0.863302,0.13669801
12.75,88.0,0.8532968,0.14670318
12.75,88.25,0.8337296,0.16627038
12.75,88.5,0.84446627,0.15553373
12.75,88.75,0.8498235,0.15017653
12.75,89.0,0.84723186,0.15276814
12.75,89.25,0.8729534,0.12704659
12.75,89.5,0.8931037,0.10689628
12.75,89.75,0.88577306,0.11422694
12.75,90.0,0.8582288,0.1417712
12.75,90.25,0.8469821,0.15301788
12.75,90.5,0.8939995,0.10600048
12.75,90.75,0.88019013,0.119809866
12.75,91.0,0.8424011,0.15759891
12.75,91.25,0.8509101,0.14908987
12.75,91.5,0.8645869,0.13541311
12.75,91.75,0.86445093,0.13554907
12.75,92.0,0.83926785,0.16073215
12.75,92.25,0.85656,0.14344001
12.75,92.5,0.87092096,0.12907904
12.75,92.75,0.845323,0.15467697
12.75,93.0,0.8844636,0.11553639
12.75,93.25,0.9156834,0.08431661
12.75,93.5,0.89416164,0.10583836
12.75,93.75,0.8863819,0.113618076
12.75,94.0,0.8968659,0.103134096
12.75,94.25,0.8820561,0.11794388
12.75,94.5,0.8713043,0.12869573
12.75,94.75,0.8840815,0.11591852
12.75,95.0,0.8986797,0.10132033
12.75,95.25,0.8968659,0.103134096
12.75,95.5,0.8986797,0.10132033
12.75,95.75,0.8948323,0.10516769
12.75,96.0,0.8716413,0.12835872
13.0,68.0,0.832182,0.16781801
13.0,68.25,0.83484447,0.16515553
13.0,68.5,0.824889,0.175111
13.0,68.75,0.8184822,0.18151778
13.0,69.0,0.83252186,0.16747814
13.0,69.25,0.8324594,0.16754061
13.0,69.5,0.80790603,0.19209397
13.0,69.75,0.79682904,0.20317096
13.0,70.0,0.796733,0.20326698
13.0,70.25,0.79627925,0.20372075
13.0,70.5,0.7967316,0.20326841
13.0,70.75,0.7972502,0.20274979
13.0,71.0,0.79701823,0.20298177
13.0,71.25,0.81454414,0.18545586
13.0,71.5,0.7979786,0.20202142
13.0,71.75,0.21353856,0.7864615
13.0,72.0,0.21286693,0.7871331
13.0,72.25,0.21107529,0.7889247
13.0,72.5,0.21138498,0.788615
13.0,72.75,0.8037612,0.19623882
13.0,73.0,0.80956113,0.19043887
13.0,73.25,0.81456727,0.18543273
13.0,73.5,0.84229285,0.15770715
13.0,73.75,0.8583755,0.14162451
13.0,74.0,0.8472983,0.15270168
13.0,74.25,0.82469404,0.17530596
13.0,74.5,0.80335397,0.19664603
13.0,74.75,0.79775655,0.20224345
13.0,75.0,0.20876275,0.79123724
13.0,75.25,0.80323243,0.19676757
13.0,75.5,0.82419926,0.17580074
13.0,75.75,0.80357134,0.19642866
13.0,76.0,0.80333084,0.19666916
13.0,76.25,0.8696622,0.13033777
13.0,76.5,0.8898681,0.11013192
13.0,76.75,0.92397225,0.07602775
13.0,77.0,0.9155011,0.08449888
13.0,77.25,0.863546,0.13645399
13.0,77.5,0.80989885,0.19010115
13.0,77.75,0.79711807,0.20288193
13.0,78.0,0.8100264,0.1899736
13.0,78.25,0.81445765,0.18554235
13.0,78.5,0.8283351,0.1716649
13.0,78.75,0.8109764,0.18902361
13.0,79.0,0.20833713,0.7916629
13.0,79.25,0.7989934,0.20100659
13.0,79.5,0.79737276,0.20262724
13.0,79.75,0.7978162,0.20218378
13.0,80.0,0.21096994,0.7890301
13.0,80.25,0.21319503,0.786805
13.0,80.5,0.21387734,0.7861227
13.0,80.75,0.21006219,0.7899378
13.0,81.0,0.20866933,0.7913307
13.0,81.25,0.20747079,0.7925292
13.0,81.5,0.2067678,0.7932322
13.0,81.75,0.2074501,0.7925499
13.0,82.0,0.20791255,0.79208744
13.0,82.25,0.20732369,0.7926763
13.0,82.5,0.799088,0.200912
13.0,82.75,0.8037216,0.1962784
13.0,83.0,0.20575833,0.79424167
13.0,83.25,0.81823486,0.18176514
13.0,83.5,0.818851,0.181149
13.0,83.75,0.20753711,0.7924629
13.0,84.0,0.79727185,0.20272815
13.0,84.25,0.79735035,0.20264965
13.0,84.5,0.8245961,0.1754039
13.0,84.75,0.8099068,0.19009322
13.0,85.0,0.809433,0.19056702
13.0,85.25,0.80357075,0.19642925
13.0,85.5,0.7978815,0.20211852
13.0,85.75,0.83143824,0.16856176
13.0,86.0,0.8446025,0.15539747
13.0,86.25,0.8345658,0.16543418
13.0,86.5,0.84753084,0.15246916
13.0,86.75,0.86418563,0.13581437
13.0,87.0,0.87761444,0.12238556
13.0,87.25,0.8820561,0.11794388
13.0,87.5,0.88019013,0.119809866
13.0,87.75,0.8732102,0.12678981
13.0,88.0,0.8567858,0.14321423
13.0,88.25,0.8372261,0.1627739
13.0,88.5,0.83156,0.16843998
13.0,88.75,0.82365906,0.17634094
13.0,89.0,0.8314614,0.16853857
13.0,89.25,0.8379218,0.1620782
13.0,89.5,0.86321473,0.13678527
13.0,89.75,0.86321473,0.13678527
13.0,90.0,0.8568185,0.1431815
13.0,90.25,0.8314614,0.16853857
13.0,90.5,0.8499708,0.15002918
13.0,90.75,0.8662739,0.13372612
13.0,91.0,0.84767747,0.15232253
13.0,91.25,0.8628272,0.13717282
13.0,91.5,0.8717781,0.12822193
13.0,91.75,0.8823116,0.11768842
13.0,92.0,0.86302143,0.13697857
13.0,92.25,0.84271085,0.15728915
13.0,92.5,0.8550528,0.14494717
13.0,92.75,0.86696625,0.13303375
13.0,93.0,0.8238152,0.17618477
13.0,93.25,0.8565773,0.14342272
13.0,93.5,0.8946628,0.1053372
13.0,93.75,0.8939995,0.10600048
13.0,94.0,0.8929342,0.1070658
13.0,94.25,0.8800206,0.11997938
13.0,94.5,0.86106634,0.13893366
13.0,94.75,0.88748807,0.11251193
13.0,95.0,0.9107038,0.08929622
13.0,95.25,0.90348715,0.096512854
13.0,95.5,0.903538,0.09646201
13.0,95.75,0.8889165,0.11108351
13.0,96.0,0.8450038,0.15499622
13.25,68.0,0.82481045,0.17518955
13.25,68.25,0.8287029,0.17129707
13.25,68.5,0.81448436,0.18551564
13.25,68.75,0.8185507,0.1814493
13.25,69.0,0.8385653,0.16143471
13.25,69.25,0.83848673,0.16151327
13.25,69.5,0.8286793,0.17132068
13.25,69.75,0.81508744,0.18491256
13.25,70.0,0.81508744,0.18491256
13.25,70.25,0.8030637,0.19693631
13.25,70.5,0.20956372,0.79043627
13.25,70.75,0.21135166,0.78864837
13.25,71.0,0.7972502,0.20274979
13.25,71.25,0.7978659,0.20213407
13.25,71.5,0.21081603,0.789184
13.25,71.75,0.211041,0.788959
13.25,72.0,0.21074603,0.78925395
13.25,72.25,0.20937267,0.79062736
13.25,72.5,0.79831445,0.20168555
13.25,72.75,0.8097981,0.19020188
13.25,73.0,0.81474,0.18526
13.25,73.25,0.8191672,0.1808328
13.25,73.5,0.83536494,0.16463506
13.25,73.75,0.8637877,0.13621229
13.25,74.0,0.8590617,0.14093828
13.25,74.25,0.8346611,0.16533887
13.25,74.5,0.8189255,0.1810745
13.25,74.75,0.8033563,0.19664371
13.25,75.0,0.20871007,0.7912899
13.25,75.25,0.79834265,0.20165735
13.25,75.5,0.8037348,0.19626522
13.25,75.75,0.7979656,0.20203441
13.25,76.0,0.20800994,0.79199004
13.25,76.25,0.810697,0.18930298
13.25,76.5,0.8563692,0.1436308
13.25,76.75,0.8583033,0.14169669
13.25,77.0,0.8319099,0.1680901
13.25,77.25,0.8037612,0.19623882
13.25,77.5,0.7986196,0.20138037
13.25,77.75,0.7973343,0.20266569
13.25,78.0,0.20985918,0.7901408
13.25,78.25,0.79743767,0.20256233
13.25,78.5,0.2096508,0.7903492
13.25,78.75,0.20798852,0.7920115
13.25,79.0,0.2081681,0.7918319
13.25,79.25,0.20971574,0.7902843
13.25,79.5,0.21150701,0.788493
13.25,79.75,0.21160115,0.78839886
13.25,80.0,0.21075764,0.7892424
13.25,80.25,0.2152379,0.7847621
13.25,80.5,0.21453202,0.785468
13.25,80.75,0.20937334,0.79062665
13.25,81.0,0.20817436,0.79182565
13.25,81.25,0.20668735,0.79331267
13.25,81.5,0.20676126,0.79323876
13.25,81.75,0.20634824,0.79365176
13.25,82.0,0.20741554,0.7925845
13.25,82.25,0.20727259,0.7927274
13.25,82.5,0.20736605,0.79263395
13.25,82.75,0.20736605,0.79263395
13.25,83.0,0.20686223,0.7931378
13.25,83.25,0.7984412,0.20155883
13.25,83.5,0.8037949,0.19620508
13.25,83.75,0.20691848,0.7930815
13.25,84.0,0.20640752,0.79359245
13.25,84.25,0.7983126,0.2016874
13.25,84.5,0.8145769,0.18542308
13.25,84.75,0.8347957,0.16520429
13.25,85.0,0.81869894,0.18130106
13.25,85.25,0.81869894,0.18130106
13.25,85.5,0.8035231,0.19647688
13.25,85.75,0.7985508,0.20144922
13.25,86.0,0.7991196,0.20088041
13.25,86.25,0.8000508,0.1999492
13.25,86.5,0.8184865,0.18151349
13.25,86.75,0.8505875,0.14941251
13.25,87.0,0.8715455,0.1284545
13.25,87.25,0.88019013,0.119809866
13.25,87.5,0.8840815,0.11591852
13.25,87.75,0.8800206,0.11997938
13.25,88.0,0.863302,0.13669801
13.25,88.25,0.84446627,0.15553373
13.25,88.5,0.8179498,0.18205023
13.25,88.75,0.8037989,0.19620109
13.25,89.0,0.79750335,0.20249665
13.25,89.25,0.210249,0.789751
13.25,89.5,0.8146753,0.18532473
13.25,89.75,0.8319352,0.16806477
13.25,90.0,0.8343652,0.16563481
13.25,90.25,0.8358577,0.16414231
13.25,90.5,0.83950675,0.16049325
13.25,90.75,0.84554446,0.15445554
13.25,91.0,0.85669595,0.14330405
13.25,91.25,0.9085169,0.091483116
13.25,91.5,0.90877235,0.09122765
13.25,91.75,0.91616756,0.08383244
13.25,92.0,0.8924129,0.1075871
13.25,92.25,0.83949757,0.16050243
13.25,92.5,0.85473615,0.14526385
13.25,92.75,0.8739711,0.1260289
13.25,93.0,0.83192164,0.16807836
13.25,93.25,0.87361467,0.12638533
13.25,93.5,0.9085169,0.091483116
13.25,93.75,0.91641474,0.08358526
13.25,94.0,0.9116735,0.088326514
13.25,94.25,0.8858603,0.114139676
13.25,94.5,0.8478134,0.15218657
13.25,94.75,0.86740315,0.13259685
13.25,95.0,0.8922761,0.10772389
13.25,95.25,0.8922761,0.10772389
13.25,95.5,0.88731855,0.11268145
13.25,95.75,0.8644682,0.13553178
13.25,96.0,0.8389997,0.16100031
13.5,68.0,0.81511104,0.18488896
13.5,68.25,0.81511104,0.18488896
13.5,68.5,0.8086255,0.19137448
13.5,68.75,0.82481045,0.17518955
13.5,69.0,0.8447183,0.15528172
13.5,69.25,0.8504314,0.14956862
13.5,69.5,0.85632205,0.14367795
13.5,69.75,0.8446947,0.15530533
13.5,70.0,0.8352345,0.16476548
13.5,70.25,0.8281484,0.17185158
13.5,70.5,0.80310696,0.19689304
13.5,70.75,0.7967316,0.20326841
13.5,71.0,0.7970249,0.2029751
13.5,71.25,0.21106017,0.78893983
13.5,71.5,0.21081603,0.789184
13.5,71.75,0.21035671,0.7896433
13.5,72.0,0.21055049,0.7894495
13.5,72.25,0.79769874,0.20230126
13.5,72.5,0.80949956,0.19050044
13.5,72.75,0.7980941,0.2019059
13.5,73.0,0.81474,0.18526
13.5,73.25,0.828621,0.17137903
13.5,73.5,0.8429455,0.15705448
13.5,73.75,0.8636182,0.1363818
13.5,74.0,0.8637877,0.13621229
13.5,74.25,0.8424288,0.1575712
13.5,74.5,0.8319679,0.16803211
13.5,74.75,0.80967057,0.19032943
13.5,75.0,0.20849073,0.7915093
13.5,75.25,0.20884155,0.79115844
13.5,75.5,0.2099364,0.7900636
13.5,75.75,0.2077759,0.7922241
13.5,76.0,0.20962816,0.79037184
13.5,76.25,0.20955995,0.7904401
13.5,76.5,0.21145493,0.7885451
13.5,76.75,0.20797262,0.79202735
13.5,77.0,0.20799078,0.79200923
13.5,77.25,0.79734635,0.20265365
13.5,77.5,0.79711807,0.20288193
13.5,77.75,0.7978669,0.20213312
13.5,78.0,0.79743767,0.20256233
13.5,78.25,0.8034445,0.1965555
13.5,78.5,0.7967138,0.20328617
13.5,78.75,0.20784234,0.79215765
13.5,79.0,0.20834012,0.7916599
13.5,79.25,0.21049511,0.7895049
13.5,79.5,0.21318848,0.78681153
13.5,79.75,0.21521433,0.7847857
13.5,80.0,0.21234497,0.787655
13.5,80.25,0.2196871,0.7803129
13.5,80.5,0.21813625,0.78186375
13.5,80.75,0.21125846,0.7887415
13.5,81.0,0.20644188,0.7935581
13.5,81.25,0.20547646,0.79452354
13.5,81.5,0.20676126,0.79323876
13.5,81.75,0.20697479,0.7930252
13.5,82.0,0.2066349,0.7933651
13.5,82.25,0.20741554,0.7925845
13.5,82.5,0.20722438,0.79277563
13.5,82.75,0.20722115,0.79277885
13.5,83.0,0.20709932,0.7929007
13.5,83.25,0.8001382,0.19986182
13.5,83.5,0.8145942,0.18540579
13.5,83.75,0.7988436,0.20115638
13.5,84.0,0.2058832,0.7941168
13.5,84.25,0.20579822,0.7942018
13.5,84.5,0.20665643,0.79334354
13.5,84.75,0.83196765,0.16803235
13.5,85.0,0.8636083,0.1363917
13.5,85.25,0.83222896,0.16777104
13.5,85.5,0.7980705,0.20192951
13.5,85.75,0.20578097,0.794219
13.5,86.0,0.2055697,0.7944303
13.5,86.25,0.20608947,0.7939105
13.5,86.5,0.8039976,0.19600242
13.5,86.75,0.83477336,0.16522664
13.5,87.0,0.8580593,0.14194071
13.5,87.25,0.876164,0.12383598
13.5,87.5,0.8773646,0.122635424
13.5,87.75,0.8820561,0.11794388
13.5,88.0,0.8793555,0.12064451
13.5,88.25,0.8568185,0.1431815
13.5,88.5,0.8096765,0.19032347
13.5,88.75,0.20916751,0.7908325
13.5,89.0,0.20916751,0.7908325
13.5,89.25,0.20991063,0.79008937
13.5,89.5,0.79765314,0.20234686
13.5,89.75,0.8146753,0.18532473
13.5,90.0,0.8245521,0.17544788
13.5,90.25,0.8314614,0.16853857
13.5,90.5,0.8427712,0.15722883
13.5,90.75,0.86072934,0.13927066
13.5,91.0,0.90665376,0.09334624
13.5,91.25,0.92940426,0.07059574
13.5,91.5,0.93409777,0.06590223
13.5,91.75,0.9310909,0.06890911
13.5,92.0,0.9057971,0.094202876
13.5,92.25,0.8317129,0.1682871
13.5,92.5,0.83927035,0.16072965
13.5,92.75,0.8749944,0.1250056
13.5,93.0,0.86072934,0.13927066
13.5,93.25,0.9115548,0.08844519
13.5,93.5,0.9180256,0.08197439
13.5,93.75,0.9292856,0.070714414
13.5,94.0,0.91641474,0.08358526
13.5,94.25,0.88731855,0.11268145
13.5,94.5,0.8662739,0.13372612
13.5,94.75,0.84248483,0.15751517
13.5,95.0,0.84784,0.15215999
13.5,95.25,0.8550068,0.14499319
13.5,95.5,0.8675218,0.13247818
13.5,95.75,0.8644682,0.13553178
13.5,96.0,0.8450038,0.15499622
13.75,68.0,0.80317837,0.19682163
13.75,68.25,0.7959885,0.2040115
13.75,68.5,0.803837,0.196163
13.75,68.75,0.824889,0.175111
13.75,69.0,0.8385653,0.16143471
13.75,69.25,0.8504314,0.14956862
13.75,69.5,0.86588717,0.13411283
13.75,69.75,0.8633731,0.1366269
13.75,70.0,0.85288966,0.14711034
13.75,70.25,0.8476895,0.15231049
13.75,70.5,0.8246959,0.17530411
13.75,70.75,0.8096893,0.19031072
13.75,71.0,0.8033833,0.19661671
13.75,71.25,0.21174446,0.7882556
13.75,71.5,0.2106821,0.7893179
13.75,71.75,0.80342036,0.19657964
13.75,72.0,0.8149965,0.18500352
13.75,72.25,0.83277345,0.16722655
13.75,72.5,0.8247391,0.1752609
13.75,72.75,0.21123399,0.788766
13.75,73.0,0.79765064,0.20234936
13.75,73.25,0.81855106,0.18144894
13.75,73.5,0.84533006,0.15466994
13.75,73.75,0.86078024,0.13921976
13.75,74.0,0.86078024,0.13921976
13.75,74.25,0.8550577,0.14494228
13.75,74.5,0.84508836,0.15491164
13.75,74.75,0.7982077,0.2017923
13.75,75.0,0.20774229,0.7922577
13.75,75.25,0.20834583,0.79165417
13.75,75.5,0.2083717,0.7916283
13.75,75.75,0.20811428,0.79188573
13.75,76.0,0.20956388,0.79043615
13.75,76.25,0.21225639,0.7877436
13.75,76.5,0.21212491,0.78787506
13.75,76.75,0.20922157,0.7907784
13.75,77.0,0.2093555,0.7906445
13.75,77.25,0.20969388,0.7903061
13.75,77.5,0.20922157,0.7907784
13.75,77.75,0.79711807,0.20288193
13.75,78.0,0.8092792,0.1907208
13.75,78.25,0.80827326,0.19172674
13.75,78.5,0.79711807,0.20288193
13.75,78.75,0.2094329,0.7905671
13.75,79.0,0.21039313,0.78960687
13.75,79.25,0.21114689,0.7888531
13.75,79.5,0.21096346,0.7890365
13.75,79.75,0.21130335,0.78869665
13.75,80.0,0.21113548,0.7888645
13.75,80.25,0.2117441,0.78825593
13.75,80.5,0.21521433,0.7847857
13.75,80.75,0.21035345,0.78964657
13.75,81.0,0.206675,0.793325
13.75,81.25,0.20547646,0.79452354
13.75,81.5,0.20623165,0.79376835
13.75,81.75,0.2066349,0.7933651
13.75,82.0,0.20634824,0.79365176
13.75,82.25,0.20760812,0.7923919
13.75,82.5,0.20618345,0.79381657
13.75,82.75,0.20713024,0.79286975
13.75,83.0,0.20665857,0.7933414
13.75,83.25,0.8037216,0.1962784
13.75,83.5,0.81133354,0.18866646
13.75,83.75,0.80367625,0.19632375
13.75,84.0,0.20799395,0.792006
13.75,84.25,0.21497019,0.7850298
13.75,84.5,0.21852481,0.7814752
13.75,84.75,0.8283315,0.17166853
13.75,85.0,0.8422827,0.15771729
13.75,85.25,0.8243027,0.17569733
13.75,85.5,0.79835755,0.20164245
13.75,85.75,0.8006264,0.1993736
13.75,86.0,0.80090237,0.19909763
13.75,86.25,0.8039285,0.1960715
13.75,86.5,0.7993329,0.20066708
13.75,86.75,0.81930155,0.18069845
13.75,87.0,0.8567858,0.14321423
13.75,87.25,0.8732102,0.12678981
13.75,87.5,0.8759369,0.124063075
13.75,87.75,0.8729534,0.12704659
13.75,88.0,0.87395126,0.12604874
13.75,88.25,0.86097056,0.13902944
13.75,88.5,0.82425356,0.17574644
13.75,88.75,0.79765314,0.20234686
13.75,89.0,0.20903352,0.7909665
13.75,89.25,0.20991063,0.79008937
13.75,89.5,0.79760426,0.20239574
13.75,89.75,0.8038659,0.19613409
13.75,90.0,0.8353839,0.16461611
13.75,90.25,0.87069356,0.12930644
13.75,90.5,0.8929342,0.1070658
13.75,90.75,0.9063983,0.0936017
13.75,91.0,0.9241532,0.07584679
13.75,91.25,0.9333807,0.06661928
13.75,91.5,0.933961,0.066039026
13.75,91.75,0.9196545,0.08034551
13.75,92.0,0.8665868,0.1334132
13.75,92.25,0.8185952,0.18140483
13.75,92.5,0.8566233,0.14337671
13.75,92.75,0.86686635,0.13313365
13.75,93.0,0.88886565,0.11113435
13.75,93.25,0.9165334,0.08346659
13.75,93.5,0.92329586,0.076704144
13.75,93.75,0.92593724,0.074062765
13.75,94.0,0.9050703,0.094929695
13.75,94.25,0.88386315,0.11613685
13.75,94.5,0.88386315,0.11613685
13.75,94.75,0.8749944,0.1250056
13.75,95.0,0.87142295,0.12857705
13.75,95.25,0.8798023,0.12019771
13.75,95.5,0.89215744,0.107842565
13.75,95.75,0.8800206,0.11997938
13.75,96.0,0.8776299,0.122370124
14.0,68.0,0.824889,0.175111
14.0,68.25,0.8084892,0.1915108
14.0,68.5,0.80370086,0.19629914
14.0,68.75,0.8287029,0.17129707
14.0,69.0,0.8352581,0.16474187
14.0,69.25,0.8529918,0.14700818
14.0,69.5,0.86365724,0.13634276
14.0,69.75,0.87175834,0.12824166
14.0,70.0,0.8718369,0.1281631
14.0,70.25,0.86736196,0.13263804
14.0,70.5,0.8476895,0.15231049
14.0,70.75,0.8244639,0.1755361
14.0,71.0,0.8183576,0.18164241
14.0,71.25,0.81508744,0.18491256
14.0,71.5,0.80899996,0.19100004
14.0,71.75,0.81435484,0.18564516
14.0,72.0,0.87007344,0.12992656
14.0,72.25,0.8703054,0.12969458
14.0,72.5,0.8384352,0.16156483
14.0,72.75,0.798234,0.20176601
14.0,73.0,0.7991522,0.2008478
14.0,73.25,0.81855106,0.18144894
14.0,73.5,0.851097,0.14890301
14.0,73.75,0.8666618,0.13333821
14.0,74.0,0.86745405,0.13254595
14.0,74.25,0.8590617,0.14093828
14.0,74.5,0.84508836,0.15491164
14.0,74.75,0.7979656,0.20203441
14.0,75.0,0.21042888,0.7895711
14.0,75.25,0.21042888,0.7895711
14.0,75.5,0.2099364,0.7900636
14.0,75.75,0.20955995,0.7904401
14.0,76.0,0.20955995,0.7904401
14.0,76.25,0.2090239,0.7909761
14.0,76.5,0.20998918,0.7900108
14.0,76.75,0.20922157,0.7907784
14.0,77.0,0.20888996,0.79111004
14.0,77.25,0.20982535,0.79017466
14.0,77.5,0.20969142,0.7903086
14.0,77.75,0.20919894,0.79080105
14.0,78.0,0.7972464,0.2027536
14.0,78.25,0.80810374,0.19189626
14.0,78.5,0.8034921,0.19650787
14.0,78.75,0.2094329,0.7905671
14.0,79.0,0.21039313,0.78960687
14.0,79.25,0.81425685,0.18574315
14.0,79.5,0.7984624,0.20153761
14.0,79.75,0.21130335,0.78869665
14.0,80.0,0.21150701,0.788493
14.0,80.25,0.21159792,0.7884021
14.0,80.5,0.21161932,0.7883807
14.0,80.75,0.20942909,0.7905709
14.0,81.0,0.20764396,0.792356
14.0,81.25,0.20727172,0.7927283
14.0,81.5,0.20658924,0.7934108
14.0,81.75,0.20760812,0.7923919
14.0,82.0,0.20765378,0.79234624
14.0,82.25,0.2066349,0.7933651
14.0,82.5,0.20658669,0.7934133
14.0,82.75,0.7983295,0.20167053
14.0,83.0,0.79835755,0.20164245
14.0,83.25,0.81092817,0.18907183
14.0,83.5,0.7983126,0.2016874
14.0,83.75,0.20769866,0.79230136
14.0,84.0,0.20597412,0.7940259
14.0,84.25,0.20824698,0.79175305
14.0,84.5,0.7971967,0.20280331
14.0,84.75,0.81133354,0.18866646
14.0,85.0,0.8187239,0.18127608
14.0,85.25,0.80340946,0.19659054
14.0,85.5,0.20670532,0.79329467
14.0,85.75,0.8020536,0.19794643
14.0,86.0,0.8035983,0.19640172
14.0,86.25,0.80914354,0.19085646
14.0,86.5,0.79917073,0.20082927
14.0,86.75,0.8149971,0.18500292
14.0,87.0,0.8449628,0.15503722
14.0,87.25,0.8634715,0.13652849
14.0,87.5,0.86012244,0.13987756
14.0,87.75,0.85986567,0.14013433
14.0,88.0,0.86012244,0.13987756
14.0,88.25,0.85346633,0.14653367
14.0,88.5,0.8314798,0.16852021
14.0,88.75,0.8281478,0.17185217
14.0,89.0,0.8039796,0.19602042
14.0,89.25,0.80366075,0.19633925
14.0,89.5,0.8142716,0.18572837
14.0,89.75,0.81450254,0.18549746
14.0,90.0,0.8235318,0.1764682
14.0,90.25,0.8355591,0.16444087
14.0,90.5,0.8587455,0.14125448
14.0,90.75,0.87746036,0.12253964
14.0,91.0,0.88886565,0.11113435
14.0,91.25,0.8980381,0.10196191
14.0,91.5,0.8879591,0.11204088
14.0,91.75,0.84767747,0.15232253
14.0,92.0,0.8320317,0.16796827
14.0,92.25,0.88433695,0.11566305
14.0,92.5,0.90846765,0.09153235
14.0,92.75,0.9166702,0.0833298
14.0,93.0,0.9175771,0.08242291
14.0,93.25,0.9181624,0.081837595
14.0,93.5,0.9196545,0.08034551
14.0,93.75,0.9339791,0.066020906
14.0,94.0,0.91532046,0.084679544
14.0,94.25,0.89905435,0.10094565
14.0,94.5,0.89361167,0.10638833
14.0,94.75,0.89361167,0.10638833
14.0,95.0,0.8823116,0.11768842
14.0,95.25,0.86681205,0.13318795
14.0,95.5,0.8713043,0.12869573
14.0,95.75,0.8760415,0.12395853
14.0,96.0,0.89416164,0.10583836
14.25,68.0,0.8287029,0.17129707
14.25,68.25,0.8175234,0.18247658
14.25,68.5,0.824889,0.175111
14.25,68.75,0.8352581,0.16474187
14.25,69.0,0.8387546,0.1612454
14.25,69.25,0.8477131,0.15228689
14.25,69.5,0.8603082,0.13969183
14.25,69.75,0.8728851,0.12711489
14.25,70.0,0.8794052,0.1205948
14.25,70.25,0.88227534,0.11772466
14.25,70.5,0.8728851,0.12711489
14.25,70.75,0.86736196,0.13263804
14.25,71.0,0.8600762,0.13992381
14.25,71.25,0.85273623,0.14726377
14.25,71.5,0.8534201,0.14657992
14.25,71.75,0.8372565,0.16274351
14.25,72.0,0.8611811,0.13881892
14.25,72.25,0.8476353,0.15236467
14.25,72.5,0.8348815,0.16511852
14.25,72.75,0.81474,0.18526
14.25,73.0,0.81474,0.18526
14.25,73.25,0.8451941,0.1548059
14.25,73.5,0.8743547,0.12564528
14.25,73.75,0.8821306,0.11786938
14.25,74.0,0.8733569,0.12664312
14.25,74.25,0.8663248,0.13367522
14.25,74.5,0.8508553,0.14914471
14.25,74.75,0.8033355,0.19666451
14.25,75.0,0.2102974,0.7897026
14.25,75.25,0.2102974,0.7897026
14.25,75.5,0.2102974,0.7897026
14.25,75.75,0.20797262,0.79202735
14.25,76.0,0.20955995,0.7904401
14.25,76.25,0.20919894,0.79080105
14.25,76.5,0.20998918,0.7900108
14.25,76.75,0.20888996,0.79111004
14.25,77.0,0.20775327,0.7922467
14.25,77.25,0.20982535,0.79017466
14.25,77.5,0.20956388,0.79043615
14.25,77.75,0.21225639,0.7877436
14.25,78.0,0.20956388,0.79043615
14.25,78.25,0.21012065,0.7898793
14.25,78.5,0.20922157,0.7907784
14.25,78.75,0.20754777,0.7924522
14.25,79.0,0.20834012,0.7916599
14.25,79.25,0.8039447,0.1960553
14.25,79.5,0.7989934,0.20100659
14.25,79.75,0.21131858,0.7886814
14.25,80.0,0.21130335,0.78869665
14.25,80.25,0.21113548,0.7888645
14.25,80.5,0.21044369,0.7895563
14.25,80.75,0.20942909,0.7905709
14.25,81.0,0.20786163,0.79213834
14.25,81.25,0.20649108,0.7935089
14.25,81.5,0.20634824,0.79365176
14.25,81.75,0.2035106,0.7964894
14.25,82.0,0.20658924,0.7934108
14.25,82.25,0.20606947,0.79393053
14.25,82.5,0.20630004,0.7937
14.25,82.75,0.20658669,0.7934133
14.25,83.0,0.20530406,0.794696
14.25,83.25,0.20576273,0.79423726
14.25,83.5,0.2062284,0.7937716
14.25,83.75,0.2061203,0.7938797
14.25,84.0,0.20619051,0.7938095
14.25,84.25,0.20636186,0.7936381
14.25,84.5,0.20680133,0.7931987
14.25,84.75,0.79764014,0.20235986
14.25,85.0,0.8044317,0.19556832
14.25,85.25,0.79764014,0.20235986
14.25,85.5,0.80340946,0.19659054
14.25,85.75,0.8141605,0.18583947
14.25,86.0,0.81430155,0.18569845
14.25,86.25,0.8141078,0.18589222
14.25,86.5,0.82323325,0.17676675
14.25,86.75,0.8503078,0.14969218
14.25,87.0,0.8581961,0.14180392
14.25,87.25,0.8773646,0.122635424
14.25,87.5,0.8716823,0.12831771
14.25,87.75,0.86541754,0.13458246
14.25,88.0,0.86764437,0.13235563
14.25,88.25,0.8759369,0.124063075
14.25,88.5,0.8634715,0.13652849
14.25,88.75,0.8318586,0.16814142
14.25,89.0,0.8185392,0.1814608
14.25,89.25,0.8314614,0.16853857
14.25,89.5,0.83903295,0.16096705
14.25,89.75,0.838897,0.16110301
14.25,90.0,0.82820076,0.17179924
14.25,90.25,0.8237733,0.17622668
14.25,90.5,0.8350719,0.16492808
14.25,90.75,0.8478134,0.15218657
14.25,91.0,0.84767747,0.15232253
14.25,91.25,0.8285535,0.1714465
14.25,91.5,0.84248483,0.15751517
14.25,91.75,0.83182436,0.16817564
14.25,92.0,0.864184,0.13581598
14.25,92.25,0.903538,0.09646201
14.25,92.5,0.9131986,0.08680141
14.25,92.75,0.9133681,0.086631894
14.25,93.0,0.9005822,0.099417806
14.25,93.25,0.8970027,0.1029973
14.25,93.5,0.9083563,0.09164369
14.25,93.75,0.9256795,0.074320495
14.25,94.0,0.9165261,0.08347392
14.25,94.25,0.9108406,0.08915943
14.25,94.5,0.89460665,0.10539335
14.25,94.75,0.8891646,0.11083537
14.25,95.0,0.8823116,0.11768842
14.25,95.25,0.8566233,0.14337671
14.25,95.5,0.87361467,0.12638533
14.25,95.75,0.8861158,0.11388421
14.25,96.0,0.8929342,0.1070658
14.5,68.0,0.8183812,0.18161881
14.5,68.25,0.8287029,0.17129707
14.5,68.5,0.8352581,0.16474187
14.5,68.75,0.82862437,0.17137563
14.5,69.0,0.83226055,0.16773945
14.5,69.25,0.8387546,0.1612454
14.5,69.5,0.8564006,0.14359939
14.5,69.75,0.87622833,0.12377167
14.5,70.0,0.88227534,0.11772466
14.5,70.25,0.8875378,0.11246222
14.5,70.5,0.88607955,0.11392045
14.5,70.75,0.88258433,0.11741567
14.5,71.0,0.88428134,0.11571866
14.5,71.25,0.8819648,0.1180352
14.5,71.5,0.88204336,0.11795664
14.5,71.75,0.894074,0.10592598
14.5,72.0,0.8845381,0.115461886
14.5,72.25,0.83781767,0.16218233
14.5,72.5,0.8098393,0.19016069
14.5,72.75,0.81456727,0.18543273
14.5,73.0,0.82469404,0.17530596
14.5,73.25,0.8478909,0.15210909
14.5,73.5,0.88415027,0.11584973
14.5,73.75,0.89240146,0.10759854
14.5,74.0,0.8763107,0.123689294
14.5,74.25,0.8625661,0.13743389
14.5,74.5,0.8319841,0.1680159
14.5,74.75,0.79834265,0.20165735
14.5,75.0,0.20882328,0.79117674
14.5,75.25,0.20951149,0.7904885
14.5,75.5,0.21000397,0.789996
14.5,75.75,0.21000397,0.789996
14.5,76.0,0.20881526,0.7911847
14.5,76.25,0.21000397,0.789996
14.5,76.5,0.20882328,0.79117674
14.5,76.75,0.21000397,0.789996
14.5,77.0,0.20951149,0.7904885
14.5,77.25,0.2104332,0.7895668
14.5,77.5,0.20987643,0.7901236
14.5,77.75,0.21014012,0.7898599
14.5,78.0,0.21019687,0.78980315
14.5,78.25,0.20955981,0.7904402
14.5,78.5,0.20886414,0.79113585
14.5,78.75,0.20789476,0.79210526
14.5,79.0,0.208855,0.79114497
14.5,79.25,0.21030849,0.7896915
14.5,79.5,0.2101211,0.7898789
14.5,79.75,0.21101265,0.78898734
14.5,80.0,0.21135254,0.7886475
14.5,80.25,0.21164711,0.7883529
14.5,80.5,0.21165034,0.7883496
14.5,80.75,0.21158333,0.7884167
14.5,81.0,0.20791084,0.79208916
14.5,81.25,0.20654027,0.7934597
14.5,81.5,0.20663843,0.79336154
14.5,81.75,0.20663843,0.79336154
14.5,82.0,0.20663843,0.79336154
14.5,82.25,0.20635177,0.79364824
14.5,82.5,0.20659022,0.79340976
14.5,82.75,0.2069268,0.7930732
14.5,83.0,0.2056399,0.7943601
14.5,83.25,0.20710157,0.7928984
14.5,83.5,0.2069599,0.7930401
14.5,83.75,0.20503126,0.7949687
14.5,84.0,0.20685051,0.7931495
14.5,84.25,0.20788954,0.79211044
14.5,84.5,0.2079352,0.7920648
14.5,84.75,0.20806919,0.7919308
14.5,85.0,0.20836449,0.7916355
14.5,85.25,0.7968676,0.20313239
14.5,85.5,0.809433,0.19056702
14.5,85.75,0.82437783,0.17562217
14.5,86.0,0.82784927,0.17215073
14.5,86.25,0.818172,0.18182802
14.5,86.5,0.8418372,0.15816277
14.5,86.75,0.8503078,0.14969218
14.5,87.0,0.85986567,0.14013433
14.5,87.25,0.86541754,0.13458246
14.5,87.5,0.86950046,0.13049954
14.5,87.75,0.86541754,0.13458246
14.5,88.0,0.85986567,0.14013433
14.5,88.25,0.8729534,0.12704659
14.5,88.5,0.88019013,0.119809866
14.5,88.75,0.86080104,0.13919896
14.5,89.0,0.838897,0.16110301
14.5,89.25,0.84503704,0.15496296
14.5,89.5,0.856312,0.14368802
14.5,89.75,0.8663456,0.13365442
14.5,90.0,0.8354999,0.16450012
14.5,90.25,0.8181829,0.18181711
14.5,90.5,0.81466293,0.18533707
14.5,90.75,0.82372195,0.17627805
14.5,91.0,0.83949125,0.16050875
14.5,91.25,0.8454693,0.1545307
14.5,91.5,0.8449928,0.15500718
14.5,91.75,0.8475869,0.15241307
14.5,92.0,0.8675218,0.13247818
14.5,92.25,0.87761444,0.12238556
14.5,92.5,0.87142295,0.12857705
14.5,92.75,0.8802761,0.119723916
14.5,93.0,0.8802761,0.119723916
14.5,93.25,0.86787695,0.13212305
14.5,93.5,0.88407576,0.11592424
14.5,93.75,0.89871734,0.101282656
14.5,94.0,0.90315014,0.09684986
14.5,94.25,0.91603076,0.083969235
14.5,94.5,0.9108733,0.089126706
14.5,94.75,0.8927159,0.10728413
14.5,95.0,0.8882581,0.1117419
14.5,95.25,0.8823116,0.11768842
14.5,95.5,0.8880959,0.111904085
14.5,95.75,0.89318967,0.10681033
14.5,96.0,0.88900244,0.11099756
14.75,68.0,0.8247195,0.17528051
14.75,68.25,0.8352581,0.16474187
14.75,68.5,0.8425756,0.15742439
14.75,68.75,0.8237314,0.17626858
14.75,69.0,0.81493986,0.18506014
14.75,69.25,0.8150201,0.18497992
14.75,69.5,0.85048634,0.14951366
14.75,69.75,0.87449944,0.12550056
14.75,70.0,0.88428134,0.11571866
14.75,70.25,0.88821495,0.111785054
14.75,70.5,0.88821495,0.111785054
14.75,70.75,0.88798296,0.112017035
14.75,71.0,0.88235235,0.11764765
14.75,71.25,0.87909466,0.12090534
14.75,71.5,0.8741889,0.1258111
14.75,71.75,0.88610435,0.113895655
14.75,72.0,0.8931782,0.106821775
14.75,72.25,0.8776808,0.12231922
14.75,72.5,0.83175445,0.16824555
14.75,72.75,0.83919,0.16081
14.75,73.0,0.85674685,0.14325315
14.75,73.25,0.87079144,0.12920856
14.75,73.5,0.894074,0.10592598
14.75,73.75,0.8949068,0.10509318
14.75,74.0,0.8764802,0.12351978
14.75,74.25,0.8320269,0.1679731
14.75,74.5,0.7983201,0.20167989
14.75,74.75,0.20896494,0.79103506
14.75,75.0,0.20856181,0.7914382
14.75,75.25,0.21000397,0.789996
14.75,75.5,0.21000397,0.789996
14.75,75.75,0.20951149,0.7904885
14.75,76.0,0.8035846,0.19641542
14.75,76.25,0.7988479,0.20115209
14.75,76.5,0.20886414,0.79113585
14.75,76.75,0.20886414,0.79113585
14.75,77.0,0.20920251,0.7907975
14.75,77.25,0.20964542,0.7903546
14.75,77.5,0.20933644,0.79066354
14.75,77.75,0.20886414,0.79113585
14.75,78.0,0.20899807,0.7910019
14.75,78.25,0.20899807,0.7910019
14.75,78.5,0.20886414,0.79113585
14.75,78.75,0.7988479,0.20115209
14.75,79.0,0.79834265,0.20165735
14.75,79.25,0.2140172,0.7859828
14.75,79.5,0.2115562,0.7884438
14.75,79.75,0.2118635,0.7881365
14.75,80.0,0.21147121,0.7885288
14.75,80.25,0.21065506,0.7893449
14.75,80.5,0.21101265,0.78898734
14.75,80.75,0.7979561,0.20204389
14.75,81.0,0.20837651,0.7916235
14.75,81.25,0.20732091,0.7926791
14.75,81.5,0.20722763,0.79277235
14.75,81.75,0.20711128,0.7928887
14.75,82.0,0.20677139,0.7932286
14.75,82.25,0.20694341,0.7930566
14.75,82.5,0.20672318,0.7932768
14.75,82.75,0.20774207,0.7922579
14.75,83.0,0.20831224,0.7916877
14.75,83.25,0.20662719,0.7933728
14.75,83.5,0.2073095,0.7926905
14.75,83.75,0.20636666,0.79363334
14.75,84.0,0.20675127,0.7932487
14.75,84.25,0.20806919,0.7919308
14.75,84.5,0.20806919,0.7919308
14.75,84.75,0.2085639,0.7914361
14.75,85.0,0.2085639,0.7914361
14.75,85.25,0.20840757,0.7915924
14.75,85.5,0.7972598,0.20274019
14.75,85.75,0.8094941,0.19050592
14.75,86.0,0.8237005,0.17629951
14.75,86.25,0.81839985,0.18160015
14.75,86.5,0.8310062,0.16899377
14.75,86.75,0.8447385,0.15526152
14.75,87.0,0.8503078,0.14969218
14.75,87.25,0.8341268,0.16587323
14.75,87.5,0.83779275,0.16220725
14.75,87.75,0.8342963,0.16570371
14.75,88.0,0.83779275,0.16220725
14.75,88.25,0.8498235,0.15017653
14.75,88.5,0.857972,0.14202797
14.75,88.75,0.86541754,0.13458246
14.75,89.0,0.856649,0.14335102
14.75,89.25,0.838897,0.16110301
14.75,89.5,0.86080104,0.13919896
14.75,89.75,0.86713785,0.13286215
14.75,90.0,0.8353839,0.16461611
14.75,90.25,0.81912726,0.18087274
14.75,90.5,0.82414794,0.17585206
14.75,90.75,0.8319992,0.16800082
14.75,91.0,0.8447804,0.15521961
14.75,91.25,0.8550068,0.14499319
14.75,91.5,0.84784,0.15215999
14.75,91.75,0.8505997,0.1494003
14.75,92.0,0.8675218,0.13247818
14.75,92.25,0.8858603,0.114139676
14.75,92.5,0.8760415,0.12395853
14.75,92.75,0.8979013,0.1020987
14.75,93.0,0.8958013,0.104198694
14.75,93.25,0.8932405,0.10675949
14.75,93.5,0.89215744,0.107842565
14.75,93.75,0.88199997,0.11800003
14.75,94.0,0.8782504,0.12174958
14.75,94.25,0.90549815,0.09450185
14.75,94.5,0.91655153,0.08344847
14.75,94.75,0.90019435,0.09980565
14.75,95.0,0.90019435,0.09980565
14.75,95.25,0.89491826,0.10508174
14.75,95.5,0.8802761,0.119723916
14.75,95.75,0.8842183,0.115781724
14.75,96.0,0.871287,0.12871301
15.0,68.0,0.8247195,0.17528051
15.0,68.25,0.832182,0.16781801
15.0,68.5,0.8420528,0.15794718
15.0,68.75,0.8352581,0.16474187
15.0,69.0,0.8150201,0.18497992
15.0,69.25,0.8069965,0.19300348
15.0,69.5,0.8286793,0.17132068
15.0,69.75,0.858336,0.14166403
15.0,70.0,0.8728851,0.12711489
15.0,70.25,0.88235235,0.11764765
15.0,70.5,0.88584757,0.11415243
15.0,70.75,0.88230014,0.11769986
15.0,71.0,0.87426746,0.12573254
15.0,71.25,0.877424,0.122576
15.0,71.5,0.88428134,0.11571866
15.0,71.75,0.88026464,0.11973536
15.0,72.0,0.87452424,0.12547576
15.0,72.25,0.88235235,0.11764765
15.0,72.5,0.853276,0.14672399
15.0,72.75,0.8663248,0.13367522
15.0,73.0,0.8923506,0.107649386
15.0,73.25,0.8991797,0.1008203
15.0,73.5,0.9064728,0.0935272
15.0,73.75,0.8991797,0.1008203
15.0,74.0,0.86078024,0.13921976
15.0,74.25,0.81886774,0.18113226
15.0,74.5,0.7979656,0.20203441
15.0,74.75,0.7979656,0.20203441
15.0,75.0,0.7988479,0.20115209
15.0,75.25,0.20933644,0.79066354
15.0,75.5,0.2101379,0.7898621
15.0,75.75,0.20933644,0.79066354
15.0,76.0,0.7973343,0.20266569
15.0,76.25,0.20886414,0.79113585
15.0,76.5,0.20768343,0.79231656
15.0,76.75,0.20886414,0.79113585
15.0,77.0,0.20886414,0.79113585
15.0,77.25,0.20920616,0.79079384
15.0,77.5,0.20886414,0.79113585
15.0,77.75,0.20983115,0.7901689
15.0,78.0,0.21019687,0.78980315
15.0,78.25,0.2106326,0.7893674
15.0,78.5,0.20758928,0.79241073
15.0,78.75,0.7973343,0.20266569
15.0,79.0,0.21100271,0.7889973
15.0,79.25,0.2108505,0.7891495
15.0,79.5,0.21283105,0.787169
15.0,79.75,0.211792,0.788208
15.0,80.0,0.2115562,0.7884438
15.0,80.25,0.21203154,0.78796846
15.0,80.5,0.2115562,0.7884438
15.0,80.75,0.21030849,0.7896915
15.0,81.0,0.20928779,0.79071224
15.0,81.25,0.20785344,0.79214656
15.0,81.5,0.20755203,0.792448
15.0,81.75,0.20823434,0.7917657
15.0,82.0,0.20731494,0.79268503
15.0,82.25,0.20711128,0.7928887
15.0,82.5,0.20672318,0.7932768
15.0,82.75,0.20764741,0.79235256
15.0,83.0,0.20774207,0.7922579
15.0,83.25,0.20685083,0.7931492
15.0,83.5,0.2073095,0.7926905
15.0,83.75,0.20752412,0.7924759
15.0,84.0,0.2079352,0.7920648
15.0,84.25,0.20806919,0.7919308
15.0,84.5,0.20863093,0.7913691
15.0,84.75,0.209268,0.790732
15.0,85.0,0.20957698,0.79042304
15.0,85.25,0.20890227,0.79109776
15.0,85.5,0.79736316,0.20263684
15.0,85.75,0.81393224,0.18606776
15.0,86.0,0.8280294,0.1719706
15.0,86.25,0.8279852,0.17201477
15.0,86.5,0.82410246,0.17589754
15.0,86.75,0.81806463,0.18193537
15.0,87.0,0.83406955,0.16593045
15.0,87.25,0.8141484,0.18585157
15.0,87.5,0.8279852,0.17201477
15.0,87.75,0.82375765,0.17624235
15.0,88.0,0.8341268,0.16587323
15.0,88.25,0.8275716,0.17242843
15.0,88.5,0.8342963,0.16570371
15.0,88.75,0.8532968,0.14670318
15.0,89.0,0.8503078,0.14969218
15.0,89.25,0.8417792,0.15822083
15.0,89.5,0.8480219,0.15197808
15.0,89.75,0.84503704,0.15496296
15.0,90.0,0.83194727,0.16805273
15.0,90.25,0.8245521,0.17544788
15.0,90.5,0.8314614,0.16853857
15.0,90.75,0.8356492,0.16435081
15.0,91.0,0.8451174,0.15488261
15.0,91.25,0.8550068,0.14499319
15.0,91.5,0.84784,0.15215999
15.0,91.75,0.84784,0.15215999
15.0,92.0,0.8743038,0.12569618
15.0,92.25,0.88748807,0.11251193
15.0,92.5,0.88602984,0.11397016
15.0,92.75,0.89444447,0.105555534
15.0,93.0,0.8949691,0.105030894
15.0,93.25,0.89795214,0.10204786
15.0,93.5,0.88886565,0.11113435
15.0,93.75,0.87651527,0.12348473
15.0,94.0,0.88386315,0.11613685
15.0,94.25,0.90066814,0.099331856
15.0,94.5,0.9165334,0.08346659
15.0,94.75,0.91755897,0.08244103
15.0,95.0,0.91580206,0.08419794
15.0,95.25,0.88900244,0.11099756
15.0,95.5,0.8677161,0.13228393
15.0,95.75,0.8550528,0.14494717
15.0,96.0,0.85489064,0.14510936
15.25,68.0,0.81514424,0.18485576
15.25,68.25,0.8287029,0.17129707
15.25,68.5,0.83226055,0.16773945
15.25,68.75,0.8352581,0.16474187
15.25,69.0,0.8244875,0.1755125
15.25,69.25,0.8177755,0.18222451
15.25,69.5,0.8185271,0.1814729
15.25,69.75,0.8477905,0.15220952
15.25,70.0,0.8633731,0.1366269
15.25,70.25,0.8603082,0.13969183
15.25,70.5,0.8600762,0.13992381
15.25,70.75,0.8600762,0.13992381
15.25,71.0,0.8600762,0.13992381
15.25,71.25,0.8732696,0.12673038
15.25,71.5,0.88823974,0.11176026
15.25,71.75,0.88230014,0.11769986
15.25,72.0,0.8733569,0.12664312
15.25,72.25,0.8716922,0.12830782
15.25,72.5,0.86111724,0.13888276
15.25,72.75,0.8880336,0.11196637
15.25,73.0,0.90060586,0.09939414
15.25,73.25,0.9116293,0.08837068
15.25,73.5,0.9108291,0.08917087
15.25,73.75,0.8888215,0.11117852
15.25,74.0,0.8395941,0.16040587
15.25,74.25,0.8193977,0.18060231
15.25,74.5,0.2077589,0.7922411
15.25,74.75,0.20987643,0.7901236
15.25,75.0,0.2097425,0.7902575
15.25,75.25,0.21017173,0.7898283
15.25,75.5,0.2101379,0.7898621
15.25,75.75,0.20994072,0.79005927
15.25,76.0,0.20899807,0.7910019
15.25,76.25,0.20847689,0.7915231
15.25,76.5,0.20886414,0.79113585
15.25,76.75,0.20994072,0.79005927
15.25,77.0,0.20964542,0.7903546
15.25,77.25,0.20920251,0.7907975
15.25,77.5,0.20983115,0.7901689
15.25,77.75,0.2101379,0.7898621
15.25,78.0,0.2099422,0.7900578
15.25,78.25,0.2101379,0.7898621
15.25,78.5,0.20666459,0.79333544
15.25,78.75,0.20995383,0.79004616
15.25,79.0,0.21024227,0.7897577
15.25,79.25,0.21212535,0.78787464
15.25,79.5,0.2148569,0.78514314
15.25,79.75,0.2148569,0.78514314
15.25,80.0,0.21080683,0.78919315
15.25,80.25,0.21283105,0.787169
15.25,80.5,0.21164711,0.7883529
15.25,80.75,0.21068917,0.7893108
15.25,81.0,0.20952731,0.7904727
15.25,81.25,0.20832877,0.7916712
15.25,81.5,0.20639743,0.7936026
15.25,81.75,0.2064138,0.7935862
15.25,82.0,0.20694341,0.7930566
15.25,82.25,0.20712651,0.7928735
15.25,82.5,0.20774207,0.7922579
15.25,82.75,0.20831224,0.7916877
15.25,83.0,0.20831224,0.7916877
15.25,83.25,0.80112535,0.19887465
15.25,83.5,0.20713748,0.79286253
15.25,83.75,0.2067545,0.7932455
15.25,84.0,0.20827729,0.7917227
15.25,84.25,0.20836449,0.7916355
15.25,84.5,0.20813496,0.79186505
15.25,84.75,0.20921835,0.7907816
15.25,85.0,0.21065679,0.78934324
15.25,85.25,0.20891908,0.79108095
15.25,85.5,0.79736316,0.20263684
15.25,85.75,0.8142534,0.18574661
15.25,86.0,0.8314798,0.16852021
15.25,86.25,0.83508533,0.16491467
15.25,86.5,0.83116287,0.16883713
15.25,86.75,0.8241176,0.1758824
15.25,87.0,0.83116287,0.16883713
15.25,87.25,0.8279852,0.17201477
15.25,87.5,0.83116287,0.16883713
15.25,87.75,0.8233605,0.1766395
15.25,88.0,0.83156,0.16843998
15.25,88.25,0.8342963,0.16570371
15.25,88.5,0.843835,0.156165
15.25,88.75,0.85986567,0.14013433
15.25,89.0,0.86975724,0.13024276
15.25,89.25,0.8634715,0.13652849
15.25,89.5,0.86080104,0.13919896
15.25,89.75,0.8499708,0.15002918
15.25,90.0,0.83752465,0.16247535
15.25,90.25,0.8314614,0.16853857
15.25,90.5,0.83459485,0.16540515
15.25,90.75,0.83812696,0.16187304
15.25,91.0,0.83172673,0.16827327
15.25,91.25,0.8319992,0.16800082
15.25,91.5,0.8354666,0.16453338
15.25,91.75,0.8550068,0.14499319
15.25,92.0,0.87095886,0.12904114
15.25,92.25,0.88731855,0.11268145
15.25,92.5,0.89232695,0.10767305
15.25,92.75,0.8863819,0.113618076
15.25,93.0,0.8968659,0.103134096
15.25,93.25,0.8991052,0.10089481
15.25,93.5,0.89318967,0.10681033
15.25,93.75,0.89491826,0.10508174
15.25,94.0,0.89491826,0.10508174
15.25,94.25,0.9079098,0.09209019
15.25,94.5,0.9133681,0.086631894
15.25,94.75,0.91576934,0.08423066
15.25,95.0,0.9056858,0.09431422
15.25,95.25,0.87121433,0.12878567
15.25,95.5,0.84791714,0.15208286
15.25,95.75,0.8551437,0.14485627
15.25,96.0,0.85473615,0.14526385
15.5,68.0,0.7954123,0.2045877
15.5,68.25,0.8150201,0.18497992
15.5,68.5,0.8285231,0.1714769
15.5,68.75,0.8232718,0.17672819
15.5,69.0,0.81830096,0.18169904
15.5,69.25,0.808626,0.191374
15.5,69.5,0.8183576,0.18164241
15.5,69.75,0.842552,0.157448
15.5,70.0,0.85048634,0.14951366
15.5,70.25,0.84232,0.15767998
15.5,70.5,0.8322154,0.16778457
15.5,70.75,0.8320459,0.16795409
15.5,71.0,0.84209967,0.15790033
15.5,71.25,0.86368203,0.13631797
15.5,71.5,0.87452424,0.12547576
15.5,71.75,0.8740177,0.12598228
15.5,72.0,0.8764802,0.12351978
15.5,72.25,0.8716922,0.12830782
15.5,72.5,0.8800951,0.119904876
15.5,72.75,0.89870334,0.10129666
15.5,73.0,0.90840536,0.09159464
15.5,73.25,0.9131363,0.0868637
15.5,73.5,0.90356165,0.09643835
15.5,73.75,0.86644346,0.13355654
15.5,74.0,0.8283215,0.17167848
15.5,74.25,0.8191153,0.18088472
15.5,74.5,0.79806083,0.20193917
15.5,74.75,0.20801511,0.7919849
15.5,75.0,0.21017173,0.7898283
15.5,75.25,0.21020368,0.78979635
15.5,75.5,0.20954454,0.79045546
15.5,75.75,0.20899807,0.7910019
15.5,76.0,0.20768343,0.79231656
15.5,76.25,0.20886414,0.79113585
15.5,76.5,0.20929337,0.79070663
15.5,76.75,0.20899807,0.7910019
15.5,77.0,0.20886414,0.79113585
15.5,77.25,0.20899807,0.7910019
15.5,77.5,0.7953042,0.20469582
15.5,77.75,0.21095124,0.7890488
15.5,78.0,0.21050236,0.7894976
15.5,78.25,0.7950623,0.2049377
15.5,78.5,0.8039183,0.1960817
15.5,78.75,0.8098393,0.19016069
15.5,79.0,0.7967138,0.20328617
15.5,79.25,0.21219987,0.78780013
15.5,79.5,0.211792,0.788208
15.5,79.75,0.2115562,0.7884438
15.5,80.0,0.21198754,0.78801244
15.5,80.25,0.21283105,0.787169
15.5,80.5,0.210726,0.789274
15.5,80.75,0.21078382,0.78921616
15.5,81.0,0.2087577,0.7912423
15.5,81.25,0.20755915,0.79244083
15.5,81.5,0.20446755,0.79553246
15.5,81.75,0.20836045,0.79163957
15.5,82.0,0.20779027,0.79220974
15.5,82.25,0.20625162,0.7937484
15.5,82.5,0.20672318,0.7932768
15.5,82.75,0.7988436,0.20115638
15.5,83.0,0.7992502,0.20074981
15.5,83.25,0.20774207,0.7922579
15.5,83.5,0.2074926,0.7925074
15.5,83.75,0.20870481,0.7912952
15.5,84.0,0.20836449,0.7916355
15.5,84.25,0.20836449,0.7916355
15.5,84.5,0.7959834,0.20401663
15.5,84.75,0.8081078,0.1918922
15.5,85.0,0.7964546,0.20354539
15.5,85.25,0.7939208,0.20607919
15.5,85.5,0.7966393,0.20336068
15.5,85.75,0.8036867,0.19631332
15.5,86.0,0.8141484,0.18585157
15.5,86.25,0.8241176,0.1758824
15.5,86.5,0.8279852,0.17201477
15.5,86.75,0.82410246,0.17589754
15.5,87.0,0.83508533,0.16491467
15.5,87.25,0.8375631,0.1624369
15.5,87.5,0.83406955,0.16593045
15.5,87.75,0.83406955,0.16593045
15.5,88.0,0.843835,0.156165
15.5,88.25,0.84723186,0.15276814
15.5,88.5,0.8525257,0.14747429
15.5,88.75,0.8568185,0.1431815
15.5,89.0,0.8580593,0.14194071
15.5,89.25,0.8634715,0.13652849
15.5,89.5,0.85986567,0.14013433
15.5,89.75,0.856649,0.14335102
15.5,90.0,0.84413356,0.15586644
15.5,90.25,0.83442533,0.16557467
15.5,90.5,0.83442533,0.16557467
15.5,90.75,0.83486015,0.16513985
15.5,91.0,0.82859325,0.17140675
15.5,91.25,0.8285535,0.1714465
15.5,91.5,0.8450038,0.15499622
15.5,91.75,0.8569143,0.14308572
15.5,92.0,0.8734755,0.12652451
15.5,92.25,0.8858603,0.114139676
15.5,92.5,0.8929342,0.1070658
15.5,92.75,0.89361167,0.10638833
15.5,93.0,0.8947815,0.10521853
15.5,93.25,0.8931037,0.10689628
15.5,93.5,0.899242,0.100758016
15.5,93.75,0.9108914,0.08910859
15.5,94.0,0.90863556,0.09136444
15.5,94.25,0.91713446,0.082865536
15.5,94.5,0.899242,0.100758016
15.5,94.75,0.89246374,0.10753626
15.5,95.0,0.8717781,0.12822193
15.5,95.25,0.8391927,0.16080731
15.5,95.5,0.8455668,0.15443319
15.5,95.75,0.87092096,0.12907904
15.5,96.0,0.8820182,0.11798179
15.75,68.0,0.7970715,0.20292848
15.75,68.25,0.7967372,0.2032628
15.75,68.5,0.8150201,0.18497992
15.75,68.75,0.8247195,0.17528051
15.75,69.0,0.82463926,0.17536074
15.75,69.25,0.8184822,0.18151778
15.75,69.5,0.80301493,0.19698507
15.75,69.75,0.8284995,0.1715005
15.75,70.0,0.834833,0.16516697
15.75,70.25,0.83461267,0.16538733
15.75,70.5,0.8320459,0.16795409
15.75,70.75,0.8237078,0.17629218
15.75,71.0,0.8320459,0.16795409
15.75,71.25,0.85677224,0.14322776
15.75,71.5,0.8582698,0.14173019
15.75,71.75,0.8663248,0.13367522
15.75,72.0,0.87452424,0.12547576
15.75,72.25,0.8735264,0.1264736
15.75,72.5,0.884156,0.11584401
15.75,72.75,0.89879185,0.10120815
15.75,73.0,0.90338683,0.09661317
15.75,73.25,0.9084127,0.091587305
15.75,73.5,0.88823974,0.11176026
15.75,73.75,0.83536494,0.16463506
15.75,74.0,0.8141463,0.18585372
15.75,74.25,0.8033355,0.19666451
15.75,74.5,0.20856126,0.79143876
15.75,74.75,0.20941274,0.79058725
15.75,75.0,0.21017173,0.7898283
15.75,75.25,0.21037114,0.78962886
15.75,75.5,0.20963174,0.79036826
15.75,75.75,0.20886414,0.79113585
15.75,76.0,0.20886414,0.79113585
15.75,76.25,0.20933644,0.79066354
15.75,76.5,0.20933644,0.79066354
15.75,76.75,0.20823498,0.79176503
15.75,77.0,0.20802182,0.7919782
15.75,77.25,0.20886414,0.79113585
15.75,77.5,0.2101379,0.7898621
15.75,77.75,0.79772913,0.20227087
15.75,78.0,0.80151945,0.19848055
15.75,78.25,0.7972464,0.2027536
15.75,78.5,0.79834265,0.20165735
15.75,78.75,0.8034921,0.19650787
15.75,79.0,0.8447382,0.15526181
15.75,79.25,0.80386275,0.19613725
15.75,79.5,0.2147229,0.7852771
15.75,79.75,0.2173263,0.7826737
15.75,80.0,0.21080683,0.78919315
15.75,80.25,0.21179329,0.7882067
15.75,80.5,0.21135254,0.7886475
15.75,80.75,0.21078382,0.78921616
15.75,81.0,0.20914613,0.79085386
15.75,81.25,0.20730989,0.7926901
15.75,81.5,0.20677139,0.7932286
15.75,81.75,0.20858978,0.7914102
15.75,82.0,0.2077936,0.7922064
15.75,82.25,0.21339715,0.78660285
15.75,82.5,0.20569748,0.7943025
15.75,82.75,0.20706308,0.7929369
15.75,83.0,0.20679507,0.7932049
15.75,83.25,0.20842437,0.7915756
15.75,83.5,0.80358875,0.19641125
15.75,83.75,0.7978063,0.20219368
15.75,84.0,0.81750417,0.18249583
15.75,84.25,0.83167505,0.16832495
15.75,84.5,0.84421134,0.15578866
15.75,84.75,0.84421134,0.15578866
15.75,85.0,0.816342,0.183658
15.75,85.25,0.79495907,0.20504093
15.75,85.5,0.20891908,0.79108095
15.75,85.75,0.2095006,0.7904994
15.75,86.0,0.813978,0.18602198
15.75,86.25,0.8179759,0.18202412
15.75,86.5,0.8141484,0.18585157
15.75,86.75,0.81824064,0.18175936
15.75,87.0,0.8241176,0.1758824
15.75,87.25,0.83406955,0.16593045
15.75,87.5,0.84161377,0.15838623
15.75,87.75,0.8413841,0.15861589
15.75,88.0,0.84455353,0.15544647
15.75,88.25,0.8498235,0.15017653
15.75,88.5,0.856649,0.14335102
15.75,88.75,0.86012244,0.13987756
15.75,89.0,0.8582288,0.1417712
15.75,89.25,0.8529598,0.14704019
15.75,89.5,0.8380913,0.16190869
15.75,89.75,0.8379218,0.1620782
15.75,90.0,0.83442533,0.16557467
15.75,90.25,0.8320281,0.16797191
15.75,90.5,0.8318586,0.16814142
15.75,90.75,0.8346334,0.16536659
15.75,91.0,0.8321981,0.16780192
15.75,91.25,0.839432,0.160568
15.75,91.5,0.8583246,0.14167541
15.75,91.75,0.87002254,0.12997746
15.75,92.0,0.87074053,0.12925947
15.75,92.25,0.87062186,0.12937814
15.75,92.5,0.87361467,0.12638533
15.75,92.75,0.8904792,0.10952079
15.75,93.0,0.88386315,0.11613685
15.75,93.25,0.8842183,0.115781724
15.75,93.5,0.90580446,0.094195545
15.75,93.75,0.9158202,0.08417982
15.75,94.0,0.91040313,0.08959687
15.75,94.25,0.9036748,0.09632522
15.75,94.5,0.873306,0.12669402
15.75,94.75,0.8349635,0.1650365
15.75,95.0,0.8096016,0.1903984
15.75,95.25,0.81714535,0.18285465
15.75,95.5,0.8391927,0.16080731
15.75,95.75,0.8802761,0.119723916
15.75,96.0,0.908765,0.09123498
16.0,68.0,0.7970305,0.20296949
16.0,68.25,0.7967372,0.2032628
16.0,68.5,0.79795104,0.20204896
16.0,68.75,0.808626,0.191374
16.0,69.0,0.8244875,0.1755125
16.0,69.25,0.814032,0.18596798
16.0,69.5,0.8140084,0.18599159
16.0,69.75,0.8173695,0.18263048
16.0,70.0,0.8243089,0.17569113
16.0,70.25,0.82804716,0.17195284
16.0,70.5,0.8237078,0.17629218
16.0,70.75,0.808718,0.19128197
16.0,71.0,0.81768936,0.18231064
16.0,71.25,0.8450394,0.15496057
16.0,71.5,0.8534201,0.14657992
16.0,71.75,0.8611811,0.13881892
16.0,72.0,0.8666618,0.13333821
16.0,72.25,0.86745405,0.13254595
16.0,72.5,0.87751126,0.12248874
16.0,72.75,0.8921758,0.10782421
16.0,73.0,0.8988401,0.10115987
16.0,73.25,0.89912885,0.100871146
16.0,73.5,0.86078024,0.13921976
16.0,73.75,0.81929433,0.18070567
16.0,74.0,0.81507,0.18493003
16.0,74.25,0.797871,0.202129
16.0,74.5,0.20954274,0.79045725
16.0,74.75,0.2086994,0.7913006
16.0,75.0,0.20987643,0.7901236
16.0,75.25,0.21017173,0.7898283
16.0,75.5,0.20996532,0.79003465
16.0,75.75,0.20963174,0.79036826
16.0,76.0,0.20933644,0.79066354
16.0,76.25,0.20768343,0.79231656
16.0,76.5,0.20920251,0.7907975
16.0,76.75,0.20899807,0.7910019
16.0,77.0,0.21000397,0.789996
16.0,77.25,0.2104332,0.7895668
16.0,77.5,0.7972464,0.2027536
16.0,77.75,0.8097981,0.19020188
16.0,78.0,0.80357134,0.19642866
16.0,78.25,0.7969421,0.20305789
16.0,78.5,0.2104332,0.7895668
16.0,78.75,0.21058246,0.7894175
16.0,79.0,0.82819194,0.17180806
16.0,79.25,0.8035461,0.19645393
16.0,79.5,0.2148569,0.78514314
16.0,79.75,0.21519527,0.7848047
16.0,80.0,0.2114542,0.7885458
16.0,80.25,0.2148569,0.78514314
16.0,80.5,0.21283105,0.787169
16.0,80.75,0.21154468,0.7884553
16.0,81.0,0.20928779,0.79071224
16.0,81.25,0.20730989,0.7926901
16.0,81.5,0.20823306,0.79176694
16.0,81.75,0.20858978,0.7914102
16.0,82.0,0.20940602,0.790594
16.0,82.25,0.2077936,0.7922064
16.0,82.5,0.2074055,0.7925945
16.0,82.75,0.20548432,0.79451567
16.0,83.0,0.20708963,0.79291034
16.0,83.25,0.8034349,0.19656509
16.0,83.5,0.8190289,0.18097109
16.0,83.75,0.82500273,0.17499727
16.0,84.0,0.8525257,0.14747429
16.0,84.25,0.8560591,0.14394093
16.0,84.5,0.8503768,0.14962322
16.0,84.75,0.83167505,0.16832495
16.0,85.0,0.79653484,0.20346516
16.0,85.25,0.20910649,0.7908935
16.0,85.5,0.20862038,0.79137963
16.0,85.75,0.20884396,0.79115605
16.0,86.0,0.7972048,0.20279521
16.0,86.25,0.80345273,0.19654727
16.0,86.5,0.8031339,0.1968661
16.0,86.75,0.8141484,0.18585157
16.0,87.0,0.8179759,0.18202412
16.0,87.25,0.8340666,0.16593337
16.0,87.5,0.84723186,0.15276814
16.0,87.75,0.84723186,0.15276814
16.0,88.0,0.85320956,0.14679044
16.0,88.25,0.8790987,0.12090129
16.0,88.5,0.8933597,0.10664028
16.0,88.75,0.8872313,0.11276871
16.0,89.0,0.88196886,0.118031144
16.0,89.25,0.85986567,0.14013433
16.0,89.5,0.8314614,0.16853857
16.0,89.75,0.8320281,0.16797191
16.0,90.0,0.8177179,0.18228209
16.0,90.25,0.8176377,0.18236232
16.0,90.5,0.8245521,0.17544788
16.0,90.75,0.8358996,0.16410041
16.0,91.0,0.84554446,0.15445554
16.0,91.25,0.8635673,0.1364327
16.0,91.5,0.88816524,0.111834764
16.0,91.75,0.8908162,0.10918379
16.0,92.0,0.8743038,0.12569618
16.0,92.25,0.873306,0.12669402
16.0,92.5,0.872969,0.12703103
16.0,92.75,0.87746036,0.12253964
16.0,93.0,0.89069754,0.10930246
16.0,93.25,0.8991052,0.10089481
16.0,93.5,0.90495163,0.09504837
16.0,93.75,0.8975643,0.10243571
16.0,94.0,0.89491826,0.10508174
16.0,94.25,0.8679956,0.13200438
16.0,94.5,0.80935794,0.19064206
16.0,94.75,0.7964047,0.20359528
16.0,95.0,0.2060385,0.7939615
16.0,95.25,0.20650095,0.79349905
16.0,95.5,0.20650095,0.79349905
16.0,95.75,0.8452281,0.15477192
16.0,96.0,0.9057971,0.094202876
16.25,68.0,0.20935777,0.79064226
16.25,68.25,0.7974595,0.20254052
16.25,68.5,0.7974595,0.20254052
16.25,68.75,0.79670584,0.20329416
16.25,69.0,0.8280811,0.17191893
16.25,69.25,0.8177755,0.18222451
16.25,69.5,0.8285829,0.17141712
16.25,69.75,0.8320459,0.16795409
16.25,70.0,0.818095,0.18190497
16.25,70.25,0.8177519,0.18224812
16.25,70.5,0.8140084,0.18599159
16.25,70.75,0.8028833,0.19711667
16.25,71.0,0.8140084,0.18599159
16.25,71.25,0.8423035,0.15769649
16.25,71.5,0.8582698,0.14173019
16.25,71.75,0.856067,0.143933
16.25,72.0,0.85367686,0.14632314
16.25,72.25,0.8659905,0.13400948
16.25,72.5,0.8741364,0.12586361
16.25,72.75,0.8878588,0.11214119
16.25,73.0,0.8970772,0.1029228
16.25,73.25,0.8905537,0.10944629
16.25,73.5,0.8241415,0.1758585
16.25,73.75,0.81507,0.18493003
16.25,74.0,0.81118053,0.18881947
16.25,74.25,0.20842732,0.7915727
16.25,74.5,0.20754749,0.7924525
16.25,74.75,0.20876102,0.79123896
16.25,75.0,0.20907071,0.7909293
16.25,75.25,0.20907071,0.7909293
16.25,75.5,0.2097425,0.7902575
16.25,75.75,0.2092733,0.7907267
16.25,76.0,0.2097425,0.7902575
16.25,76.25,0.2097425,0.7902575
16.25,76.5,0.2097425,0.7902575
16.25,76.75,0.20987643,0.7901236
16.25,77.0,0.2106326,0.7893674
16.25,77.25,0.7967138,0.20328617
16.25,77.5,0.8034921,0.19650787
16.25,77.75,0.8034921,0.19650787
16.25,78.0,0.21037114,0.78962886
16.25,78.25,0.20977865,0.79022133
16.25,78.5,0.2097425,0.7902575
16.25,78.75,0.20971127,0.79028875
16.25,79.0,0.21118143,0.7888186
16.25,79.25,0.21594827,0.7840517
16.25,79.5,0.21283105,0.787169
16.25,79.75,0.21550424,0.7844958
16.25,80.0,0.21693073,0.78306925
16.25,80.25,0.2148569,0.78514314
16.25,80.5,0.21283105,0.787169
16.25,80.75,0.79850733,0.20149267
16.25,81.0,0.79999316,0.20000684
16.25,81.25,0.2069523,0.79304767
16.25,81.5,0.7983777,0.2016223
16.25,81.75,0.79852444,0.20147556
16.25,82.0,0.79877275,0.20122725
16.25,82.25,0.20799725,0.79200274
16.25,82.5,0.20711884,0.79288113
16.25,82.75,0.20611611,0.7938839
16.25,83.0,0.7988436,0.20115638
16.25,83.25,0.8099179,0.19008207
16.25,83.5,0.8245961,0.1754039
16.25,83.75,0.81611896,0.18388104
16.25,84.0,0.83167505,0.16832495
16.25,84.25,0.83167505,0.16832495
16.25,84.5,0.8228173,0.17718267
16.25,84.75,0.8139628,0.18603718
16.25,85.0,0.7972369,0.20276308
16.25,85.25,0.20891908,0.79108095
16.25,85.5,0.20878232,0.7912177
16.25,85.75,0.20890501,0.791095
16.25,86.0,0.20829542,0.7917046
16.25,86.25,0.20829542,0.7917046
16.25,86.5,0.7977359,0.20226407
16.25,86.75,0.8093207,0.19067931
16.25,87.0,0.82425356,0.17574644
16.25,87.25,0.81432444,0.18567556
16.25,87.5,0.82801676,0.17198324
16.25,87.75,0.8498235,0.15017653
16.25,88.0,0.86950046,0.13049954
16.25,88.25,0.88577306,0.11422694
16.25,88.5,0.8933597,0.10664028
16.25,88.75,0.88577306,0.11422694
16.25,89.0,0.8897936,0.110206425
16.25,89.25,0.86950046,0.13049954
16.25,89.5,0.83442533,0.16557467
16.25,89.75,0.8240562,0.17594379
16.25,90.0,0.7982001,0.20179993
16.25,90.25,0.8041307,0.19586933
16.25,90.5,0.81500703,0.18499297
16.25,90.75,0.8285535,0.1714465
16.25,91.0,0.8475869,0.15241307
16.25,91.25,0.8739668,0.12603319
16.25,91.5,0.8908162,0.10918379
16.25,91.75,0.8927159,0.10728413
16.25,92.0,0.8745206,0.1254794
16.25,92.25,0.88019013,0.119809866
16.25,92.5,0.89086705,0.109132946
16.25,92.75,0.8876221,0.11237788
16.25,93.0,0.8965289,0.1034711
16.25,93.25,0.89905435,0.10094565
16.25,93.5,0.888747,0.11125302
16.25,93.75,0.8821929,0.11780709
16.25,94.0,0.8844309,0.115569115
16.25,94.25,0.8312715,0.16872847
16.25,94.5,0.206603,0.793397
16.25,94.75,0.20650095,0.79349905
16.25,95.0,0.20622161,0.7937784
16.25,95.25,0.20586649,0.79413354
16.25,95.5,0.20586649,0.79413354
16.25,95.75,0.8114417,0.18855828
16.25,96.0,0.8507754,0.14922458
16.5,68.0,0.79795104,0.20204896
16.5,68.25,0.80334127,0.19665873
16.5,68.5,0.79702383,0.20297617
16.5,68.75,0.7971886,0.20281142
16.5,69.0,0.80817366,0.19182634
16.5,69.25,0.8142024,0.18579757
16.5,69.5,0.84193015,0.15806985
16.5,69.75,0.8372565,0.16274351
16.5,70.0,0.81400347,0.18599653
16.5,70.25,0.8093219,0.19067812
16.5,70.5,0.81435484,0.18564516
16.5,70.75,0.80899996,0.19100004
16.5,71.0,0.8141788,0.18582118
16.5,71.25,0.8419665,0.15803349
16.5,71.5,0.8582698,0.14173019
16.5,71.75,0.84730315,0.15269685
16.5,72.0,0.84730315,0.15269685
16.5,72.25,0.86078024,0.13921976
16.5,72.5,0.87100977,0.12899023
16.5,72.75,0.8819385,0.11806148
16.5,73.0,0.88876534,0.111234665
16.5,73.25,0.87147385,0.12852615
16.5,73.5,0.824113,0.17588699
16.5,73.75,0.8285812,0.17141879
16.5,74.0,0.8033355,0.19666451
16.5,74.25,0.20873702,0.791263
16.5,74.5,0.20842732,0.7915727
16.5,74.75,0.20876102,0.79123896
16.5,75.0,0.20772327,0.79227674
16.5,75.25,0.20788118,0.7921188
16.5,75.5,0.20788118,0.7921188
16.5,75.75,0.20788118,0.7921188
16.5,76.0,0.20907071,0.7909293
16.5,76.25,0.20987643,0.7901236
16.5,76.5,0.2101379,0.7898621
16.5,76.75,0.21000397,0.789996
16.5,77.0,0.20920251,0.7907975
16.5,77.25,0.7978669,0.20213312
16.5,77.5,0.79797024,0.20202976
16.5,77.75,0.2101379,0.7898621
16.5,78.0,0.20907071,0.7909293
16.5,78.25,0.20910305,0.79089695
16.5,78.5,0.21024089,0.7897591
16.5,78.75,0.2109011,0.7890989
16.5,79.0,0.21074066,0.7892593
16.5,79.25,0.21130338,0.78869665
16.5,79.5,0.21038316,0.7896168
16.5,79.75,0.2110726,0.78892744
16.5,80.0,0.21204597,0.78795403
16.5,80.25,0.2110726,0.78892744
16.5,80.5,0.2117516,0.7882484
16.5,80.75,0.8107804,0.1892196
16.5,81.0,0.8320168,0.16798317
16.5,81.25,0.8356426,0.16435742
16.5,81.5,0.8539843,0.1460157
16.5,81.75,0.8817625,0.118237495
16.5,82.0,0.87705123,0.122948766
16.5,82.25,0.850662,0.149338
16.5,82.5,0.20727357,0.7927264
16.5,82.75,0.20845427,0.79154575
16.5,83.0,0.7971967,0.20280331
16.5,83.25,0.8097648,0.1902352
16.5,83.5,0.8239528,0.1760472
16.5,83.75,0.8318354,0.16816461
16.5,84.0,0.8415459,0.15845412
16.5,84.25,0.83167505,0.16832495
16.5,84.5,0.80753326,0.19246674
16.5,84.75,0.7966393,0.20336068
16.5,85.0,0.20840757,0.7915924
16.5,85.25,0.20870286,0.79129714
16.5,85.5,0.20870286,0.79129714
16.5,85.75,0.20856664,0.79143333
16.5,86.0,0.7975628,0.20243722
16.5,86.25,0.81432444,0.18567556
16.5,86.5,0.8031228,0.19687718
16.5,86.75,0.8093207,0.19067931
16.5,87.0,0.81432444,0.18567556
16.5,87.25,0.79661787,0.20338213
16.5,87.5,0.81741935,0.18258065
16.5,87.75,0.84702665,0.15297335
16.5,88.0,0.857972,0.14202797
16.5,88.25,0.86541754,0.13458246
16.5,88.5,0.86950046,0.13049954
16.5,88.75,0.86321473,0.13678527
16.5,89.0,0.86950046,0.13049954
16.5,89.25,0.8525257,0.14747429
16.5,89.5,0.8282838,0.17171621
16.5,89.75,0.8037989,0.19620109
16.5,90.0,0.2104679,0.78953207
16.5,90.25,0.21062984,0.7893702
16.5,90.5,0.7977566,0.20224339
16.5,90.75,0.81527233,0.18472767
16.5,91.0,0.8395664,0.16043359
16.5,91.25,0.85899353,0.14100647
16.5,91.5,0.871287,0.12871301
16.5,91.75,0.88386315,0.11613685
16.5,92.0,0.872969,0.12703103
16.5,92.25,0.8764293,0.12357068
16.5,92.5,0.88748807,0.11251193
16.5,92.75,0.8840815,0.11591852
16.5,93.0,0.8879591,0.11204088
16.5,93.25,0.8800206,0.11997938
16.5,93.5,0.87074053,0.12925947
16.5,93.75,0.8716413,0.12835872
16.5,94.0,0.8502361,0.14976388
16.5,94.25,0.8093465,0.1906535
16.5,94.5,0.206603,0.793397
16.5,94.75,0.20621575,0.79378426
16.5,95.0,0.20586649,0.79413354
16.5,95.25,0.20586649,0.79413354
16.5,95.5,0.20529048,0.7947095
16.5,95.75,0.20461732,0.7953827
16.5,96.0,0.81516004,0.18483996
16.75,68.0,0.80337983,0.19662017
16.75,68.25,0.8094579,0.1905421
16.75,68.5,0.8031569,0.19684309
16.75,68.75,0.80269855,0.19730145
16.75,69.0,0.80269855,0.19730145
16.75,69.25,0.80817366,0.19182634
16.75,69.5,0.842552,0.157448
16.75,69.75,0.83461267,0.16538733
16.75,70.0,0.8237078,0.17629218
16.75,70.25,0.8032,0.1968
16.75,70.5,0.8032264,0.19677359
16.75,70.75,0.8141788,0.18582118
16.75,71.0,0.824148,0.175852
16.75,71.25,0.8280156,0.17198437
16.75,71.5,0.83119327,0.16880673
16.75,71.75,0.8312897,0.16871029
16.75,72.0,0.8314657,0.16853428
16.75,72.25,0.86111724,0.13888276
16.75,72.5,0.87067276,0.12932724
16.75,72.75,0.8761186,0.1238814
16.75,73.0,0.8817625,0.118237495
16.75,73.25,0.8426566,0.15734339
16.75,73.5,0.81105155,0.18894845
16.75,73.75,0.82863015,0.17136985
16.75,74.0,0.7982077,0.2017923
16.75,74.25,0.20754749,0.7924525
16.75,74.5,0.20834976,0.79165024
16.75,74.75,0.20670049,0.7932995
16.75,75.0,0.20788118,0.7921188
16.75,75.25,0.20876102,0.79123896
16.75,75.5,0.20907071,0.7909293
16.75,75.75,0.20935525,0.79064476
16.75,76.0,0.20870347,0.79129654
16.75,76.25,0.20882328,0.79117674
16.75,76.5,0.20881526,0.7911847
16.75,76.75,0.20951149,0.7904885
16.75,77.0,0.8034445,0.1965555
16.75,77.25,0.8143279,0.1856721
16.75,77.5,0.8034921,0.19650787
16.75,77.75,0.2097425,0.7902575
16.75,78.0,0.20868346,0.7913165
16.75,78.25,0.20889881,0.7911012
16.75,78.5,0.21001798,0.789982
16.75,78.75,0.20985973,0.7901403
16.75,79.0,0.21044198,0.78955805
16.75,79.25,0.20701267,0.79298735
16.75,79.5,0.20983504,0.79016495
16.75,79.75,0.21038316,0.7896168
16.75,80.0,0.21170759,0.7882924
16.75,80.25,0.2117516,0.7882484
16.75,80.5,0.20932138,0.7906786
16.75,80.75,0.20961232,0.7903877
16.75,81.0,0.81483567,0.18516433
16.75,81.25,0.8256839,0.17431611
16.75,81.5,0.8190808,0.18091917
16.75,81.75,0.8889583,0.111041725
16.75,82.0,0.9161234,0.08387661
16.75,82.25,0.8993165,0.10068351
16.75,82.5,0.8036867,0.19631332
16.75,82.75,0.20922188,0.7907781
16.75,83.0,0.2091049,0.7908951
16.75,83.25,0.7976024,0.20239758
16.75,83.5,0.8035825,0.19641751
16.75,83.75,0.8282606,0.1717394
16.75,84.0,0.83750147,0.16249853
16.75,84.25,0.8343449,0.16565508
16.75,84.5,0.8177984,0.18220162
16.75,84.75,0.8097236,0.19027638
16.75,85.0,0.7974881,0.2025119
16.75,85.25,0.20754795,0.79245204
16.75,85.5,0.20675127,0.7932487
16.75,85.75,0.20694971,0.7930503
16.75,86.0,0.7984705,0.2015295
16.75,86.25,0.7984403,0.20155972
16.75,86.5,0.2071115,0.7928885
16.75,86.75,0.20708124,0.79291874
16.75,87.0,0.7991867,0.2008133
16.75,87.25,0.8031228,0.19687718
16.75,87.5,0.81432444,0.18567556
16.75,87.75,0.83172953,0.16827047
16.75,88.0,0.8277411,0.17225891
16.75,88.25,0.83156,0.16843998
16.75,88.5,0.83779275,0.16220725
16.75,88.75,0.84702665,0.15297335
16.75,89.0,0.8447648,0.15523517
16.75,89.25,0.8283153,0.17168468
16.75,89.5,0.8142766,0.18572342
16.75,89.75,0.8037989,0.19620109
16.75,90.0,0.21082924,0.78917074
16.75,90.25,0.21062984,0.7893702
16.75,90.5,0.20968719,0.7903128
16.75,90.75,0.80431134,0.19568866
16.75,91.0,0.81873584,0.18126416
16.75,91.25,0.8358996,0.16410041
16.75,91.5,0.8505997,0.1494003
16.75,91.75,0.85656,0.14344001
16.75,92.0,0.84784,0.15215999
16.75,92.25,0.8635673,0.1364327
16.75,92.5,0.88748807,0.11251193
16.75,92.75,0.8851586,0.1148414
16.75,93.0,0.8818378,0.118162215
16.75,93.25,0.8760415,0.12395853
16.75,93.5,0.87095886,0.12904114
16.75,93.75,0.8478134,0.15218657
16.75,94.0,0.8180897,0.18191028
16.75,94.25,0.80978996,0.19021004
16.75,94.5,0.79621476,0.20378524
16.75,94.75,0.206737,0.793263
16.75,95.0,0.20596083,0.7940392
16.75,95.25,0.2060385,0.7939615
16.75,95.5,0.20586649,0.79413354
16.75,95.75,0.2060601,0.7939399
16.75,96.0,0.20753445,0.79246557
17.0,68.0,0.8183812,0.18161881
17.0,68.25,0.81784546,0.18215454
17.0,68.5,0.81448436,0.18551564
17.0,68.75,0.808626,0.191374
17.0,69.0,0.80817366,0.19182634
17.0,69.25,0.8144875,0.18551248
17.0,69.5,0.8322663,0.16773373
17.0,69.75,0.82850266,0.17149734
17.0,70.0,0.8320459,0.16795409
17.0,70.25,0.81827104,0.18172896
17.0,70.5,0.81768936,0.18231064
17.0,70.75,0.83119327,0.16880673
17.0,71.0,0.8349798,0.16502023
17.0,71.25,0.8140061,0.18599391
17.0,71.5,0.8139099,0.18609011
17.0,71.75,0.8140061,0.18599391
17.0,72.0,0.83903295,0.16096705
17.0,72.25,0.8636182,0.1363818
17.0,72.5,0.8716922,0.12830782
17.0,72.75,0.8819385,0.11806148
17.0,73.0,0.8735158,0.12648422
17.0,73.25,0.8289114,0.17108858
17.0,73.5,0.82429206,0.17570794
17.0,73.75,0.8319283,0.16807169
17.0,74.0,0.7982077,0.2017923
17.0,74.25,0.20856126,0.79143876
17.0,74.5,0.20754749,0.7924525
17.0,74.75,0.20788118,0.7921188
17.0,75.0,0.20822321,0.7917768
17.0,75.25,0.20940723,0.7905928
17.0,75.5,0.20788118,0.7921188
17.0,75.75,0.20789002,0.79210997
17.0,76.0,0.20987643,0.7901236
17.0,76.25,0.20987643,0.7901236
17.0,76.5,0.2101379,0.7898621
17.0,76.75,0.2101379,0.7898621
17.0,77.0,0.20920251,0.7907975
17.0,77.25,0.2083308,0.7916692
17.0,77.5,0.20896494,0.79103506
17.0,77.75,0.20856181,0.7914382
17.0,78.0,0.20920464,0.7907953
17.0,78.25,0.20934972,0.79065025
17.0,78.5,0.20977865,0.79022133
17.0,78.75,0.20976469,0.7902353
17.0,79.0,0.20999484,0.79000515
17.0,79.25,0.21060245,0.78939754
17.0,79.5,0.21215986,0.7878401
17.0,79.75,0.21181828,0.7881817
17.0,80.0,0.21052365,0.78947634
17.0,80.25,0.79881924,0.20118076
17.0,80.5,0.79881924,0.20118076
17.0,80.75,0.80366534,0.19633466
17.0,81.0,0.8094934,0.19050658
17.0,81.25,0.8239963,0.1760037
17.0,81.5,0.8182342,0.1817658
17.0,81.75,0.8426609,0.1573391
17.0,82.0,0.8931274,0.10687262
17.0,82.25,0.86053854,0.13946146
17.0,82.5,0.7980126,0.20198739
17.0,82.75,0.20901366,0.79098636
17.0,83.0,0.20853609,0.7914639
17.0,83.25,0.20823741,0.7917626
17.0,83.5,0.7980196,0.20198041
17.0,83.75,0.8096226,0.19037741
17.0,84.0,0.81799686,0.18200314
17.0,84.25,0.81793433,0.18206567
17.0,84.5,0.824033,0.17596698
17.0,84.75,0.83143824,0.16856176
17.0,85.0,0.8037251,0.19627488
17.0,85.25,0.7985227,0.20147729
17.0,85.5,0.7988436,0.20115638
17.0,85.75,0.8037216,0.1962784
17.0,86.0,0.80914354,0.19085646
17.0,86.25,0.7984122,0.2015878
17.0,86.5,0.20691802,0.793082
17.0,86.75,0.20659582,0.79340416
17.0,87.0,0.20822328,0.7917767
17.0,87.25,0.20826194,0.79173803
17.0,87.5,0.8141484,0.18585157
17.0,87.75,0.8236774,0.17632258
17.0,88.0,0.80345273,0.19654727
17.0,88.25,0.80350035,0.19649965
17.0,88.5,0.8177215,0.18227851
17.0,88.75,0.81802005,0.18197995
17.0,89.0,0.8093338,0.1906662
17.0,89.25,0.8095098,0.19049019
17.0,89.5,0.8092279,0.19077212
17.0,89.75,0.8037989,0.19620109
17.0,90.0,0.8041307,0.19586933
17.0,90.25,0.8043067,0.19569331
17.0,90.5,0.7978351,0.20216489
17.0,90.75,0.79887456,0.20112544
17.0,91.0,0.809849,0.19015098
17.0,91.25,0.8244041,0.17559588
17.0,91.5,0.8354666,0.16453338
17.0,91.75,0.83916736,0.16083264
17.0,92.0,0.8420829,0.15791708
17.0,92.25,0.86348003,0.13651997
17.0,92.5,0.8762022,0.123797774
17.0,92.75,0.8842941,0.11570591
17.0,93.0,0.8865441,0.11345589
17.0,93.25,0.86740315,0.13259685
17.0,93.5,0.84530324,0.15469676
17.0,93.75,0.8110597,0.18894029
17.0,94.0,0.81435764,0.18564236
17.0,94.25,0.8175372,0.18246281
17.0,94.5,0.8282505,0.17174947
17.0,94.75,0.79672295,0.20327705
17.0,95.0,0.20596083,0.7940392
17.0,95.25,0.20596083,0.7940392
17.0,95.5,0.20664585,0.79335415
17.0,95.75,0.2060385,0.7939615
17.0,96.0,0.20676483,0.7932352
17.25,68.0,0.81448436,0.18551564
17.25,68.25,0.8247195,0.17528051
17.25,68.5,0.82418376,0.17581624
17.25,68.75,0.8184822,0.18151778
17.25,69.0,0.81448436,0.18551564
17.25,69.25,0.8086926,0.19130743
17.25,69.5,0.8237078,0.17629218
17.25,69.75,0.8280156,0.17198437
17.25,70.0,0.8324358,0.16756421
17.25,70.25,0.83409995,0.16590005
17.25,70.5,0.8387648,0.16123521
17.25,70.75,0.8447689,0.15523112
17.25,71.0,0.8314657,0.16853428
17.25,71.25,0.80899537,0.19100463
17.25,71.5,0.8092226,0.19077742
17.25,71.75,0.81378603,0.18621397
17.25,72.0,0.8372565,0.16274351
17.25,72.25,0.8569652,0.14303482
17.25,72.5,0.8733569,0.12664312
17.25,72.75,0.8852331,0.114766896
17.25,73.0,0.8735158,0.12648422
17.25,73.25,0.8354762,0.16452378
17.25,73.5,0.8320278,0.1679722
17.25,73.75,0.8319283,0.16807169
17.25,74.0,0.797871,0.202129
17.25,74.25,0.20636679,0.7936332
17.25,74.5,0.20755632,0.7924437
17.25,74.75,0.20876102,0.79123896
17.25,75.0,0.2097425,0.7902575
17.25,75.25,0.21000397,0.789996
17.25,75.5,0.21000397,0.789996
17.25,75.75,0.20987643,0.7901236
17.25,76.0,0.20907071,0.7909293
17.25,76.25,0.20907071,0.7909293
17.25,76.5,0.20768343,0.79231656
17.25,76.75,0.21000397,0.789996
17.25,77.0,0.21000397,0.789996
17.25,77.25,0.20896494,0.79103506
17.25,77.5,0.20816348,0.7918365
17.25,77.75,0.21000397,0.789996
17.25,78.0,0.20889495,0.79110503
17.25,78.25,0.20605107,0.79394895
17.25,78.5,0.20876102,0.79123896
17.25,78.75,0.20985973,0.7901403
17.25,79.0,0.2115427,0.7884573
17.25,79.25,0.21227463,0.7877254
17.25,79.5,0.21529347,0.78470653
17.25,79.75,0.21529347,0.78470653
17.25,80.0,0.2110726,0.78892744
17.25,80.25,0.7978581,0.20214188
17.25,80.5,0.8096816,0.1903184
17.25,80.75,0.81443536,0.18556464
17.25,81.0,0.8355512,0.1644488
17.25,81.25,0.85629404,0.14370596
17.25,81.5,0.841976,0.15802401
17.25,81.75,0.7979297,0.2020703
17.25,82.0,0.79711807,0.20288193
17.25,82.25,0.20765692,0.7923431
17.25,82.5,0.20885171,0.7911483
17.25,82.75,0.20947589,0.7905241
17.25,83.0,0.2160839,0.7839161
17.25,83.25,0.20861539,0.7913846
17.25,83.5,0.7957807,0.20421928
17.25,83.75,0.824033,0.17596698
17.25,84.0,0.8380681,0.16193187
17.25,84.25,0.83143824,0.16856176
17.25,84.5,0.82437783,0.17562217
17.25,84.75,0.8356111,0.1643889
17.25,85.0,0.82812464,0.17187536
17.25,85.25,0.8184764,0.18152362
17.25,85.5,0.80963516,0.19036484
17.25,85.75,0.81403595,0.18596405
17.25,86.0,0.8140326,0.18596739
17.25,86.25,0.80383414,0.19616586
17.25,86.5,0.2071115,0.7928885
17.25,86.75,0.20811489,0.79188514
17.25,87.0,0.20839593,0.79160404
17.25,87.25,0.20800047,0.7919995
17.25,87.5,0.8036652,0.19633478
17.25,87.75,0.8141484,0.18585157
17.25,88.0,0.79765886,0.20234114
17.25,88.25,0.2090793,0.79092073
17.25,88.5,0.8093207,0.19067931
17.25,88.75,0.81008744,0.18991256
17.25,89.0,0.7978683,0.20213169
17.25,89.25,0.21017261,0.7898274
17.25,89.5,0.7978683,0.20213169
17.25,89.75,0.8037513,0.19624871
17.25,90.0,0.7978351,0.20216489
17.25,90.25,0.8043067,0.19569331
17.25,90.5,0.21032086,0.78967917
17.25,90.75,0.20861673,0.79138327
17.25,91.0,0.80431134,0.19568866
17.25,91.25,0.8106475,0.18935251
17.25,91.5,0.8239869,0.17601311
17.25,91.75,0.8449928,0.15500718
17.25,92.0,0.8550068,0.14499319
17.25,92.25,0.8535621,0.14643788
17.25,92.5,0.86348003,0.13651997
17.25,92.75,0.88748807,0.11251193
17.25,93.0,0.87142295,0.12857705
17.25,93.25,0.8317006,0.16829938
17.25,93.5,0.80978996,0.19021004
17.25,93.75,0.79900545,0.20099455
17.25,94.0,0.8043695,0.19563049
17.25,94.25,0.81452113,0.18547887
17.25,94.5,0.83539146,0.16460854
17.25,94.75,0.79723126,0.20276874
17.25,95.0,0.20596083,0.7940392
17.25,95.25,0.20641004,0.79358995
17.25,95.5,0.20641004,0.79358995
17.25,95.75,0.20641004,0.79358995
17.25,96.0,0.83119637,0.16880363
17.5,68.0,0.8183812,0.18161881
17.5,68.25,0.8247195,0.17528051
17.5,68.5,0.8247195,0.17528051
17.5,68.75,0.82418376,0.17581624
17.5,69.0,0.8324416,0.16755837
17.5,69.25,0.8350886,0.16491139
17.5,69.5,0.8237078,0.17629218
17.5,69.75,0.82880324,0.17119676
17.5,70.0,0.8280156,0.17198437
17.5,70.25,0.8280156,0.17198437
17.5,70.5,0.83409995,0.16590005
17.5,70.75,0.83511573,0.16488427
17.5,71.0,0.824148,0.175852
17.5,71.25,0.80899537,0.19100463
17.5,71.5,0.8141788,0.18582118
17.5,71.75,0.8386288,0.16137117
17.5,72.0,0.856067,0.143933
17.5,72.25,0.86779106,0.13220894
17.5,72.5,0.8743547,0.12564528
17.5,72.75,0.8908907,0.10910928
17.5,73.0,0.87064165,0.12935835
17.5,73.25,0.824113,0.17588699
17.5,73.5,0.8396503,0.16034973
17.5,73.75,0.8390502,0.16094983
17.5,74.0,0.7982812,0.2017188
17.5,74.25,0.20724663,0.79275334
17.5,74.5,0.20716023,0.79283977
17.5,74.75,0.20788118,0.7921188
17.5,75.0,0.20987643,0.7901236
17.5,75.25,0.21000397,0.789996
17.5,75.5,0.2101379,0.7898621
17.5,75.75,0.20987643,0.7901236
17.5,76.0,0.20907071,0.7909293
17.5,76.25,0.20951149,0.7904885
17.5,76.5,0.79765064,0.20234936
17.5,76.75,0.8031257,0.19687432
17.5,77.0,0.20792767,0.7920723
17.5,77.25,0.2097425,0.7902575
17.5,77.5,0.2097425,0.7902575
17.5,77.75,0.20920464,0.7907953
17.5,78.0,0.20788118,0.7921188
17.5,78.25,0.20876102,0.79123896
17.5,78.5,0.2086994,0.7913006
17.5,78.75,0.20978042,0.79021955
17.5,79.0,0.21081996,0.78918004
17.5,79.25,0.21162008,0.7883799
17.5,79.5,0.21322711,0.7867729
17.5,79.75,0.21560244,0.78439754
17.5,80.0,0.21184158,0.7881584
17.5,80.25,0.8096581,0.19034189
17.5,80.5,0.8549003,0.1450997
17.5,80.75,0.86497146,0.13502854
17.5,81.0,0.8939045,0.10609549
17.5,81.25,0.90871006,0.09128994
17.5,81.5,0.84762263,0.15237737
17.5,81.75,0.79711807,0.20288193
17.5,82.0,0.20902571,0.79097426
17.5,82.25,0.207845,0.792155
17.5,82.5,0.2089775,0.7910225
17.5,82.75,0.20885171,0.7911483
17.5,83.0,0.2087095,0.7912905
17.5,83.25,0.21721502,0.782785
17.5,83.5,0.81679434,0.18320566
17.5,83.75,0.8379798,0.1620202
17.5,84.0,0.8498235,0.15017653
17.5,84.25,0.8448289,0.1551711
17.5,84.5,0.83504874,0.16495126
17.5,84.75,0.8444919,0.1555081
17.5,85.0,0.8343449,0.16565508
17.5,85.25,0.8282606,0.1717394
17.5,85.5,0.8148281,0.1851719
17.5,85.75,0.8145769,0.18542308
17.5,86.0,0.81806463,0.18193537
17.5,86.25,0.80383414,0.19616586
17.5,86.5,0.2066822,0.7933178
17.5,86.75,0.20659582,0.79340416
17.5,87.0,0.20826194,0.79173803
17.5,87.25,0.20826194,0.79173803
17.5,87.5,0.79765886,0.20234114
17.5,87.75,0.80345273,0.19654727
17.5,88.0,0.2090793,0.79092073
17.5,88.25,0.2090793,0.79092073
17.5,88.5,0.80944824,0.19055176
17.5,88.75,0.81802005,0.18197995
17.5,89.0,0.81802005,0.18197995
17.5,89.25,0.7978683,0.20213169
17.5,89.5,0.21017261,0.7898274
17.5,89.75,0.21002556,0.78997445
17.5,90.0,0.21002556,0.78997445
17.5,90.25,0.20989157,0.79010844
17.5,90.5,0.20968719,0.7903128
17.5,90.75,0.20989157,0.79010844
17.5,91.0,0.81034803,0.18965197
17.5,91.25,0.8285491,0.17145091
17.5,91.5,0.8314282,0.16857183
17.5,91.75,0.8389997,0.16100031
17.5,92.0,0.8450038,0.15499622
17.5,92.25,0.856827,0.14317298
17.5,92.5,0.86976576,0.13023424
17.5,92.75,0.8776299,0.122370124
17.5,93.0,0.8532251,0.14677489
17.5,93.25,0.8110597,0.18894029
17.5,93.5,0.81435764,0.18564236
17.5,93.75,0.80978996,0.19021004
17.5,94.0,0.79878414,0.20121586
17.5,94.25,0.80927134,0.19072866
17.5,94.5,0.80927134,0.19072866
17.5,94.75,0.20620638,0.7937936
17.5,95.0,0.20641004,0.79358995
17.5,95.25,0.20497493,0.79502505
17.5,95.5,0.20641004,0.79358995
17.5,95.75,0.7976835,0.20231652
17.5,96.0,0.8320317,0.16796827
17.75,68.0,0.8183812,0.18161881
17.75,68.25,0.8182278,0.18177217
17.75,68.5,0.81784546,0.18215454
17.75,68.75,0.8320695,0.16793048
17.75,69.0,0.84244245,0.15755755
17.75,69.25,0.8385851,0.16141492
17.75,69.5,0.8280156,0.17198437
17.75,69.75,0.83119327,0.16880673
17.75,70.0,0.83511573,0.16488427
17.75,70.25,0.82770365,0.17229635
17.75,70.5,0.83119327,0.16880673
17.75,70.75,0.83409995,0.16590005
17.75,71.0,0.82428396,0.17571604
17.75,71.25,0.8138794,0.18612063
17.75,71.5,0.818095,0.18190497
17.75,71.75,0.8418676,0.15813237
17.75,72.0,0.86101156,0.13898844
17.75,72.25,0.88026464,0.11973536
17.75,72.5,0.88610435,0.113895655
17.75,72.75,0.8940232,0.10597682
17.75,73.0,0.864488,0.135512
17.75,73.25,0.81929433,0.18070567
17.75,73.5,0.8353196,0.16468042
17.75,73.75,0.83214456,0.16785544
17.75,74.0,0.797871,0.202129
17.75,74.25,0.20873702,0.791263
17.75,74.5,0.20856126,0.79143876
17.75,74.75,0.2097425,0.7902575
17.75,75.0,0.2101379,0.7898621
17.75,75.25,0.2097425,0.7902575
17.75,75.5,0.2097425,0.7902575
17.75,75.75,0.2097425,0.7902575
17.75,76.0,0.20789002,0.79210997
17.75,76.25,0.2097425,0.7902575
17.75,76.5,0.80357134,0.19642866
17.75,76.75,0.79834265,0.20165735
17.75,77.0,0.20882004,0.79117996
17.75,77.25,0.21000397,0.789996
17.75,77.5,0.2101379,0.7898621
17.75,77.75,0.2086994,0.7913006
17.75,78.0,0.21037114,0.78962886
17.75,78.25,0.20920464,0.7907953
17.75,78.5,0.20957924,0.7904208
17.75,78.75,0.21059254,0.7894075
17.75,79.0,0.2110236,0.78897643
17.75,79.25,0.21162008,0.7883799
17.75,79.5,0.2135224,0.78647757
17.75,79.75,0.21472557,0.78527445
17.75,80.0,0.21248893,0.78751105
17.75,80.25,0.8096581,0.19034189
17.75,80.5,0.8846397,0.11536032
17.75,80.75,0.8989417,0.101058304
17.75,81.0,0.88441145,0.115588546
17.75,81.25,0.8647512,0.13524878
17.75,81.5,0.83529925,0.16470075
17.75,81.75,0.837576,0.16242403
17.75,82.0,0.8035512,0.1964488
17.75,82.25,0.7991522,0.2008478
17.75,82.5,0.7975761,0.20242387
17.75,82.75,0.20960614,0.7903938
17.75,83.0,0.20884342,0.7911566
17.75,83.25,0.20779026,0.79220974
17.75,83.5,0.8446637,0.15533632
17.75,83.75,0.85285866,0.14714134
17.75,84.0,0.8525257,0.14747429
17.75,84.25,0.84474164,0.15525836
17.75,84.5,0.83750147,0.16249853
17.75,84.75,0.8378986,0.16210139
17.75,85.0,0.8378986,0.16210139
17.75,85.25,0.82829213,0.17170787
17.75,85.5,0.8145998,0.18540019
17.75,85.75,0.8034846,0.19651538
17.75,86.0,0.8033511,0.1966489
17.75,86.25,0.8037327,0.1962673
17.75,86.5,0.80380785,0.19619215
17.75,86.75,0.80360585,0.19639415
17.75,87.0,0.79840523,0.20159477
17.75,87.25,0.20724317,0.7927568
17.75,87.5,0.7971263,0.2028737
17.75,87.75,0.8097889,0.19021112
17.75,88.0,0.7971263,0.2028737
17.75,88.25,0.80345273,0.19654727
17.75,88.5,0.80324066,0.19675934
17.75,88.75,0.8282838,0.17171621
17.75,89.0,0.8341084,0.16589159
17.75,89.25,0.81782156,0.18217844
17.75,89.5,0.8037989,0.19620109
17.75,89.75,0.81450486,0.18549514
17.75,90.0,0.8039925,0.19600749
17.75,90.25,0.8101793,0.1898207
17.75,90.5,0.80408305,0.19591695
17.75,90.75,0.7984214,0.20157862
17.75,91.0,0.8246663,0.17533368
17.75,91.25,0.83182317,0.16817683
17.75,91.5,0.8282947,0.1717053
17.75,91.75,0.82858515,0.17141485
17.75,92.0,0.8389997,0.16100031
17.75,92.25,0.84187907,0.15812093
17.75,92.5,0.8590108,0.14098918
17.75,92.75,0.8565773,0.14342272
17.75,93.0,0.83182436,0.16817564
17.75,93.25,0.8093465,0.1906535
17.75,93.5,0.80956274,0.19043726
17.75,93.75,0.79801685,0.20198315
17.75,94.0,0.7992983,0.20070171
17.75,94.25,0.8039423,0.19605768
17.75,94.5,0.797637,0.20236301
17.75,94.75,0.20514695,0.79485303
17.75,95.0,0.20641004,0.79358995
17.75,95.25,0.20641004,0.79358995
17.75,95.5,0.20641004,0.79358995
17.75,95.75,0.20514695,0.79485303
17.75,96.0,0.79918456,0.20081544
18.0,68.0,0.8181653,0.1818347
18.0,68.25,0.81784546,0.18215454
18.0,68.5,0.8094579,0.1905421
18.0,68.75,0.8027913,0.1972087
18.0,69.0,0.818571,0.18142903
18.0,69.25,0.8316692,0.16833079
18.0,69.5,0.8345523,0.16544771
18.0,69.75,0.82846797,0.17153203
18.0,70.0,0.8316456,0.16835439
18.0,70.25,0.83409995,0.16590005
18.0,70.5,0.83119327,0.16880673
18.0,70.75,0.83409995,0.16590005
18.0,71.0,0.83119327,0.16880673
18.0,71.25,0.8143992,0.18560082
18.0,71.5,0.8092226,0.19077742
18.0,71.75,0.82428396,0.17571604
18.0,72.0,0.86033297,0.13966703
18.0,72.25,0.89240146,0.10759854
18.0,72.5,0.894074,0.10592598
18.0,72.75,0.8969404,0.10305959
18.0,73.0,0.8588684,0.14113158
18.0,73.25,0.8320278,0.1679722
18.0,73.5,0.8453191,0.15468091
18.0,73.75,0.8148417,0.18515831
18.0,74.0,0.20860344,0.79139656
18.0,74.25,0.20954274,0.79045725
18.0,74.5,0.20954274,0.79045725
18.0,74.75,0.20940723,0.7905928
18.0,75.0,0.2101379,0.7898621
18.0,75.25,0.20987643,0.7901236
18.0,75.5,0.2101379,0.7898621
18.0,75.75,0.21000397,0.789996
18.0,76.0,0.7991522,0.2008478
18.0,76.25,0.80334604,0.19665396
18.0,76.5,0.80323243,0.19676757
18.0,76.75,0.79765064,0.20234936
18.0,77.0,0.21000397,0.789996
18.0,77.25,0.2097425,0.7902575
18.0,77.5,0.20801511,0.7919849
18.0,77.75,0.20977865,0.79022133
18.0,78.0,0.20889495,0.79110503
18.0,78.25,0.20957924,0.7904208
18.0,78.5,0.20846988,0.79153013
18.0,78.75,0.20985973,0.7901403
18.0,79.0,0.2110236,0.78897643
18.0,79.25,0.21119115,0.7888088
18.0,79.5,0.21198802,0.78801197
18.0,79.75,0.2135224,0.78647757
18.0,80.0,0.21212213,0.78787786
18.0,80.25,0.8036729,0.19632709
18.0,80.5,0.8822322,0.11776781
18.0,80.75,0.90385085,0.09614915
18.0,81.0,0.86983174,0.13016826
18.0,81.25,0.8098882,0.19011182
18.0,81.5,0.8508553,0.14914471
18.0,81.75,0.89240146,0.10759854
18.0,82.0,0.8344194,0.16558057
18.0,82.25,0.842184,0.157816
18.0,82.5,0.8498235,0.15017653
18.0,82.75,0.81402016,0.18597984
18.0,83.0,0.7966533,0.20334673
18.0,83.25,0.8143336,0.18566638
18.0,83.5,0.8142534,0.18574661
18.0,83.75,0.8657505,0.13424951
18.0,84.0,0.8525257,0.14747429
18.0,84.25,0.8282606,0.1717394
18.0,84.5,0.82437783,0.17562217
18.0,84.75,0.8378385,0.16216153
18.0,85.0,0.8448289,0.1551711
18.0,85.25,0.83457166,0.16542834
18.0,85.5,0.82801646,0.17198354
18.0,85.75,0.81006426,0.18993574
18.0,86.0,0.8039528,0.19604719
18.0,86.25,0.8089904,0.19100958
18.0,86.5,0.8141078,0.18589222
18.0,86.75,0.8092187,0.1907813
18.0,87.0,0.7982422,0.20175779
18.0,87.25,0.20722291,0.79277706
18.0,87.5,0.20724317,0.7927568
18.0,87.75,0.7980001,0.2019999
18.0,88.0,0.80333906,0.19666094
18.0,88.25,0.81806463,0.18193537
18.0,88.5,0.8179759,0.18202412
18.0,88.75,0.8340282,0.16597182
18.0,89.0,0.8340282,0.16597182
18.0,89.25,0.8283153,0.17168468
18.0,89.5,0.8097468,0.1902532
18.0,89.75,0.8179575,0.18204248
18.0,90.0,0.82787013,0.17212987
18.0,90.25,0.83752465,0.16247535
18.0,90.5,0.8314614,0.16853857
18.0,90.75,0.8102925,0.18970752
18.0,91.0,0.8150996,0.1849004
18.0,91.25,0.8150034,0.1849966
18.0,91.5,0.81438005,0.18561995
18.0,91.75,0.8452459,0.1547541
18.0,92.0,0.8417459,0.15825409
18.0,92.25,0.8450038,0.15499622
18.0,92.5,0.86106634,0.13893366
18.0,92.75,0.84784,0.15215999
18.0,93.0,0.81471115,0.18528885
18.0,93.25,0.79876727,0.20123273
18.0,93.5,0.79876727,0.20123273
18.0,93.75,0.7988122,0.20118779
18.0,94.0,0.8003996,0.1996004
18.0,94.25,0.7998714,0.20012861
18.0,94.5,0.20686403,0.793136
18.0,94.75,0.20529048,0.7947095
18.0,95.0,0.20586649,0.79413354
18.0,95.25,0.20632505,0.79367495
18.0,95.5,0.20650095,0.79349905
18.0,95.75,0.20586649,0.79413354
18.0,96.0,0.8039423,0.19605768
18.25,68.0,0.81448436,0.18551564
18.25,68.25,0.81448436,0.18551564
18.25,68.5,0.8148308,0.18516922
18.25,68.75,0.8027913,0.1972087
18.25,69.0,0.8091861,0.1908139
18.25,69.25,0.8027913,0.1972087
18.25,69.5,0.8027913,0.1972087
18.25,69.75,0.81463116,0.18536884
18.25,70.0,0.82846797,0.17153203
18.25,70.25,0.8345523,0.16544771
18.25,70.5,0.8343203,0.1656797
18.25,70.75,0.8280156,0.17198437
18.25,71.0,0.8280156,0.17198437
18.25,71.25,0.82384324,0.17615676
18.25,71.5,0.8322663,0.16773373
18.25,71.75,0.83827865,0.16172135
18.25,72.0,0.86368203,0.13631797
18.25,72.25,0.8931782,0.106821775
18.25,72.5,0.89802665,0.101973355
18.25,72.75,0.8940232,0.10597682
18.25,73.0,0.85904443,0.14095557
18.25,73.25,0.8354762,0.16452378
18.25,73.5,0.82829994,0.17170006
18.25,73.75,0.79834265,0.20165735
18.25,74.0,0.20815982,0.7918402
18.25,74.25,0.20887095,0.79112905
18.25,74.5,0.2094088,0.7905912
18.25,74.75,0.20987643,0.7901236
18.25,75.0,0.20801511,0.7919849
18.25,75.25,0.20876102,0.79123896
18.25,75.5,0.20636076,0.79363924
18.25,75.75,0.20907071,0.7909293
18.25,76.0,0.797871,0.202129
18.25,76.25,0.8097981,0.19020188
18.25,76.5,0.8244675,0.17553252
18.25,76.75,0.8144983,0.1855017
18.25,77.0,0.79831445,0.20168555
18.25,77.25,0.20949994,0.79050004
18.25,77.5,0.20889495,0.79110503
18.25,77.75,0.20876102,0.79123896
18.25,78.0,0.20957924,0.7904208
18.25,78.25,0.20977865,0.79022133
18.25,78.5,0.20934972,0.79065025
18.25,78.75,0.2175881,0.78241193
18.25,79.0,0.21155277,0.78844726
18.25,79.25,0.21119115,0.7888088
18.25,79.5,0.21286786,0.78713214
18.25,79.75,0.21309312,0.7869069
18.25,80.0,0.21106891,0.7889311
18.25,80.25,0.797803,0.20219702
18.25,80.5,0.83767754,0.16232246
18.25,80.75,0.8941756,0.10582441
18.25,81.0,0.89094156,0.10905844
18.25,81.25,0.8147266,0.18527341
18.25,81.5,0.8819123,0.11808771
18.25,81.75,0.88894016,0.111059844
18.25,82.0,0.85882,0.14117998
18.25,82.25,0.81800884,0.18199116
18.25,82.5,0.8343449,0.16565508
18.25,82.75,0.8380681,0.16193187
18.25,83.0,0.82412475,0.17587525
18.25,83.25,0.8448289,0.1551711
18.25,83.5,0.80291426,0.19708574
18.25,83.75,0.8318354,0.16816461
18.25,84.0,0.8176947,0.18230528
18.25,84.25,0.8279752,0.17202479
18.25,84.5,0.83750147,0.16249853
18.25,84.75,0.8525257,0.14747429
18.25,85.0,0.84702665,0.15297335
18.25,85.25,0.84702665,0.15297335
18.25,85.5,0.83467263,0.16532737
18.25,85.75,0.82801646,0.17198354
18.25,86.0,0.83477336,0.16522664
18.25,86.25,0.8418372,0.15816277
18.25,86.5,0.83116287,0.16883713
18.25,86.75,0.82784927,0.17215073
18.25,87.0,0.80963737,0.19036263
18.25,87.25,0.20707715,0.79292285
18.25,87.5,0.20708124,0.79291874
18.25,87.75,0.20738484,0.7926152
18.25,88.0,0.20773667,0.7922633
18.25,88.25,0.7975628,0.20243722
18.25,88.5,0.8031339,0.1968661
18.25,88.75,0.81912726,0.18087274
18.25,89.0,0.80406797,0.19593203
18.25,89.25,0.7978683,0.20213169
18.25,89.5,0.7976794,0.20232058
18.25,89.75,0.8146753,0.18532473
18.25,90.0,0.823976,0.17602402
18.25,90.25,0.8283153,0.17168468
18.25,90.5,0.8469821,0.15301788
18.25,90.75,0.83182317,0.16817683
18.25,91.0,0.8237971,0.1762029
18.25,91.25,0.8240386,0.17596138
18.25,91.5,0.81480104,0.18519896
18.25,91.75,0.8444818,0.15551817
18.25,92.0,0.8472474,0.15275258
18.25,92.25,0.8507776,0.14922237
18.25,92.5,0.87109566,0.12890434
18.25,92.75,0.8665868,0.1334132
18.25,93.0,0.8396542,0.1603458
18.25,93.25,0.8178308,0.1821692
18.25,93.5,0.80927134,0.19072866
18.25,93.75,0.8040434,0.19595659
18.25,94.0,0.20695134,0.7930487
18.25,94.25,0.20605177,0.79394823
18.25,94.5,0.20538694,0.79461306
18.25,94.75,0.20538694,0.79461306
18.25,95.0,0.20586649,0.79413354
18.25,95.25,0.20620638,0.7937936
18.25,95.5,0.20641004,0.79358995
18.25,95.75,0.20586649,0.79413354
18.25,96.0,0.7980044,0.20199561
18.5,68.0,0.82418376,0.17581624
18.5,68.25,0.8289786,0.1710214
18.5,68.5,0.8350886,0.16491139
18.5,68.75,0.8352581,0.16474187
18.5,69.0,0.8247599,0.1752401
18.5,69.25,0.8091449,0.19085509
18.5,69.5,0.803108,0.19689202
18.5,69.75,0.80333567,0.19666433
18.5,70.0,0.82460034,0.17539966
18.5,70.25,0.8184586,0.18154138
18.5,70.5,0.8187234,0.18127662
18.5,70.75,0.81463116,0.18536884
18.5,71.0,0.81827104,0.18172896
18.5,71.25,0.8179097,0.18209028
18.5,71.5,0.83376,0.16623998
18.5,71.75,0.85051835,0.14948165
18.5,72.0,0.8659905,0.13400948
18.5,72.25,0.8776808,0.12231922
18.5,72.5,0.89802665,0.101973355
18.5,72.75,0.8876966,0.112303376
18.5,73.0,0.8428111,0.15718889
18.5,73.25,0.81929433,0.18070567
18.5,73.5,0.81118053,0.18881947
18.5,73.75,0.208853,0.791147
18.5,74.0,0.20815982,0.7918402
18.5,74.25,0.20856126,0.79143876
18.5,74.5,0.20873702,0.791263
18.5,74.75,0.20907071,0.7909293
18.5,75.0,0.20868346,0.7913165
18.5,75.25,0.20670049,0.7932995
18.5,75.5,0.20684215,0.7931578
18.5,75.75,0.20823427,0.79176575
18.5,76.0,0.7982077,0.2017923
18.5,76.25,0.8138822,0.18611783
18.5,76.5,0.8283351,0.1716649
18.5,76.75,0.81471866,0.18528134
18.5,77.0,0.79808724,0.20191276
18.5,77.25,0.20934972,0.79065025
18.5,77.5,0.2096484,0.7903516
18.5,77.75,0.20977865,0.79022133
18.5,78.0,0.20957924,0.7904208
18.5,78.25,0.21038121,0.7896188
18.5,78.5,0.21009728,0.7899027
18.5,78.75,0.2183209,0.7816791
18.5,79.0,0.21229583,0.78770417
18.5,79.25,0.21119115,0.7888088
18.5,79.5,0.21110432,0.78889567
18.5,79.75,0.21283165,0.7871684
18.5,80.0,0.2122496,0.78775036
18.5,80.25,0.21319845,0.7868016
18.5,80.5,0.8035461,0.19645393
18.5,80.75,0.86652166,0.13347834
18.5,81.0,0.874113,0.12588698
18.5,81.25,0.8144983,0.1855017
18.5,81.5,0.863546,0.13645399
18.5,81.75,0.8453305,0.15466952
18.5,82.0,0.84762263,0.15237737
18.5,82.25,0.82802314,0.17197686
18.5,82.5,0.83143824,0.16856176
18.5,82.75,0.8472025,0.15279752
18.5,83.0,0.8145998,0.18540019
18.5,83.25,0.8421126,0.1578874
18.5,83.5,0.83143824,0.16856176
18.5,83.75,0.84411037,0.15588963
18.5,84.0,0.8142534,0.18574661
18.5,84.25,0.82420254,0.17579746
18.5,84.5,0.8565617,0.14343828
18.5,84.75,0.8712887,0.12871128
18.5,85.0,0.86541754,0.13458246
18.5,85.25,0.8525257,0.14747429
18.5,85.5,0.84702665,0.15297335
18.5,85.75,0.84188914,0.15811086
18.5,86.0,0.8532968,0.14670318
18.5,86.25,0.856312,0.14368802
18.5,86.5,0.86097056,0.13902944
18.5,86.75,0.8529598,0.14704019
18.5,87.0,0.8389274,0.16107261
18.5,87.25,0.8234463,0.17655373
18.5,87.5,0.8008377,0.1991623
18.5,87.75,0.20629802,0.793702
18.5,88.0,0.20877032,0.79122967
18.5,88.25,0.2090793,0.79092073
18.5,88.5,0.20877032,0.79122967
18.5,88.75,0.7983939,0.2016061
18.5,89.0,0.2091615,0.7908385
18.5,89.25,0.7980966,0.2019034
18.5,89.5,0.8283153,0.17168468
18.5,89.75,0.823976,0.17602402
18.5,90.0,0.8044598,0.19554019
18.5,90.25,0.7980634,0.2019366
18.5,90.5,0.81518304,0.18481696
18.5,90.75,0.82833797,0.17166203
18.5,91.0,0.84530234,0.15469766
18.5,91.25,0.83172673,0.16827327
18.5,91.5,0.82811457,0.17188543
18.5,91.75,0.8425763,0.15742368
18.5,92.0,0.851183,0.148817
18.5,92.25,0.8591477,0.14085227
18.5,92.5,0.8679956,0.13200438
18.5,92.75,0.8709348,0.12906522
18.5,93.0,0.84791714,0.15208286
18.5,93.25,0.84266275,0.15733725
18.5,93.5,0.8283039,0.17169613
18.5,93.75,0.8255152,0.17448479
18.5,94.0,0.8035518,0.1964482
18.5,94.25,0.8031937,0.19680631
18.5,94.5,0.20536946,0.7946305
18.5,94.75,0.20763364,0.7923664
18.5,95.0,0.2060385,0.7939615
18.5,95.25,0.2060385,0.7939615
18.5,95.5,0.20622161,0.7937784
18.5,95.75,0.2066361,0.7933639
18.5,96.0,0.20676483,0.7932352
18.75,68.0,0.8247195,0.17528051
18.75,68.25,0.82418376,0.17581624
18.75,68.5,0.8285231,0.1714769
18.75,68.75,0.8316692,0.16833079
18.75,69.0,0.8352581,0.16474187
18.75,69.25,0.8350886,0.16491139
18.75,69.5,0.8281826,0.17181742
18.75,69.75,0.82416016,0.17583984
18.75,70.0,0.835065,0.164935
18.75,70.25,0.8507387,0.1492613
18.75,70.5,0.84196335,0.15803665
18.75,70.75,0.828332,0.171668
18.75,71.0,0.8183154,0.18168461
18.75,71.25,0.83119327,0.16880673
18.75,71.5,0.84196335,0.15803665
18.75,71.75,0.842088,0.15791202
18.75,72.0,0.85271484,0.14728516
18.75,72.25,0.8569652,0.14303482
18.75,72.5,0.87452424,0.12547576
18.75,72.75,0.8798768,0.12012321
18.75,73.0,0.8625661,0.13743389
18.75,73.25,0.8394597,0.16054028
18.75,73.5,0.82829994,0.17170006
18.75,73.75,0.20797317,0.7920268
18.75,74.0,0.20727998,0.79272
18.75,74.25,0.20754749,0.7924525
18.75,74.5,0.20873702,0.791263
18.75,74.75,0.20788118,0.7921188
18.75,75.0,0.20788118,0.7921188
18.75,75.25,0.20907071,0.7909293
18.75,75.5,0.7991522,0.2008478
18.75,75.75,0.8034342,0.1965658
18.75,76.0,0.8097981,0.19020188
18.75,76.25,0.81832576,0.18167424
18.75,76.5,0.8188464,0.1811536
18.75,76.75,0.81013876,0.18986124
18.75,77.0,0.80348307,0.19651693
18.75,77.25,0.20846988,0.79153013
18.75,77.5,0.20977865,0.79022133
18.75,77.75,0.20985204,0.79014796
18.75,78.0,0.21008253,0.78991747
18.75,78.25,0.21769837,0.78230166
18.75,78.5,0.21083009,0.7891699
18.75,78.75,0.21059254,0.7894075
18.75,79.0,0.21155277,0.78844726
18.75,79.25,0.21148983,0.7885102
18.75,79.5,0.2127376,0.7872624
18.75,79.75,0.7962548,0.20374519
18.75,80.0,0.8037697,0.19623029
18.75,80.25,0.8035937,0.1964063
18.75,80.5,0.80979866,0.19020134
18.75,80.75,0.8316143,0.16838568
18.75,81.0,0.837576,0.16242403
18.75,81.25,0.8238713,0.17612869
18.75,81.5,0.84762263,0.15237737
18.75,81.75,0.8393524,0.16064757
18.75,82.0,0.83529925,0.16470075
18.75,82.25,0.8144983,0.1855017
18.75,82.5,0.8378385,0.16216153
18.75,82.75,0.8715455,0.1284545
18.75,83.0,0.83143824,0.16856176
18.75,83.25,0.86080104,0.13919896
18.75,83.5,0.8448289,0.1551711
18.75,83.75,0.8565617,0.14343828
18.75,84.0,0.82801646,0.17198354
18.75,84.25,0.7980196,0.20198041
18.75,84.5,0.8236359,0.17636412
18.75,84.75,0.85285866,0.14714134
18.75,85.0,0.8561901,0.14380991
18.75,85.25,0.857972,0.14202797
18.75,85.5,0.8498235,0.15017653
18.75,85.75,0.84188914,0.15811086
18.75,86.0,0.84702665,0.15297335
18.75,86.25,0.8503078,0.14969218
18.75,86.5,0.8442165,0.15578347
18.75,86.75,0.83155906,0.16844094
18.75,87.0,0.834896,0.16510397
18.75,87.25,0.856358,0.14364201
18.75,87.5,0.8447385,0.15526152
18.75,87.75,0.79734254,0.20265746
18.75,88.0,0.20890431,0.7910957
18.75,88.25,0.20890431,0.7910957
18.75,88.5,0.20877032,0.79122967
18.75,88.75,0.8035392,0.19646078
18.75,89.0,0.80961925,0.19038075
18.75,89.25,0.8146753,0.18532473
18.75,89.5,0.8417792,0.15822083
18.75,89.75,0.8473191,0.15268087
18.75,90.0,0.83442533,0.16557467
18.75,90.25,0.824341,0.175659
18.75,90.5,0.82365906,0.17634094
18.75,90.75,0.83977205,0.16022795
18.75,91.0,0.8420445,0.15795553
18.75,91.25,0.8246663,0.17533368
18.75,91.5,0.8482872,0.15171278
18.75,91.75,0.851183,0.148817
18.75,92.0,0.8509299,0.14907008
18.75,92.25,0.8551437,0.14485627
18.75,92.5,0.851183,0.148817
18.75,92.75,0.851183,0.148817
18.75,93.0,0.8510921,0.1489079
18.75,93.25,0.8355843,0.16441572
18.75,93.5,0.8255152,0.17448479
18.75,93.75,0.8117588,0.18824118
18.75,94.0,0.8068552,0.1931448
18.75,94.25,0.80110145,0.19889855
18.75,94.5,0.7998714,0.20012861
18.75,94.75,0.2066361,0.7933639
18.75,95.0,0.20680812,0.7931919
18.75,95.25,0.20586649,0.79413354
18.75,95.5,0.2055089,0.7944911
18.75,95.75,0.20763364,0.7923664
18.75,96.0,0.20753445,0.79246557
19.0,68.0,0.8285334,0.17146659
19.0,68.25,0.8289786,0.1710214
19.0,68.5,0.8285231,0.1714769
19.0,68.75,0.8350886,0.16491139
19.0,69.0,0.8424061,0.1575939
19.0,69.25,0.8452586,0.1547414
19.0,69.5,0.84241885,0.15758115
19.0,69.75,0.8420656,0.15793443
19.0,70.0,0.84187,0.15812999
19.0,70.25,0.8444673,0.15553272
19.0,70.5,0.83770883,0.16229117
19.0,70.75,0.828236,0.17176402
19.0,71.0,0.8243532,0.17564678
19.0,71.25,0.8354321,0.16456789
19.0,71.5,0.842088,0.15791202
19.0,71.75,0.83409995,0.16590005
19.0,72.0,0.83119327,0.16880673
19.0,72.25,0.8285768,0.1714232
19.0,72.5,0.8424092,0.1575908
19.0,72.75,0.8478909,0.15210909
19.0,73.0,0.86928624,0.13071376
19.0,73.25,0.8645191,0.13548088
19.0,73.5,0.8562398,0.1437602
19.0,73.75,0.8100041,0.18999588
19.0,74.0,0.20836882,0.79163116
19.0,74.25,0.20745564,0.79254436
19.0,74.5,0.20890737,0.79109263
19.0,74.75,0.20877081,0.7912292
19.0,75.0,0.20927972,0.7907203
19.0,75.25,0.20877081,0.7912292
19.0,75.5,0.20844455,0.79155546
19.0,75.75,0.80357134,0.19642866
19.0,76.0,0.81471866,0.18528134
19.0,76.25,0.8037612,0.19623882
19.0,76.5,0.8092792,0.1907208
19.0,76.75,0.80394447,0.19605553
19.0,77.0,0.8085544,0.19144559
19.0,77.25,0.8033563,0.19664371
19.0,77.5,0.20910396,0.79089606
19.0,77.75,0.20955873,0.7904413
19.0,78.0,0.2101913,0.7898087
19.0,78.25,0.21059021,0.78940976
19.0,78.5,0.21006104,0.7899389
19.0,78.75,0.20814233,0.79185766
19.0,79.0,0.21014158,0.7898584
19.0,79.25,0.21213296,0.78786707
19.0,79.5,0.21380056,0.78619945
19.0,79.75,0.2135391,0.7864609
19.0,80.0,0.7962968,0.20370322
19.0,80.25,0.79729813,0.20270187
19.0,80.5,0.82456905,0.17543095
19.0,80.75,0.8451899,0.15481007
19.0,81.0,0.8470566,0.15294337
19.0,81.25,0.8344194,0.16558057
19.0,81.5,0.8189255,0.1810745
19.0,81.75,0.80333084,0.19666916
19.0,82.0,0.81829965,0.18170035
19.0,82.25,0.8033563,0.19664371
19.0,82.5,0.8499708,0.15002918
19.0,82.75,0.8759369,0.124063075
19.0,83.0,0.8177984,0.18220162
19.0,83.25,0.8499708,0.15002918
19.0,83.5,0.83504874,0.16495126
19.0,83.75,0.82452893,0.17547107
19.0,84.0,0.8035983,0.19640172
19.0,84.25,0.7978815,0.20211852
19.0,84.5,0.8001382,0.19986182
19.0,84.75,0.81478596,0.18521404
19.0,85.0,0.83843213,0.16156787
19.0,85.25,0.83843213,0.16156787
19.0,85.5,0.83167505,0.16832495
19.0,85.75,0.8176145,0.1823855
19.0,86.0,0.83116287,0.16883713
19.0,86.25,0.8414806,0.15851939
19.0,86.5,0.83852327,0.16147673
19.0,86.75,0.84239525,0.15760475
19.0,87.0,0.8475481,0.15245187
19.0,87.25,0.86080104,0.13919896
19.0,87.5,0.8729534,0.12704659
19.0,87.75,0.8342963,0.16570371
19.0,88.0,0.7974331,0.20256692
19.0,88.25,0.20877494,0.7912251
19.0,88.5,0.20911331,0.7908867
19.0,88.75,0.8039796,0.19602042
19.0,89.0,0.8037513,0.19624871
19.0,89.25,0.80419207,0.19580793
19.0,89.5,0.8146753,0.18532473
19.0,89.75,0.83177835,0.16822165
19.0,90.0,0.8421162,0.15788382
19.0,90.25,0.83903295,0.16096705
19.0,90.5,0.8281478,0.17185217
19.0,90.75,0.8451174,0.15488261
19.0,91.0,0.8356492,0.16435081
19.0,91.25,0.8290229,0.17097712
19.0,91.5,0.8584614,0.14153862
19.0,91.75,0.85491437,0.14508563
19.0,92.0,0.8391927,0.16080731
19.0,92.25,0.8390583,0.16094172
19.0,92.5,0.83935946,0.16064054
19.0,92.75,0.8396542,0.1603458
19.0,93.0,0.84764504,0.15235496
19.0,93.25,0.8355843,0.16441572
19.0,93.5,0.81904566,0.18095434
19.0,93.75,0.8035518,0.1964482
19.0,94.0,0.8020654,0.19793463
19.0,94.25,0.80461663,0.19538337
19.0,94.5,0.80461663,0.19538337
19.0,94.75,0.20632534,0.79367465
19.0,95.0,0.2068451,0.7931549
19.0,95.25,0.20549949,0.7945005
19.0,95.5,0.20707303,0.79292697
19.0,95.75,0.20784265,0.79215735
19.0,96.0,0.8036853,0.19631469
19.25,68.0,0.8285231,0.1714769
19.25,68.25,0.8182278,0.18177217
19.25,68.5,0.8282062,0.17179382
19.25,68.75,0.8326914,0.16730863
19.25,69.0,0.8387546,0.1612454
19.25,69.25,0.83502847,0.16497153
19.25,69.5,0.8247363,0.1752637
19.25,69.75,0.81463116,0.18536884
19.25,70.0,0.81463116,0.18536884
19.25,70.25,0.81854737,0.18145263
19.25,70.5,0.8140997,0.18590027
19.25,70.75,0.8245852,0.1754148
19.25,71.0,0.8392171,0.16078287
19.25,71.25,0.84173137,0.15826863
19.25,71.5,0.8355681,0.16443193
19.25,71.75,0.827924,0.17207599
19.25,72.0,0.82787967,0.17212033
19.25,72.25,0.83224726,0.16775274
19.25,72.5,0.8318509,0.16814911
19.25,72.75,0.81929433,0.18070567
19.25,73.0,0.81855106,0.18144894
19.25,73.25,0.8646378,0.13536221
19.25,73.5,0.8852331,0.114766896
19.25,73.75,0.8668491,0.13315088
19.25,74.0,0.8198726,0.18012738
19.25,74.25,0.20745564,0.79254436
19.25,74.5,0.20894602,0.791054
19.25,74.75,0.20889246,0.79110754
19.25,75.0,0.2083016,0.7916984
19.25,75.25,0.798234,0.20176601
19.25,75.5,0.797871,0.202129
19.25,75.75,0.80366486,0.19633514
19.25,76.0,0.7984226,0.20157743
19.25,76.25,0.8041205,0.19587952
19.25,76.5,0.8041205,0.19587952
19.25,76.75,0.7981815,0.20181853
19.25,77.0,0.20978825,0.79021174
19.25,77.25,0.21029353,0.78970647
19.25,77.5,0.21089877,0.78910124
19.25,77.75,0.20897757,0.7910224
19.25,78.0,0.20897003,0.79103
19.25,78.25,0.2098574,0.7901426
19.25,78.5,0.20998766,0.79001236
19.25,78.75,0.7972464,0.2027536
19.25,79.0,0.80398154,0.19601846
19.25,79.25,0.8030101,0.1969899
19.25,79.5,0.8024317,0.1975683
19.25,79.75,0.79682934,0.20317066
19.25,80.0,0.21262643,0.78737354
19.25,80.25,0.79806715,0.20193285
19.25,80.5,0.81400615,0.18599385
19.25,80.75,0.83188677,0.16811323
19.25,81.0,0.8283351,0.1716649
19.25,81.25,0.8503823,0.14961767
19.25,81.5,0.8344194,0.16558057
19.25,81.75,0.8034445,0.1965555
19.25,82.0,0.80323243,0.19676757
19.25,82.25,0.8034445,0.1965555
19.25,82.5,0.89416164,0.10583836
19.25,82.75,0.8895368,0.1104632
19.25,83.0,0.8036867,0.19631332
19.25,83.25,0.79704356,0.20295644
19.25,83.5,0.8004733,0.19952673
19.25,83.75,0.80384576,0.19615424
19.25,84.0,0.79741293,0.20258707
19.25,84.25,0.20911127,0.7908887
19.25,84.5,0.80351555,0.19648445
19.25,84.75,0.79729813,0.20270187
19.25,85.0,0.8246095,0.17539048
19.25,85.25,0.80734444,0.19265556
19.25,85.5,0.8097236,0.19027638
19.25,85.75,0.81393224,0.18606776
19.25,86.0,0.83116287,0.16883713
19.25,86.25,0.8275981,0.1724019
19.25,86.5,0.83526057,0.16473943
19.25,86.75,0.8452123,0.15478772
19.25,87.0,0.8372261,0.1627739
19.25,87.25,0.8313997,0.16860032
19.25,87.5,0.86342514,0.13657486
19.25,87.75,0.8529193,0.14708072
19.25,88.0,0.82254195,0.17745805
19.25,88.25,0.80314505,0.19685495
19.25,88.5,0.8038123,0.19618767
19.25,88.75,0.7976411,0.2023589
19.25,89.0,0.20935746,0.79064256
19.25,89.25,0.20989619,0.7901038
19.25,89.5,0.7976794,0.20232058
19.25,89.75,0.8146001,0.18539989
19.25,90.0,0.8340282,0.16597182
19.25,90.25,0.8505875,0.14941251
19.25,90.5,0.8427712,0.15722883
19.25,90.75,0.83826375,0.16173625
19.25,91.0,0.8452542,0.15474582
19.25,91.25,0.8477212,0.15227878
19.25,91.5,0.8570511,0.14294893
19.25,91.75,0.8454776,0.15452242
19.25,92.0,0.819082,0.18091798
19.25,92.25,0.82858515,0.17141485
19.25,92.5,0.8317129,0.1682871
19.25,92.75,0.81956685,0.18043315
19.25,93.0,0.8355843,0.16441572
19.25,93.25,0.84527576,0.15472424
19.25,93.5,0.82952344,0.17047656
19.25,93.75,0.80558056,0.19441944
19.25,94.0,0.80497473,0.19502527
19.25,94.25,0.82373667,0.17626333
19.25,94.5,0.8114915,0.18850851
19.25,94.75,0.20784265,0.79215735
19.25,95.0,0.207185,0.79281497
19.25,95.25,0.20784265,0.79215735
19.25,95.5,0.20626077,0.7937392
19.25,95.75,0.20784265,0.79215735
19.25,96.0,0.81807774,0.18192226
19.5,68.0,0.8247599,0.1752401
19.5,68.25,0.82386684,0.17613316
19.5,68.5,0.83252186,0.16747814
19.5,68.75,0.82418376,0.17581624
19.5,69.0,0.82849157,0.17150843
19.5,69.25,0.83773243,0.16226757
19.5,69.5,0.835065,0.164935
19.5,69.75,0.8187234,0.18127662
19.5,70.0,0.81463116,0.18536884
19.5,70.25,0.8188264,0.18117362
19.5,70.5,0.81905836,0.18094164
19.5,70.75,0.8143317,0.18566829
19.5,71.0,0.82846797,0.17153203
19.5,71.25,0.8314136,0.16858637
19.5,71.5,0.82853323,0.17146677
19.5,71.75,0.8140061,0.18599391
19.5,72.0,0.8316456,0.16835439
19.5,72.25,0.84533006,0.15466994
19.5,72.5,0.853276,0.14672399
19.5,72.75,0.8431215,0.15687847
19.5,73.0,0.8241415,0.1758585
19.5,73.25,0.85504043,0.14495957
19.5,73.5,0.88393766,0.11606234
19.5,73.75,0.86215854,0.13784146
19.5,74.0,0.8187654,0.1812346
19.5,74.25,0.20907995,0.79092
19.5,74.5,0.20907995,0.79092
19.5,74.75,0.20970894,0.7902911
19.5,75.0,0.20778933,0.7922107
19.5,75.25,0.2099515,0.7900485
19.5,75.5,0.79765064,0.20234936
19.5,75.75,0.7972464,0.2027536
19.5,76.0,0.8034445,0.1965555
19.5,76.25,0.7978669,0.20213312
19.5,76.5,0.8039354,0.19606459
19.5,76.75,0.80261296,0.19738704
19.5,77.0,0.7971801,0.20281988
19.5,77.25,0.2097781,0.7902219
19.5,77.5,0.20970894,0.7902911
19.5,77.75,0.20822412,0.7917759
19.5,78.0,0.20897757,0.7910224
19.5,78.25,0.7967816,0.2032184
19.5,78.5,0.80863464,0.19136536
19.5,78.75,0.82427704,0.17572296
19.5,79.0,0.8284123,0.1715877
19.5,79.25,0.8170584,0.18294162
19.5,79.5,0.8178708,0.1821292
19.5,79.75,0.8145999,0.18540013
19.5,80.0,0.7984723,0.20152771
19.5,80.25,0.79895836,0.20104164
19.5,80.5,0.7984723,0.20152771
19.5,80.75,0.8036729,0.19632709
19.5,81.0,0.80357134,0.19642866
19.5,81.25,0.8283351,0.1716649
19.5,81.5,0.8144983,0.1855017
19.5,81.75,0.7979656,0.20203441
19.5,82.0,0.7982077,0.2017923
19.5,82.25,0.8283351,0.1716649
19.5,82.5,0.876164,0.12383598
19.5,82.75,0.8565617,0.14343828
19.5,83.0,0.79748005,0.20251995
19.5,83.25,0.20917997,0.79082
19.5,83.5,0.20721456,0.7927854
19.5,83.75,0.20696351,0.79303646
19.5,84.0,0.79770833,0.20229167
19.5,84.25,0.7974881,0.2025119
19.5,84.5,0.79872453,0.20127547
19.5,84.75,0.20744483,0.79255515
19.5,85.0,0.21036734,0.7896327
19.5,85.25,0.8032864,0.19671363
19.5,85.5,0.8037296,0.1962704
19.5,85.75,0.81825125,0.18174875
19.5,86.0,0.81824064,0.18175936
19.5,86.25,0.8188287,0.1811713
19.5,86.5,0.8342963,0.16570371
19.5,86.75,0.8380168,0.16198319
19.5,87.0,0.83156,0.16843998
19.5,87.25,0.8076557,0.19234431
19.5,87.5,0.83406216,0.16593784
19.5,87.75,0.843835,0.156165
19.5,88.0,0.82375765,0.17624235
19.5,88.25,0.8091576,0.19084239
19.5,88.5,0.817523,0.182477
19.5,88.75,0.8034214,0.19657862
19.5,89.0,0.20818982,0.79181015
19.5,89.25,0.7990132,0.2009868
19.5,89.5,0.81006,0.18993998
19.5,89.75,0.8281478,0.17185217
19.5,90.0,0.84741217,0.15258783
19.5,90.25,0.87094903,0.12905097
19.5,90.5,0.87761444,0.12238556
19.5,90.75,0.87408847,0.12591153
19.5,91.0,0.8744406,0.12555939
19.5,91.25,0.8745593,0.12544072
19.5,91.5,0.847721,0.15227902
19.5,91.75,0.8181496,0.18185037
19.5,92.0,0.8041763,0.19582373
19.5,92.25,0.81543195,0.18456805
19.5,92.5,0.8113899,0.18861008
19.5,92.75,0.8002295,0.19977051
19.5,93.0,0.8291889,0.17081112
19.5,93.25,0.8733608,0.12663919
19.5,93.5,0.8704867,0.12951332
19.5,93.75,0.83949906,0.16050094
19.5,94.0,0.80558056,0.19441944
19.5,94.25,0.82607055,0.17392945
19.5,94.5,0.8114915,0.18850851
19.5,94.75,0.20580521,0.7941948
19.5,95.0,0.20651792,0.79348207
19.5,95.25,0.2068451,0.7931549
19.5,95.5,0.20549949,0.7945005
19.5,95.75,0.207185,0.79281497
19.5,96.0,0.7980044,0.20199561
19.75,68.0,0.8247195,0.17528051
19.75,68.25,0.8324416,0.16755837
19.75,68.5,0.8424061,0.1575939
19.75,68.75,0.8316692,0.16833079
19.75,69.0,0.81465477,0.18534523
19.75,69.25,0.81448436,0.18551564
19.75,69.5,0.81463116,0.18536884
19.75,69.75,0.81800574,0.18199426
19.75,70.0,0.81854737,0.18145263
19.75,70.25,0.8281826,0.17181742
19.75,70.5,0.8187234,0.18127662
19.75,70.75,0.8183154,0.18168461
19.75,71.0,0.80299,0.19700998
19.75,71.25,0.80344677,0.19655323
19.75,71.5,0.8247363,0.1752637
19.75,71.75,0.81463116,0.18536884
19.75,72.0,0.8316456,0.16835439
19.75,72.25,0.850287,0.14971298
19.75,72.5,0.87067276,0.12932724
19.75,72.75,0.8591804,0.14081961
19.75,73.0,0.82431316,0.17568684
19.75,73.25,0.8453191,0.15468091
19.75,73.5,0.83949363,0.16050637
19.75,73.75,0.80369,0.19630998
19.75,74.0,0.20779866,0.79220134
19.75,74.25,0.20924687,0.7907531
19.75,74.5,0.20801869,0.79198134
19.75,74.75,0.20978315,0.79021686
19.75,75.0,0.20958057,0.79041946
19.75,75.25,0.79765064,0.20234936
19.75,75.5,0.79765064,0.20234936
19.75,75.75,0.7980941,0.2019059
19.75,76.0,0.7980941,0.2019059
19.75,76.25,0.7984129,0.20158708
19.75,76.5,0.7972464,0.2027536
19.75,76.75,0.7972464,0.2027536
19.75,77.0,0.79746675,0.20253325
19.75,77.25,0.79854643,0.20145357
19.75,77.5,0.7979495,0.2020505
19.75,77.75,0.2097145,0.79028547
19.75,78.0,0.79632926,0.20367074
19.75,78.25,0.8140031,0.18599689
19.75,78.5,0.82289183,0.17710817
19.75,78.75,0.81822157,0.18177843
19.75,79.0,0.81486046,0.18513954
19.75,79.25,0.80828387,0.19171613
19.75,79.5,0.80938077,0.19061923
19.75,79.75,0.8099409,0.19005913
19.75,80.0,0.8099409,0.19005913
19.75,80.25,0.8098853,0.19011468
19.75,80.5,0.79806715,0.20193285
19.75,80.75,0.7984442,0.20155579
19.75,81.0,0.20976473,0.7902353
19.75,81.25,0.79765064,0.20234936
19.75,81.5,0.79765064,0.20234936
19.75,81.75,0.20927243,0.79072756
19.75,82.0,0.20896345,0.79103655
19.75,82.25,0.7978669,0.20213312
19.75,82.5,0.79748005,0.20251995
19.75,82.75,0.8032818,0.19671822
19.75,83.0,0.8097648,0.1902352
19.75,83.25,0.7975761,0.20242387
19.75,83.5,0.20869611,0.7913039
19.75,83.75,0.20844506,0.7915549
19.75,84.0,0.79770833,0.20229167
19.75,84.25,0.8094189,0.19058108
19.75,84.5,0.7988436,0.20115638
19.75,84.75,0.20696656,0.7930334
19.75,85.0,0.20740731,0.7925927
19.75,85.25,0.8034176,0.19658238
19.75,85.5,0.81571746,0.18428254
19.75,85.75,0.80283403,0.19716597
19.75,86.0,0.8033645,0.19663548
19.75,86.25,0.803681,0.19631898
19.75,86.5,0.81806463,0.18193537
19.75,86.75,0.8233605,0.1766395
19.75,87.0,0.83508533,0.16491467
19.75,87.25,0.8238494,0.17615062
19.75,87.5,0.82767326,0.17232674
19.75,87.75,0.83406955,0.16593045
19.75,88.0,0.8418372,0.15816277
19.75,88.25,0.8142501,0.18574989
19.75,88.5,0.81049967,0.18950033
19.75,88.75,0.8038781,0.19612187
19.75,89.0,0.79894793,0.20105207
19.75,89.25,0.7980345,0.20196551
19.75,89.5,0.82441616,0.17558384
19.75,89.75,0.85008025,0.14991975
19.75,90.0,0.871376,0.12862402
19.75,90.25,0.8774505,0.122549474
19.75,90.5,0.8924129,0.1075871
19.75,90.75,0.8821929,0.11780709
19.75,91.0,0.8801574,0.11984259
19.75,91.25,0.8779709,0.122029126
19.75,91.5,0.8627545,0.13724548
19.75,91.75,0.8283039,0.17169613
19.75,92.0,0.81559414,0.18440586
19.75,92.25,0.81201494,0.18798506
19.75,92.5,0.8002295,0.19977051
19.75,92.75,0.80145955,0.19854045
19.75,93.0,0.85606515,0.14393485
19.75,93.25,0.88469213,0.11530787
19.75,93.5,0.8767569,0.12324309
19.75,93.75,0.8627545,0.13724548
19.75,94.0,0.8160378,0.18396223
19.75,94.25,0.8364464,0.1635536
19.75,94.5,0.80170727,0.19829273
19.75,94.75,0.20558679,0.7944132
19.75,95.0,0.21278855,0.7872114
19.75,95.25,0.20647068,0.79352933
19.75,95.5,0.20654836,0.79345167
19.75,95.75,0.7980044,0.20199561
19.75,96.0,0.7998714,0.20012861
20.0,68.0,0.8352581,0.16474187
20.0,68.25,0.83226055,0.16773945
20.0,68.5,0.8285334,0.17146659
20.0,68.75,0.8148308,0.18516922
20.0,69.0,0.81448436,0.18551564
20.0,69.25,0.8091449,0.19085509
20.0,69.5,0.8027913,0.1972087
20.0,69.75,0.80958825,0.19041175
20.0,70.0,0.8247363,0.1752637
20.0,70.25,0.8245852,0.1754148
20.0,70.5,0.8096893,0.19031072
20.0,70.75,0.80365235,0.19634765
20.0,71.0,0.79675555,0.20324445
20.0,71.25,0.80333567,0.19666433
20.0,71.5,0.8033162,0.19668382
20.0,71.75,0.7986933,0.2013067
20.0,72.0,0.81446075,0.18553925
20.0,72.25,0.8348815,0.16511852
20.0,72.5,0.86111724,0.13888276
20.0,72.75,0.8506506,0.14934939
20.0,73.0,0.81855106,0.18144894
20.0,73.25,0.81823224,0.18176776
20.0,73.5,0.8190781,0.18092191
20.0,73.75,0.2086134,0.7913866
20.0,74.0,0.2081429,0.7918571
20.0,74.25,0.20806618,0.79193383
20.0,74.5,0.20924687,0.7907531
20.0,74.75,0.79765064,0.20234936
20.0,75.0,0.8240273,0.1759727
20.0,75.25,0.81013876,0.18986124
20.0,75.5,0.79719657,0.20280343
20.0,75.75,0.21045057,0.7895494
20.0,76.0,0.21094306,0.78905696
20.0,76.25,0.79772913,0.20227087
20.0,76.5,0.80348307,0.19651693
20.0,76.75,0.8131924,0.18680757
20.0,77.0,0.8144081,0.18559188
20.0,77.25,0.80398154,0.19601846
20.0,77.5,0.8038885,0.1961115
20.0,77.75,0.7980941,0.2019059
20.0,78.0,0.79772913,0.20227087
20.0,78.25,0.8081823,0.1918177
20.0,78.5,0.8231122,0.17688781
20.0,78.75,0.81686884,0.18313116
20.0,79.0,0.80840266,0.19159734
20.0,79.25,0.8096627,0.1903373
20.0,79.5,0.8035937,0.1964063
20.0,79.75,0.81442946,0.18557054
20.0,80.0,0.81482816,0.18517184
20.0,80.25,0.8184273,0.18157268
20.0,80.5,0.8098997,0.19010031
20.0,80.75,0.80977213,0.19022787
20.0,81.0,0.8033563,0.19664371
20.0,81.25,0.7978669,0.20213312
20.0,81.5,0.20953557,0.7904644
20.0,81.75,0.2096597,0.7903403
20.0,82.0,0.20783164,0.7921684
20.0,82.25,0.20831168,0.7916883
20.0,82.5,0.20768929,0.7923107
20.0,82.75,0.80325633,0.19674367
20.0,83.0,0.8191041,0.18089592
20.0,83.25,0.8288247,0.1711753
20.0,83.5,0.8034176,0.19658238
20.0,83.75,0.20896828,0.7910317
20.0,84.0,0.20922975,0.79077023
20.0,84.25,0.7987997,0.2012003
20.0,84.5,0.8045201,0.19547993
20.0,84.75,0.79994494,0.20005506
20.0,85.0,0.2075995,0.7924005
20.0,85.25,0.20624551,0.79375446
20.0,85.5,0.7975761,0.20242387
20.0,85.75,0.20708804,0.79291195
20.0,86.0,0.20607251,0.7939275
20.0,86.25,0.20775497,0.79224503
20.0,86.5,0.20893927,0.79106075
20.0,86.75,0.8033622,0.19663781
20.0,87.0,0.82410246,0.17589754
20.0,87.25,0.81806463,0.18193537
20.0,87.5,0.817523,0.182477
20.0,87.75,0.818172,0.18182802
20.0,88.0,0.83477336,0.16522664
20.0,88.25,0.8139757,0.18602431
20.0,88.5,0.80357957,0.19642043
20.0,88.75,0.8185747,0.18142527
20.0,89.0,0.8142595,0.18574047
20.0,89.25,0.8141837,0.18581629
20.0,89.5,0.824401,0.17559898
20.0,89.75,0.84551084,0.15448916
20.0,90.0,0.8552153,0.14478469
20.0,90.25,0.86660105,0.13339895
20.0,90.5,0.87163144,0.12836856
20.0,90.75,0.84577614,0.15422386
20.0,91.0,0.84218997,0.15781003
20.0,91.25,0.8426403,0.15735972
20.0,91.5,0.8396542,0.1603458
20.0,91.75,0.8283039,0.17169613
20.0,92.0,0.83193225,0.16806775
20.0,92.25,0.8256256,0.1743744
20.0,92.5,0.8255152,0.17448479
20.0,92.75,0.8588144,0.14118558
20.0,93.0,0.8733608,0.12663919
20.0,93.25,0.8736909,0.1263091
20.0,93.5,0.8426628,0.15733719
20.0,93.75,0.8429433,0.15705669
20.0,94.0,0.8483621,0.15163791
20.0,94.25,0.84255946,0.15744054
20.0,94.5,0.20528378,0.79471624
20.0,94.75,0.2061628,0.7938372
20.0,95.0,0.20694344,0.79305655
20.0,95.25,0.20647068,0.79352933
20.0,95.5,0.2068451,0.7931549
20.0,95.75,0.8036853,0.19631469
20.0,96.0,0.8117588,0.18824118
20.25,68.0,0.824889,0.175111
20.25,68.25,0.8183812,0.18161881
20.25,68.5,0.81448436,0.18551564
20.25,68.75,0.8183812,0.18161881
20.25,69.0,0.82418376,0.17581624
20.25,69.25,0.82849157,0.17150843
20.25,69.5,0.82416016,0.17583984
20.25,69.75,0.81463116,0.18536884
20.25,70.0,0.8096893,0.19031072
20.25,70.25,0.7969759,0.20302409
20.25,70.5,0.7965657,0.20343429
20.25,70.75,0.79690105,0.20309895
20.25,71.0,0.79690105,0.20309895
20.25,71.25,0.7980979,0.20190209
20.25,71.5,0.21014,0.78986
20.25,71.75,0.20968069,0.7903193
20.25,72.0,0.20898268,0.7910173
20.25,72.25,0.81025046,0.18974954
20.25,72.5,0.853613,0.14638698
20.25,72.75,0.8566282,0.14337182
20.25,73.0,0.8240373,0.17596269
20.25,73.25,0.8193977,0.18060231
20.25,73.5,0.8245193,0.17548072
20.25,73.75,0.81082326,0.18917674
20.25,74.0,0.79845434,0.20154566
20.25,74.25,0.20805734,0.79194266
20.25,74.5,0.20687665,0.79312336
20.25,74.75,0.8144983,0.1855017
20.25,75.0,0.83908427,0.16091573
20.25,75.25,0.7982077,0.2017923
20.25,75.5,0.21051383,0.78948617
20.25,75.75,0.21064776,0.78935224
20.25,76.0,0.20971237,0.7902876
20.25,76.25,0.79711807,0.20288193
20.25,76.5,0.80348307,0.19651693
20.25,76.75,0.8241075,0.17589247
20.25,77.0,0.8240273,0.1759727
20.25,77.25,0.8034921,0.19650787
20.25,77.5,0.21085586,0.78914416
20.25,77.75,0.20991208,0.79008794
20.25,78.0,0.21071354,0.7892865
20.25,78.25,0.8034921,0.19650787
20.25,78.5,0.8143279,0.1856721
20.25,78.75,0.8244974,0.1755026
20.25,79.0,0.8285433,0.1714567
20.25,79.25,0.8286449,0.17135513
20.25,79.5,0.81012005,0.18987995
20.25,79.75,0.8036729,0.19632709
20.25,80.0,0.80321616,0.19678384
20.25,80.25,0.80386275,0.19613725
20.25,80.5,0.79734796,0.20265204
20.25,80.75,0.8035937,0.1964063
20.25,81.0,0.8098393,0.19016069
20.25,81.25,0.80333084,0.19666916
20.25,81.5,0.79831445,0.20168555
20.25,81.75,0.20979704,0.790203
20.25,82.0,0.20979704,0.790203
20.25,82.25,0.20896345,0.79103655
20.25,82.5,0.20988277,0.79011726
20.25,82.75,0.79704356,0.20295644
20.25,83.0,0.7976546,0.20234537
20.25,83.25,0.8142534,0.18574661
20.25,83.5,0.8097236,0.19027638
20.25,83.75,0.20863307,0.79136693
20.25,84.0,0.20910227,0.7908977
20.25,84.25,0.7976024,0.20239758
20.25,84.5,0.8114491,0.18855089
20.25,84.75,0.799088,0.200912
20.25,85.0,0.80963516,0.19036484
20.25,85.25,0.8038701,0.19612992
20.25,85.5,0.20774569,0.7922543
20.25,85.75,0.20873441,0.7912656
20.25,86.0,0.2084669,0.7915331
20.25,86.25,0.2074724,0.7925276
20.25,86.5,0.20643497,0.79356503
20.25,86.75,0.80346894,0.19653106
20.25,87.0,0.82425356,0.17574644
20.25,87.25,0.8236774,0.17632258
20.25,87.5,0.8236774,0.17632258
20.25,87.75,0.8031339,0.1968661
20.25,88.0,0.20824115,0.79175884
20.25,88.25,0.79865414,0.20134586
20.25,88.5,0.82784927,0.17215073
20.25,88.75,0.8319328,0.16806722
20.25,89.0,0.8391667,0.1608333
20.25,89.25,0.8280285,0.1719715
20.25,89.5,0.8319763,0.1680237
20.25,89.75,0.83174616,0.16825384
20.25,90.0,0.83174616,0.16825384
20.25,90.25,0.8507226,0.14927739
20.25,90.5,0.8394969,0.16050309
20.25,90.75,0.8043893,0.1956107
20.25,91.0,0.8184482,0.18155181
20.25,91.25,0.8158927,0.1841073
20.25,91.5,0.80497473,0.19502527
20.25,91.75,0.8114915,0.18850851
20.25,92.0,0.835558,0.164442
20.25,92.25,0.8291889,0.17081112
20.25,92.5,0.87092096,0.12907904
20.25,92.75,0.8840436,0.115956426
20.25,93.0,0.86669415,0.13330585
20.25,93.25,0.829,0.171
20.25,93.5,0.8120973,0.18790269
20.25,93.75,0.82384,0.17615998
20.25,94.0,0.8362192,0.16378081
20.25,94.25,0.81576586,0.18423414
20.25,94.5,0.20371023,0.7962898
20.25,94.75,0.2068451,0.7931549
20.25,95.0,0.20637634,0.7936237
20.25,95.25,0.2069199,0.7930801
20.25,95.5,0.20737389,0.79262614
20.25,95.75,0.80461663,0.19538337
20.25,96.0,0.81516004,0.18483996
20.5,68.0,0.8285334,0.17146659
20.5,68.25,0.8287029,0.17129707
20.5,68.5,0.81784546,0.18215454
20.5,68.75,0.8290588,0.17094117
20.5,69.0,0.8288039,0.1711961
20.5,69.25,0.82418376,0.17581624
20.5,69.5,0.8181417,0.1818583
20.5,69.75,0.80333567,0.19666433
20.5,70.0,0.7965657,0.20343429
20.5,70.25,0.7965657,0.20343429
20.5,70.5,0.79690105,0.20309895
20.5,70.75,0.79773295,0.20226705
20.5,71.0,0.20950045,0.79049957
20.5,71.25,0.21018474,0.78981525
20.5,71.5,0.21024024,0.78975976
20.5,71.75,0.20947705,0.79052293
20.5,72.0,0.20898268,0.7910173
20.5,72.25,0.80394447,0.19605553
20.5,72.5,0.8289089,0.17109108
20.5,72.75,0.8636182,0.1363818
20.5,73.0,0.8424288,0.1575712
20.5,73.25,0.8281235,0.17187649
20.5,73.5,0.81082326,0.18917674
20.5,73.75,0.81082326,0.18917674
20.5,74.0,0.797871,0.202129
20.5,74.25,0.20893718,0.79106283
20.5,74.5,0.20873797,0.79126203
20.5,74.75,0.7977014,0.20229858
20.5,75.0,0.8031257,0.19687432
20.5,75.25,0.8034607,0.19653928
20.5,75.5,0.8031146,0.1968854
20.5,75.75,0.7977014,0.20229858
20.5,76.0,0.20819005,0.7918099
20.5,76.25,0.20833623,0.79166377
20.5,76.5,0.20809914,0.7919009
20.5,76.75,0.79734635,0.20265365
20.5,77.0,0.8037612,0.19623882
20.5,77.25,0.79765064,0.20234936
20.5,77.5,0.20932512,0.79067487
20.5,77.75,0.20950793,0.79049206
20.5,78.0,0.21045057,0.7895494
20.5,78.25,0.8096971,0.19030291
20.5,78.5,0.8241075,0.17589247
20.5,78.75,0.8350985,0.1649015
20.5,79.0,0.842416,0.15758401
20.5,79.25,0.828023,0.17197698
20.5,79.5,0.7977522,0.2022478
20.5,79.75,0.79734796,0.20265204
20.5,80.0,0.2123969,0.7876031
20.5,80.25,0.21250285,0.78749716
20.5,80.5,0.21250285,0.78749716
20.5,80.75,0.21081145,0.78918856
20.5,81.0,0.20990233,0.79009765
20.5,81.25,0.20801951,0.7919805
20.5,81.5,0.20849247,0.79150754
20.5,81.75,0.21022627,0.7897737
20.5,82.0,0.20993097,0.79006904
20.5,82.25,0.20953557,0.7904644
20.5,82.5,0.20775998,0.79224
20.5,82.75,0.20974883,0.79025114
20.5,83.0,0.20961475,0.79038525
20.5,83.25,0.7980196,0.20198041
20.5,83.5,0.80340856,0.19659144
20.5,83.75,0.20891742,0.79108256
20.5,84.0,0.20939757,0.79060245
20.5,84.25,0.8034176,0.19658238
20.5,84.5,0.8114491,0.18855089
20.5,84.75,0.8045201,0.19547993
20.5,85.0,0.8256357,0.17436433
20.5,85.25,0.82399696,0.17600304
20.5,85.5,0.81822515,0.18177485
20.5,85.75,0.809433,0.19056702
20.5,86.0,0.2084669,0.7915331
20.5,86.25,0.2084669,0.7915331
20.5,86.5,0.20728298,0.79271704
20.5,86.75,0.79985756,0.20014244
20.5,87.0,0.8093207,0.19067931
20.5,87.25,0.8177215,0.18227851
20.5,87.5,0.8341268,0.16587323
20.5,87.75,0.8337296,0.16627038
20.5,88.0,0.8039977,0.1960023
20.5,88.25,0.20928018,0.7907198
20.5,88.5,0.8093207,0.19067931
20.5,88.75,0.8314614,0.16853857
20.5,89.0,0.82382,0.17618
20.5,89.25,0.82816434,0.17183566
20.5,89.5,0.856358,0.14364201
20.5,89.75,0.87133807,0.12866193
20.5,90.0,0.86424893,0.13575107
20.5,90.25,0.85621953,0.14378047
20.5,90.5,0.82455647,0.17544353
20.5,90.75,0.20890053,0.7910995
20.5,91.0,0.8009021,0.19909787
20.5,91.25,0.8154586,0.1845414
20.5,91.5,0.81201494,0.18798506
20.5,91.75,0.8245232,0.17547679
20.5,92.0,0.8390541,0.16094589
20.5,92.25,0.8779709,0.122029126
20.5,92.5,0.890953,0.109046996
20.5,92.75,0.83215785,0.16784215
20.5,93.0,0.81180227,0.18819773
20.5,93.25,0.80558056,0.19441944
20.5,93.5,0.81619996,0.18380004
20.5,93.75,0.8191684,0.18083161
20.5,94.0,0.804729,0.19527102
20.5,94.25,0.20528378,0.79471624
20.5,94.5,0.20762447,0.79237556
20.5,94.75,0.20654836,0.79345167
20.5,95.0,0.20671624,0.79328376
20.5,95.25,0.2069199,0.7930801
20.5,95.5,0.20637634,0.7936237
20.5,95.75,0.8113899,0.18861008
20.5,96.0,0.80461663,0.19538337
20.75,68.0,0.824889,0.175111
20.75,68.25,0.8247195,0.17528051
20.75,68.5,0.8182278,0.18177217
20.75,68.75,0.8182278,0.18177217
20.75,69.0,0.8183812,0.18161881
20.75,69.25,0.81448436,0.18551564
20.75,69.5,0.8089079,0.19109207
20.75,69.75,0.8096893,0.19031072
20.75,70.0,0.8100299,0.18997008
20.75,70.25,0.8148072,0.18519282
20.75,70.5,0.8094523,0.1905477
20.75,70.75,0.7980979,0.20190209
20.75,71.0,0.20916288,0.7908371
20.75,71.25,0.21018474,0.78981525
20.75,71.5,0.21014,0.78986
20.75,71.75,0.20948128,0.7905187
20.75,72.0,0.7986933,0.2013067
20.75,72.25,0.81014943,0.18985057
20.75,72.5,0.82480156,0.17519844
20.75,72.75,0.850624,0.14937598
20.75,73.0,0.83554095,0.16445905
20.75,73.25,0.81447107,0.18552893
20.75,73.5,0.79834265,0.20165735
20.75,73.75,0.7988568,0.2011432
20.75,74.0,0.7983707,0.20162928
20.75,74.25,0.20927921,0.7907208
20.75,74.5,0.2100526,0.7899474
20.75,74.75,0.2093299,0.7906701
20.75,75.0,0.20748343,0.7925166
20.75,75.25,0.8097981,0.19020188
20.75,75.5,0.8147266,0.18527341
20.75,75.75,0.7981939,0.20180613
20.75,76.0,0.20819329,0.7918067
20.75,76.25,0.209374,0.790626
20.75,76.5,0.209374,0.790626
20.75,76.75,0.20819329,0.7918067
20.75,77.0,0.20819329,0.7918067
20.75,77.25,0.209374,0.790626
20.75,77.5,0.209374,0.790626
20.75,77.75,0.20950793,0.79049206
20.75,78.0,0.209374,0.790626
20.75,78.25,0.83151275,0.16848725
20.75,78.5,0.83464617,0.16535383
20.75,78.75,0.86328924,0.13671076
20.75,79.0,0.856893,0.143107
20.75,79.25,0.828023,0.17197698
20.75,79.5,0.8145097,0.18549031
20.75,79.75,0.8242091,0.1757909
20.75,80.0,0.82442945,0.17557055
20.75,80.25,0.8035937,0.1964063
20.75,80.5,0.21117933,0.7888207
20.75,80.75,0.21182908,0.78817093
20.75,81.0,0.21078217,0.7892178
20.75,81.25,0.20958364,0.79041636
20.75,81.5,0.20937231,0.7906277
20.75,81.75,0.20868802,0.791312
20.75,82.0,0.20855409,0.7914459
20.75,82.25,0.20899771,0.7910023
20.75,82.5,0.20909458,0.7909054
20.75,82.75,0.20775998,0.79224
20.75,83.0,0.2097727,0.7902273
20.75,83.25,0.20997211,0.79002786
20.75,83.5,0.20947741,0.7905226
20.75,83.75,0.20891742,0.79108256
20.75,84.0,0.7968676,0.20313239
20.75,84.25,0.80776155,0.19223845
20.75,84.5,0.7983384,0.20166159
20.75,84.75,0.7977924,0.20220762
20.75,85.0,0.841756,0.15824401
20.75,85.25,0.871039,0.12896103
20.75,85.5,0.89086705,0.109132946
20.75,85.75,0.8448289,0.1551711
20.75,86.0,0.80372864,0.19627136
20.75,86.25,0.20728621,0.79271376
20.75,86.5,0.20842825,0.79157174
20.75,86.75,0.20724863,0.7927514
20.75,87.0,0.79860544,0.20139456
20.75,87.25,0.81741935,0.18258065
20.75,87.5,0.8277411,0.17225891
20.75,87.75,0.83760345,0.16239655
20.75,88.0,0.82375765,0.17624235
20.75,88.25,0.80372864,0.19627136
20.75,88.5,0.79756975,0.20243025
20.75,88.75,0.20931993,0.79068005
20.75,89.0,0.81827444,0.18172556
20.75,89.25,0.8503078,0.14969218
20.75,89.5,0.8715128,0.12848723
20.75,89.75,0.87808824,0.121911764
20.75,90.0,0.87094903,0.12905097
20.75,90.25,0.8511186,0.14888138
20.75,90.5,0.80977386,0.19022614
20.75,90.75,0.8193806,0.18061942
20.75,91.0,0.8013718,0.19862819
20.75,91.25,0.800732,0.19926798
20.75,91.5,0.8255993,0.17440069
20.75,91.75,0.8842196,0.11578041
20.75,92.0,0.90519977,0.094800234
20.75,92.25,0.91164076,0.08835924
20.75,92.5,0.83548015,0.16451985
20.75,92.75,0.80145955,0.19854045
20.75,93.0,0.8200623,0.17993772
20.75,93.25,0.8001485,0.19985151
20.75,93.5,0.8160378,0.18396223
20.75,93.75,0.8120973,0.18790269
20.75,94.0,0.20558679,0.7944132
20.75,94.25,0.2068451,0.7931549
20.75,94.5,0.20647068,0.79352933
20.75,94.75,0.20654836,0.79345167
20.75,95.0,0.2054848,0.7945152
20.75,95.25,0.2069199,0.7930801
20.75,95.5,0.20637634,0.7936237
20.75,95.75,0.20654836,0.79345167
20.75,96.0,0.20749311,0.7925069
21.0,68.0,0.80917597,0.19082403
21.0,68.25,0.8094579,0.1905421
21.0,68.5,0.8150201,0.18497992
21.0,68.75,0.81448436,0.18551564
21.0,69.0,0.81448436,0.18551564
21.0,69.25,0.81493986,0.18506014
21.0,69.5,0.8089079,0.19109207
21.0,69.75,0.82384324,0.17615676
21.0,70.0,0.82416016,0.17583984
21.0,70.25,0.8182042,0.18179578
21.0,70.5,0.8091094,0.19089061
21.0,70.75,0.20975156,0.79024845
21.0,71.0,0.21057358,0.78942645
21.0,71.25,0.20947257,0.79052746
21.0,71.5,0.20862538,0.7913746
21.0,71.75,0.20968069,0.7903193
21.0,72.0,0.8086531,0.19134688
21.0,72.25,0.8353402,0.1646598
21.0,72.5,0.8530739,0.1469261
21.0,72.75,0.87007344,0.12992656
21.0,73.0,0.8679606,0.13203943
21.0,73.25,0.8320269,0.1679731
21.0,73.5,0.79765064,0.20234936
21.0,73.75,0.2083763,0.7916237
21.0,74.0,0.20887358,0.79112643
21.0,74.25,0.21034789,0.7896521
21.0,74.5,0.21000731,0.7899927
21.0,74.75,0.21101221,0.78898776
21.0,75.0,0.21002135,0.7899786
21.0,75.25,0.20843753,0.79156244
21.0,75.5,0.7982759,0.20172411
21.0,75.75,0.20683606,0.79316396
21.0,76.0,0.79857093,0.20142907
21.0,76.25,0.20809914,0.7919009
21.0,76.5,0.20801416,0.79198587
21.0,76.75,0.20789549,0.7921045
21.0,77.0,0.20819329,0.7918067
21.0,77.25,0.209374,0.790626
21.0,77.5,0.7981187,0.20188129
21.0,77.75,0.79889184,0.20110816
21.0,78.0,0.7987177,0.20128232
21.0,78.25,0.8097848,0.19021517
21.0,78.5,0.8147266,0.18527341
21.0,78.75,0.837576,0.16242403
21.0,79.0,0.8566362,0.14336377
21.0,79.25,0.84999955,0.15000045
21.0,79.5,0.8382442,0.1617558
21.0,79.75,0.8527018,0.14729822
21.0,80.0,0.8731295,0.12687051
21.0,80.25,0.8316143,0.16838568
21.0,80.5,0.21236886,0.78763115
21.0,80.75,0.21081145,0.78918856
21.0,81.0,0.21009788,0.7899021
21.0,81.25,0.20889935,0.7911006
21.0,81.5,0.20937231,0.7906277
21.0,81.75,0.20937231,0.7906277
21.0,82.0,0.20868802,0.791312
21.0,82.25,0.20937231,0.7906277
21.0,82.5,0.2093241,0.7906759
21.0,82.75,0.20884345,0.79115653
21.0,83.0,0.2090561,0.7909439
21.0,83.25,0.20749196,0.792508
21.0,83.5,0.2097727,0.7902273
21.0,83.75,0.20878343,0.79121655
21.0,84.0,0.20936374,0.79063624
21.0,84.25,0.20891742,0.79108256
21.0,84.5,0.20910227,0.7908977
21.0,84.75,0.20900449,0.7909955
21.0,85.0,0.81806684,0.18193316
21.0,85.25,0.8444919,0.1555081
21.0,85.5,0.86541754,0.13458246
21.0,85.75,0.824033,0.17596698
21.0,86.0,0.8089293,0.19107068
21.0,86.25,0.80357957,0.19642043
21.0,86.5,0.2084669,0.7915331
21.0,86.75,0.20862475,0.7913753
21.0,87.0,0.20842037,0.7915796
21.0,87.25,0.81284255,0.18715745
21.0,87.5,0.8377044,0.16229558
21.0,87.75,0.8412705,0.1587295
21.0,88.0,0.82254195,0.17745805
21.0,88.25,0.8146801,0.1853199
21.0,88.5,0.81428653,0.18571347
21.0,88.75,0.8147761,0.18522388
21.0,89.0,0.83799845,0.16200155
21.0,89.25,0.86761165,0.13238835
21.0,89.5,0.88762486,0.11237514
21.0,89.75,0.8741753,0.12582469
21.0,90.0,0.8735298,0.12647021
21.0,90.25,0.8548784,0.14512157
21.0,90.5,0.80454594,0.19545406
21.0,90.75,0.83588284,0.16411716
21.0,91.0,0.800732,0.19926798
21.0,91.25,0.20679155,0.7932085
21.0,91.5,0.8423417,0.15765828
21.0,91.75,0.9108406,0.08915943
21.0,92.0,0.92487925,0.07512075
21.0,92.25,0.8802761,0.119723916
21.0,92.5,0.20716034,0.79283965
21.0,92.75,0.20716034,0.79283965
21.0,93.0,0.82017267,0.17982733
21.0,93.25,0.81956685,0.18043315
21.0,93.5,0.83632255,0.16367745
21.0,93.75,0.81119645,0.18880355
21.0,94.0,0.20491363,0.7950864
21.0,94.25,0.20784265,0.79215735
21.0,94.5,0.20637634,0.7936237
21.0,94.75,0.2070108,0.7929892
21.0,95.0,0.20707421,0.7929258
21.0,95.25,0.20671624,0.79328376
21.0,95.5,0.20715699,0.792843
21.0,95.75,0.2070322,0.7929678
21.0,96.0,0.20863006,0.7913699
21.25,68.0,0.8033889,0.1966111
21.25,68.25,0.8092819,0.19071811
21.25,68.5,0.80917597,0.19082403
21.25,68.75,0.81448436,0.18551564
21.25,69.0,0.80921555,0.19078445
21.25,69.25,0.8089336,0.19106638
21.25,69.5,0.8182042,0.18179578
21.25,69.75,0.82416016,0.17583984
21.25,70.0,0.81777376,0.18222624
21.25,70.25,0.81010556,0.18989444
21.25,70.5,0.796653,0.20334703
21.25,70.75,0.20605649,0.7939435
21.25,71.0,0.2096065,0.7903935
21.25,71.25,0.20910126,0.79089874
21.25,71.5,0.21003415,0.78996587
21.25,71.75,0.2094409,0.7905591
21.25,72.0,0.8030773,0.19692272
21.25,72.25,0.83229727,0.16770273
21.25,72.5,0.85847485,0.14152515
21.25,72.75,0.86713,0.13287002
21.25,73.0,0.86713,0.13287002
21.25,73.25,0.8569652,0.14303482
21.25,73.5,0.82844085,0.17155915
21.25,73.75,0.7991644,0.20083559
21.25,74.0,0.20817265,0.7918273
21.25,74.25,0.20937867,0.79062134
21.25,74.5,0.20953868,0.7904613
21.25,74.75,0.209374,0.790626
21.25,75.0,0.20755559,0.7924444
21.25,75.25,0.20593587,0.79406416
21.25,75.5,0.85895693,0.14104307
21.25,75.75,0.8321163,0.1678837
21.25,76.0,0.80407745,0.19592255
21.25,76.25,0.80098224,0.19901776
21.25,76.5,0.8002511,0.19974887
21.25,76.75,0.8002511,0.19974887
21.25,77.0,0.82838845,0.17161155
21.25,77.25,0.8625637,0.13743627
21.25,77.5,0.89219403,0.10780597
21.25,77.75,0.8926496,0.10735041
21.25,78.0,0.85486203,0.14513797
21.25,78.25,0.8292472,0.17075282
21.25,78.5,0.8256839,0.17431611
21.25,78.75,0.8109764,0.18902361
21.25,79.0,0.8147266,0.18527341
21.25,79.25,0.8318116,0.1681884
21.25,79.5,0.85143065,0.14856935
21.25,79.75,0.8648528,0.13514721
21.25,80.0,0.8589216,0.14107841
21.25,80.25,0.83918583,0.16081417
21.25,80.5,0.81398374,0.18601626
21.25,80.75,0.210609,0.789391
21.25,81.0,0.20908411,0.7909159
21.25,81.25,0.20889935,0.7911006
21.25,81.5,0.20855409,0.7914459
21.25,81.75,0.20855409,0.7914459
21.25,82.0,0.20868802,0.791312
21.25,82.25,0.20855409,0.7914459
21.25,82.5,0.20863982,0.7913602
21.25,82.75,0.2093241,0.7906759
21.25,83.0,0.20857544,0.7914246
21.25,83.25,0.20749196,0.792508
21.25,83.5,0.2086815,0.79131854
21.25,83.75,0.20896828,0.7910317
21.25,84.0,0.2071158,0.79288423
21.25,84.25,0.20896828,0.7910317
21.25,84.5,0.20896828,0.7910317
21.25,84.75,0.20724095,0.79275906
21.25,85.0,0.79820335,0.20179665
21.25,85.25,0.20906447,0.7909355
21.25,85.5,0.79791003,0.20208997
21.25,85.75,0.82801646,0.17198354
21.25,86.0,0.857972,0.14202797
21.25,86.25,0.82801676,0.17198324
21.25,86.5,0.79871285,0.20128715
21.25,86.75,0.7978704,0.2021296
21.25,87.0,0.83156,0.16843998
21.25,87.25,0.843835,0.156165
21.25,87.5,0.8663456,0.13365442
21.25,87.75,0.8498235,0.15017653
21.25,88.0,0.843835,0.156165
21.25,88.25,0.8341268,0.16587323
21.25,88.5,0.8321231,0.1678769
21.25,88.75,0.83225214,0.16774786
21.25,89.0,0.8388218,0.16117817
21.25,89.25,0.82789665,0.17210335
21.25,89.5,0.8646767,0.13532329
21.25,89.75,0.8741753,0.12582469
21.25,90.0,0.8643398,0.13566017
21.25,90.25,0.85099846,0.14900154
21.25,90.5,0.8319918,0.16800821
21.25,90.75,0.87092096,0.12907904
21.25,91.0,0.8049333,0.19506669
21.25,91.25,0.20700997,0.79299
21.25,91.5,0.8455668,0.15443319
21.25,91.75,0.9126211,0.08737892
21.25,92.0,0.89919114,0.10080886
21.25,92.25,0.81559414,0.18440586
21.25,92.5,0.20557846,0.79442155
21.25,92.75,0.20632534,0.79367465
21.25,93.0,0.81543195,0.18456805
21.25,93.25,0.83162636,0.16837364
21.25,93.5,0.81853455,0.18146545
21.25,93.75,0.8002295,0.19977051
21.25,94.0,0.20626077,0.7937392
21.25,94.25,0.8116847,0.18831527
21.25,94.5,0.8184522,0.18154782
21.25,94.75,0.2070108,0.7929892
21.25,95.0,0.20711286,0.79288715
21.25,95.25,0.20585658,0.79414344
21.25,95.5,0.2071557,0.7928443
21.25,95.75,0.20673147,0.79326856
21.25,96.0,0.20794503,0.79205495
21.5,68.0,0.8035649,0.1964351
21.5,68.25,0.80917597,0.19082403
21.5,68.5,0.80917597,0.19082403
21.5,68.75,0.8089336,0.19106638
21.5,69.0,0.81448436,0.18551564
21.5,69.25,0.80921555,0.19078445
21.5,69.5,0.8183576,0.18164241
21.5,69.75,0.8182024,0.18179762
21.5,70.0,0.8097599,0.19024009
21.5,70.25,0.79720867,0.20279133
21.5,70.5,0.2074486,0.7925514
21.5,70.75,0.20890401,0.791096
21.5,71.0,0.2099811,0.7900189
21.5,71.25,0.2099811,0.7900189
21.5,71.5,0.20950744,0.79049253
21.5,71.75,0.20859335,0.79140663
21.5,72.0,0.20898268,0.7910173
21.5,72.25,0.79748774,0.20251226
21.5,72.5,0.80361927,0.19638073
21.5,72.75,0.81502193,0.18497807
21.5,73.0,0.8042521,0.19574791
21.5,73.25,0.8351082,0.16489178
21.5,73.5,0.8448081,0.1551919
21.5,73.75,0.824269,0.175731
21.5,74.0,0.8041929,0.1958071
21.5,74.25,0.20917423,0.7908258
21.5,74.5,0.20946953,0.79053044
21.5,74.75,0.79816216,0.20183784
21.5,75.0,0.20857447,0.7914255
21.5,75.25,0.799606,0.20039397
21.5,75.5,0.8693609,0.13063908
21.5,75.75,0.83958215,0.16041785
21.5,76.0,0.8356426,0.16435742
21.5,76.25,0.8775527,0.12244731
21.5,76.5,0.8938666,0.1061334
21.5,76.75,0.8766837,0.12331629
21.5,77.0,0.8820927,0.117907286
21.5,77.25,0.8967838,0.10321617
21.5,77.5,0.9234998,0.07650018
21.5,77.75,0.92961556,0.07038444
21.5,78.0,0.90672094,0.09327906
21.5,78.25,0.87786937,0.12213063
21.5,78.5,0.8625637,0.13743627
21.5,78.75,0.81962514,0.18037486
21.5,79.0,0.799606,0.20039397
21.5,79.25,0.799301,0.20069897
21.5,79.5,0.81434935,0.18565065
21.5,79.75,0.8427625,0.15723753
21.5,80.0,0.85648805,0.14351195
21.5,80.25,0.8699333,0.1300667
21.5,80.5,0.8531359,0.14686412
21.5,80.75,0.7984568,0.20154321
21.5,81.0,0.2112069,0.7887931
21.5,81.25,0.20920904,0.790791
21.5,81.5,0.20906636,0.7909336
21.5,81.75,0.20953557,0.7904644
21.5,82.0,0.2096695,0.7903305
21.5,82.25,0.20868802,0.791312
21.5,82.5,0.20775998,0.79224
21.5,82.75,0.20844427,0.79155576
21.5,83.0,0.20964858,0.7903514
21.5,83.25,0.20749196,0.792508
21.5,83.5,0.20934348,0.7906565
21.5,83.75,0.20922975,0.79077023
21.5,84.0,0.20896828,0.7910317
21.5,84.25,0.20710696,0.79289305
21.5,84.5,0.20710696,0.79289305
21.5,84.75,0.20910227,0.7908977
21.5,85.0,0.21066819,0.7893318
21.5,85.25,0.20774978,0.7922502
21.5,85.5,0.80356395,0.19643605
21.5,85.75,0.8712887,0.12871128
21.5,86.0,0.8729534,0.12704659
21.5,86.25,0.8349494,0.16505063
21.5,86.5,0.818201,0.181799
21.5,86.75,0.8630357,0.13696432
21.5,87.0,0.8798023,0.12019771
21.5,87.25,0.903538,0.09646201
21.5,87.5,0.91641474,0.08358526
21.5,87.75,0.89881647,0.10118353
21.5,88.0,0.8636083,0.1363917
21.5,88.25,0.85088956,0.14911044
21.5,88.5,0.8181655,0.18183452
21.5,88.75,0.8038821,0.19611788
21.5,89.0,0.8312296,0.16877037
21.5,89.25,0.81862324,0.18137676
21.5,89.5,0.84754765,0.15245235
21.5,89.75,0.8588824,0.14111757
21.5,90.0,0.85462534,0.14537466
21.5,90.25,0.86424893,0.13575107
21.5,90.5,0.87779486,0.12220514
21.5,90.75,0.87779486,0.12220514
21.5,91.0,0.84587467,0.15412533
21.5,91.25,0.80120975,0.19879025
21.5,91.5,0.85489064,0.14510936
21.5,91.75,0.9133681,0.086631894
21.5,92.0,0.86747265,0.13252735
21.5,92.25,0.2068451,0.7931549
21.5,92.5,0.20784265,0.79215735
21.5,92.75,0.2061628,0.7938372
21.5,93.0,0.8391927,0.16080731
21.5,93.25,0.83193225,0.16806775
21.5,93.5,0.8008353,0.19916469
21.5,93.75,0.20784265,0.79215735
21.5,94.0,0.8355843,0.16441572
21.5,94.25,0.88780254,0.11219746
21.5,94.5,0.8280277,0.17197227
21.5,94.75,0.79672295,0.20327705
21.5,95.0,0.79672295,0.20327705
21.5,95.25,0.2070108,0.7929892
21.5,95.5,0.2072272,0.79277277
21.5,95.75,0.2069199,0.7930801
21.5,96.0,0.20819996,0.7918
21.75,68.0,0.8100355,0.18996447
21.75,68.25,0.81448436,0.18551564
21.75,68.5,0.80917597,0.19082403
21.75,68.75,0.8089336,0.19106638
21.75,69.0,0.81493986,0.18506014
21.75,69.25,0.81448436,0.18551564
21.75,69.5,0.8148072,0.18519282
21.75,69.75,0.80332446,0.19667554
21.75,70.0,0.79737353,0.20262647
21.75,70.25,0.20956242,0.7904376
21.75,70.5,0.20956242,0.7904376
21.75,70.75,0.20956242,0.7904376
21.75,71.0,0.20975158,0.7902484
21.75,71.25,0.2102539,0.7897461
21.75,71.5,0.21014,0.78986
21.75,71.75,0.20978093,0.79021907
21.75,72.0,0.20973612,0.7902639
21.75,72.25,0.21055822,0.78944176
21.75,72.5,0.21261096,0.78738904
21.75,72.75,0.21010934,0.78989065
21.75,73.0,0.21105488,0.78894514
21.75,73.25,0.7968957,0.20310432
21.75,73.5,0.81626564,0.18373436
21.75,73.75,0.82451874,0.17548126
21.75,74.0,0.8042219,0.19577807
21.75,74.25,0.8042016,0.1957984
21.75,74.5,0.799606,0.20039397
21.75,74.75,0.20640463,0.7935954
21.75,75.0,0.20904323,0.79095674
21.75,75.25,0.20802435,0.7919756
21.75,75.5,0.79944384,0.20055616
21.75,75.75,0.81067884,0.18932116
21.75,76.0,0.8780454,0.12195462
21.75,76.25,0.9368115,0.06318849
21.75,76.5,0.94808376,0.05191624
21.75,76.75,0.94524026,0.05475974
21.75,77.0,0.93416494,0.06583506
21.75,77.25,0.90074265,0.09925735
21.75,77.5,0.85895693,0.14104307
21.75,77.75,0.8513291,0.14867091
21.75,78.0,0.81885034,0.18114966
21.75,78.25,0.8036932,0.19630682
21.75,78.5,0.7986853,0.20131469
21.75,78.75,0.20661595,0.7933841
21.75,79.0,0.8039446,0.19605541
21.75,79.25,0.80404615,0.19595385
21.75,79.5,0.21111372,0.7888863
21.75,79.75,0.7980906,0.20190942
21.75,80.0,0.8427625,0.15723753
21.75,80.25,0.8679064,0.13209361
21.75,80.5,0.8356663,0.1643337
21.75,80.75,0.21067007,0.78932995
21.75,81.0,0.21053937,0.78946066
21.75,81.25,0.20920691,0.79079306
21.75,81.5,0.2096695,0.7903305
21.75,81.75,0.2098776,0.7901224
21.75,82.0,0.2092003,0.79079974
21.75,82.25,0.2092003,0.79079974
21.75,82.5,0.20762604,0.79237396
21.75,82.75,0.2093241,0.7906759
21.75,83.0,0.20937878,0.7906212
21.75,83.25,0.20947741,0.7905226
21.75,83.5,0.20934348,0.7906565
21.75,83.75,0.20922975,0.79077023
21.75,84.0,0.20793054,0.79206944
21.75,84.25,0.20819072,0.79180926
21.75,84.5,0.7984934,0.20150661
21.75,84.75,0.7983272,0.20167279
21.75,85.0,0.79788375,0.20211625
21.75,85.25,0.20791171,0.79208827
21.75,85.5,0.82420254,0.17579746
21.75,85.75,0.88790846,0.11209154
21.75,86.0,0.8732102,0.12678981
21.75,86.25,0.82410246,0.17589754
21.75,86.5,0.81842357,0.18157643
21.75,86.75,0.8802761,0.119723916
21.75,87.0,0.88673836,0.11326164
21.75,87.25,0.90860283,0.091397166
21.75,87.5,0.9196545,0.08034551
21.75,87.75,0.8801574,0.11984259
21.75,88.0,0.8480219,0.15197808
21.75,88.25,0.8534336,0.14656639
21.75,88.5,0.8376999,0.16230011
21.75,88.75,0.20817621,0.7918238
21.75,89.0,0.8100693,0.18993068
21.75,89.25,0.84749955,0.15250045
21.75,89.5,0.83561754,0.16438246
21.75,89.75,0.8196001,0.1803999
21.75,90.0,0.864502,0.13549799
21.75,90.25,0.88797855,0.112021446
21.75,90.5,0.8925751,0.107424915
21.75,90.75,0.86702424,0.13297576
21.75,91.0,0.8856324,0.114367604
21.75,91.25,0.85494864,0.14505136
21.75,91.5,0.8823116,0.11768842
21.75,91.75,0.9305039,0.069496095
21.75,92.0,0.8449556,0.15504438
21.75,92.25,0.20651792,0.79348207
21.75,92.5,0.2061628,0.7938372
21.75,92.75,0.799131,0.20086902
21.75,93.0,0.8390583,0.16094172
21.75,93.25,0.81945646,0.18054354
21.75,93.5,0.80145955,0.19854045
21.75,93.75,0.20559594,0.79440403
21.75,94.0,0.8554806,0.14451939
21.75,94.25,0.9105472,0.0894528
21.75,94.5,0.8256256,0.1743744
21.75,94.75,0.20647068,0.79352933
21.75,95.0,0.20711286,0.79288715
21.75,95.25,0.20711286,0.79288715
21.75,95.5,0.20693944,0.79306054
21.75,95.75,0.20679726,0.79320276
21.75,96.0,0.2091001,0.7908999
22.0,68.0,0.80853456,0.19146544
22.0,68.25,0.81448436,0.18551564
22.0,68.5,0.80917597,0.19082403
22.0,68.75,0.80921555,0.19078445
22.0,69.0,0.8181653,0.1818347
22.0,69.25,0.81465477,0.18534523
22.0,69.5,0.80314654,0.19685346
22.0,69.75,0.8038669,0.19613308
22.0,70.0,0.79755783,0.20244217
22.0,70.25,0.21009159,0.7899084
22.0,70.5,0.21009159,0.7899084
22.0,70.75,0.20999135,0.79000866
22.0,71.0,0.21048439,0.7895156
22.0,71.25,0.21078306,0.78921694
22.0,71.5,0.21442,0.78558
22.0,71.75,0.4991181,0.5008819
22.0,72.0,0.219674,0.780326
22.0,72.25,0.21055822,0.78944176
22.0,72.5,0.21932633,0.7806737
22.0,72.75,0.21055822,0.78944176
22.0,73.0,0.7971454,0.20285457
22.0,73.25,0.21298362,0.7870164
22.0,73.5,0.21243136,0.7875686
22.0,73.75,0.20931087,0.7906891
22.0,74.0,0.20773375,0.79226625
22.0,74.25,0.20786268,0.7921373
22.0,74.5,0.20700835,0.79299164
22.0,74.75,0.20812269,0.7918773
22.0,75.0,0.20766677,0.79233325
22.0,75.25,0.20682228,0.7931777
22.0,75.5,0.79919946,0.20080054
22.0,75.75,0.8397388,0.16026121
22.0,76.0,0.9432473,0.05675268
22.0,76.25,0.95077723,0.049222767
22.0,76.5,0.95077723,0.049222767
22.0,76.75,0.95077723,0.049222767
22.0,77.0,0.9499496,0.050050378
22.0,77.25,0.9134353,0.08656472
22.0,77.5,0.84757185,0.15242815
22.0,77.75,0.8200688,0.17993122
22.0,78.0,0.82874906,0.17125094
22.0,78.25,0.8426609,0.1573391
22.0,78.5,0.83955806,0.16044194
22.0,78.75,0.8187984,0.18120158
22.0,79.0,0.8039446,0.19605541
22.0,79.25,0.209694,0.790306
22.0,79.5,0.21058412,0.7894159
22.0,79.75,0.7989336,0.20106637
22.0,80.0,0.85109377,0.14890623
22.0,80.25,0.8627562,0.1372438
22.0,80.5,0.8104212,0.18957877
22.0,80.75,0.8039805,0.19601947
22.0,81.0,0.21071441,0.7892856
22.0,81.25,0.20921054,0.7907895
22.0,81.5,0.20993097,0.79006904
22.0,81.75,0.20868802,0.791312
22.0,82.0,0.20868802,0.791312
22.0,82.25,0.21022627,0.7897737
22.0,82.5,0.20948736,0.7905126
22.0,82.75,0.20974883,0.79025114
22.0,83.0,0.20934348,0.7906565
22.0,83.25,0.20948082,0.7905192
22.0,83.5,0.20948082,0.7905192
22.0,83.75,0.20922975,0.79077023
22.0,84.0,0.20910227,0.7908977
22.0,84.25,0.7981,0.2019
22.0,84.5,0.2071158,0.79288423
22.0,84.75,0.79820335,0.20179665
22.0,85.0,0.7983272,0.20167279
22.0,85.25,0.2081998,0.7918002
22.0,85.5,0.8356111,0.1643889
22.0,85.75,0.8840815,0.11591852
22.0,86.0,0.8475481,0.15245187
22.0,86.25,0.8036587,0.19634128
22.0,86.5,0.8188167,0.18118328
22.0,86.75,0.8868557,0.11314428
22.0,87.0,0.90648425,0.093515754
22.0,87.25,0.9335175,0.066482484
22.0,87.5,0.89864695,0.10135305
22.0,87.75,0.8244823,0.17551768
22.0,88.0,0.8140021,0.1859979
22.0,88.25,0.85435325,0.14564675
22.0,88.5,0.84749734,0.15250266
22.0,88.75,0.8098947,0.19010532
22.0,89.0,0.80436516,0.19563484
22.0,89.25,0.845204,0.154796
22.0,89.5,0.8286184,0.1713816
22.0,89.75,0.20925698,0.790743
22.0,90.0,0.8154652,0.18453479
22.0,90.25,0.8450853,0.15491468
22.0,90.5,0.8761313,0.123868704
22.0,90.75,0.87189674,0.12810326
22.0,91.0,0.87808824,0.121911764
22.0,91.25,0.87408847,0.12591153
22.0,91.5,0.9050376,0.09496242
22.0,91.75,0.93409777,0.06590223
22.0,92.0,0.8379652,0.16203481
22.0,92.25,0.20651792,0.79348207
22.0,92.5,0.7978437,0.2021563
22.0,92.75,0.8183621,0.18163788
22.0,93.0,0.8285201,0.17147988
22.0,93.25,0.80497473,0.19502527
22.0,93.5,0.20784265,0.79215735
22.0,93.75,0.20559594,0.79440403
22.0,94.0,0.8040434,0.19595659
22.0,94.25,0.86669415,0.13330585
22.0,94.5,0.8114915,0.18850851
22.0,94.75,0.2068451,0.7931549
22.0,95.0,0.20762447,0.79237556
22.0,95.25,0.7961133,0.20388669
22.0,95.5,0.818294,0.18170601
22.0,95.75,0.80072296,0.19927704
22.0,96.0,0.7980044,0.20199561
22.25,68.0,0.8084892,0.1915108
22.25,68.25,0.80917597,0.19082403
22.25,68.5,0.8150201,0.18497992
22.25,68.75,0.81493986,0.18506014
22.25,69.0,0.8144228,0.18557721
22.25,69.25,0.80286694,0.19713306
22.25,69.5,0.8031375,0.19686252
22.25,69.75,0.8038669,0.19613308
22.25,70.0,0.79687333,0.20312667
22.25,70.25,0.20999135,0.79000866
22.25,70.5,0.21009159,0.7899084
22.25,70.75,0.21070777,0.7892922
22.25,71.0,0.2117286,0.7882714
22.25,71.25,0.21249166,0.78750837
22.25,71.5,0.21126774,0.7887323
22.25,71.75,0.21167895,0.788321
22.25,72.0,0.2147592,0.78524077
22.25,72.25,0.21444973,0.78555024
22.25,72.5,0.21932633,0.7806737
22.25,72.75,0.21567455,0.7843255
22.25,73.0,0.21160126,0.78839874
22.25,73.25,0.7971454,0.20285457
22.25,73.5,0.20968731,0.7903127
22.25,73.75,0.20890673,0.7910933
22.25,74.0,0.20924154,0.7907585
22.25,74.25,0.20734824,0.7926518
22.25,74.5,0.2084395,0.79156053
22.25,74.75,0.20768194,0.79231805
22.25,75.0,0.20776793,0.79223204
22.25,75.25,0.7986853,0.20131469
22.25,75.5,0.8185509,0.18144912
22.25,75.75,0.8693609,0.13063908
22.25,76.0,0.94524026,0.05475974
22.25,76.25,0.9499496,0.050050378
22.25,76.5,0.94791424,0.052085757
22.25,76.75,0.95077723,0.049222767
22.25,77.0,0.9469574,0.05304259
22.25,77.25,0.9054161,0.09458393
22.25,77.5,0.8360875,0.16391248
22.25,77.75,0.8296921,0.17030787
22.25,78.0,0.8360875,0.16391248
22.25,78.25,0.8539843,0.1460157
22.25,78.5,0.8515179,0.14848208
22.25,78.75,0.8364071,0.16359288
22.25,79.0,0.8356426,0.16435742
22.25,79.25,0.81526005,0.18473995
22.25,79.5,0.799301,0.20069897
22.25,79.75,0.799301,0.20069897
22.25,80.0,0.8392444,0.16075557
22.25,80.25,0.83188766,0.16811234
22.25,80.5,0.8143366,0.1856634
22.25,80.75,0.81902707,0.18097293
22.25,81.0,0.8040688,0.1959312
22.25,81.25,0.7980642,0.20193583
22.25,81.5,0.8037521,0.19624788
22.25,81.75,0.7984017,0.20159829
22.25,82.0,0.7984017,0.20159829
22.25,82.25,0.797554,0.20244598
22.25,82.5,0.210116,0.789884
22.25,82.75,0.79796225,0.20203775
22.25,83.0,0.20961475,0.79038525
22.25,83.25,0.79788375,0.20211625
22.25,83.5,0.79788375,0.20211625
22.25,83.75,0.79832023,0.20167977
22.25,84.0,0.80961823,0.19038177
22.25,84.25,0.79832023,0.20167977
22.25,84.5,0.20710696,0.79289305
22.25,84.75,0.79788375,0.20211625
22.25,85.0,0.79791003,0.20208997
22.25,85.25,0.20828176,0.79171824
22.25,85.5,0.81793433,0.18206567
22.25,85.75,0.8582288,0.1417712
22.25,86.0,0.83859843,0.16140157
22.25,86.25,0.818172,0.18182802
22.25,86.5,0.8039059,0.1960941
22.25,86.75,0.88900244,0.11099756
22.25,87.0,0.9261927,0.0738073
22.25,87.25,0.9182811,0.08171892
22.25,87.5,0.8880959,0.111904085
22.25,87.75,0.83155906,0.16844094
22.25,88.0,0.86205494,0.13794506
22.25,88.25,0.8735298,0.12647021
22.25,88.5,0.82577896,0.17422104
22.25,88.75,0.81422263,0.18577737
22.25,89.0,0.8054531,0.19454688
22.25,89.25,0.832065,0.16793501
22.25,89.5,0.81513345,0.18486655
22.25,89.75,0.20871343,0.7912866
22.25,90.0,0.20858456,0.79141545
22.25,90.25,0.8046969,0.19530308
22.25,90.5,0.8318576,0.16814238
22.25,90.75,0.8823624,0.117637575
22.25,91.0,0.900719,0.09928101
22.25,91.25,0.899242,0.100758016
22.25,91.5,0.9234253,0.07657468
22.25,91.75,0.9176884,0.08231157
22.25,92.0,0.819082,0.18091798
22.25,92.25,0.20425372,0.79574627
22.25,92.5,0.79893506,0.20106494
22.25,92.75,0.8038868,0.19611323
22.25,93.0,0.8002295,0.19977051
22.25,93.25,0.20784265,0.79215735
22.25,93.5,0.7992983,0.20070171
22.25,93.75,0.80497473,0.19502527
22.25,94.0,0.8782504,0.12174958
22.25,94.25,0.9057971,0.094202876
22.25,94.5,0.8421145,0.15788549
22.25,94.75,0.79749024,0.20250976
22.25,95.0,0.7998714,0.20012861
22.25,95.25,0.8763979,0.12360209
22.25,95.5,0.8882581,0.1117419
22.25,95.75,0.81856257,0.18143743
22.25,96.0,0.81856257,0.18143743
22.5,68.0,0.80799884,0.19200116
22.5,68.25,0.80845433,0.19154567
22.5,68.5,0.80799884,0.19200116
22.5,68.75,0.81514424,0.18485576
22.5,69.0,0.8150201,0.18497992
22.5,69.25,0.8150201,0.18497992
22.5,69.5,0.81446075,0.18553925
22.5,69.75,0.8098959,0.19010413
22.5,70.0,0.79684436,0.20315564
22.5,70.25,0.2098611,0.7901389
22.5,70.5,0.20999135,0.79000866
22.5,70.75,0.20999135,0.79000866
22.5,71.0,0.21078306,0.78921694
22.5,71.25,0.21319804,0.78680193
22.5,71.5,0.21442,0.78558
22.5,71.75,0.2105285,0.7894715
22.5,72.0,0.21141447,0.78858554
22.5,72.25,0.21105488,0.78894514
22.5,72.5,0.20989767,0.79010236
22.5,72.75,0.20937653,0.7906235
22.5,73.0,0.20958017,0.7904198
22.5,73.25,0.21010934,0.78989065
22.5,73.5,0.21027979,0.7897202
22.5,73.75,0.20890673,0.7910933
22.5,74.0,0.20877278,0.7912272
22.5,74.25,0.2082342,0.7917658
22.5,74.5,0.20882675,0.7911732
22.5,74.75,0.20812269,0.7918773
22.5,75.0,0.8040321,0.19596791
22.5,75.25,0.84487724,0.15512276
22.5,75.5,0.8426609,0.1573391
22.5,75.75,0.8748036,0.1251964
22.5,76.0,0.9234998,0.07650018
22.5,76.25,0.93490034,0.06509966
22.5,76.5,0.95011914,0.049880862
22.5,76.75,0.95077723,0.049222767
22.5,77.0,0.9329296,0.067070425
22.5,77.25,0.88807017,0.111929834
22.5,77.5,0.86531126,0.13468874
22.5,77.75,0.8285191,0.1714809
22.5,78.0,0.83870566,0.16129434
22.5,78.25,0.8718946,0.1281054
22.5,78.5,0.85420054,0.14579946
22.5,78.75,0.8324618,0.16753823
22.5,79.0,0.8246078,0.17539221
22.5,79.25,0.81458026,0.18541974
22.5,79.5,0.81445354,0.18554646
22.5,79.75,0.8183358,0.18166423
22.5,80.0,0.82804954,0.17195046
22.5,80.25,0.8357872,0.16421282
22.5,80.5,0.84758824,0.15241176
22.5,80.75,0.8534729,0.14652711
22.5,81.0,0.8344165,0.16558349
22.5,81.25,0.8034222,0.19657779
22.5,81.5,0.79795825,0.20204175
22.5,81.75,0.79827785,0.20172215
22.5,82.0,0.79795825,0.20204175
22.5,82.25,0.8037521,0.19624788
22.5,82.5,0.8087875,0.19121248
22.5,82.75,0.8099037,0.19009632
22.5,83.0,0.79791313,0.20208687
22.5,83.25,0.79788375,0.20211625
22.5,83.5,0.20812991,0.7918701
22.5,83.75,0.82837236,0.17162764
22.5,84.0,0.8417196,0.15828037
22.5,84.25,0.79788375,0.20211625
22.5,84.5,0.8033477,0.1966523
22.5,84.75,0.79764897,0.20235103
22.5,85.0,0.20917563,0.79082435
22.5,85.25,0.20861861,0.79138136
22.5,85.5,0.81003124,0.18996876
22.5,85.75,0.8343449,0.16565508
22.5,86.0,0.83852327,0.16147673
22.5,86.25,0.8237216,0.17627841
22.5,86.5,0.828196,0.17180401
22.5,86.75,0.9110101,0.08898991
22.5,87.0,0.9256795,0.074320495
22.5,87.25,0.89881647,0.10118353
22.5,87.5,0.9176884,0.08231157
22.5,87.75,0.89424765,0.10575235
22.5,88.0,0.86393225,0.13606775
22.5,88.25,0.83500713,0.16499287
22.5,88.5,0.80045915,0.19954085
22.5,88.75,0.800396,0.19960397
22.5,89.0,0.800396,0.19960397
22.5,89.25,0.80420995,0.19579005
22.5,89.5,0.2087168,0.7912832
22.5,89.75,0.20757522,0.7924248
22.5,90.0,0.20871344,0.7912866
22.5,90.25,0.20847635,0.79152364
22.5,90.5,0.8316587,0.16834128
22.5,90.75,0.903538,0.09646201
22.5,91.0,0.92403454,0.075965464
22.5,91.25,0.92693746,0.07306254
22.5,91.5,0.92970324,0.070296764
22.5,91.75,0.890953,0.109046996
22.5,92.0,0.20783968,0.79216033
22.5,92.25,0.20462416,0.7953758
22.5,92.5,0.79817724,0.20182276
22.5,92.75,0.79850036,0.20149964
22.5,93.0,0.2057069,0.7942931
22.5,93.25,0.79991764,0.20008236
22.5,93.5,0.8038113,0.19618869
22.5,93.75,0.83569264,0.16430736
22.5,94.0,0.8842183,0.115781724
22.5,94.25,0.9035066,0.09649342
22.5,94.5,0.8980381,0.10196191
22.5,94.75,0.8695517,0.13044828
22.5,95.0,0.8820182,0.11798179
22.5,95.25,0.936737,0.063263
22.5,95.5,0.9082088,0.09179121
22.5,95.75,0.835558,0.164442
22.5,96.0,0.835558,0.164442
22.75,68.0,0.8035649,0.1964351
22.75,68.25,0.80917597,0.19082403
22.75,68.5,0.8100355,0.18996447
22.75,68.75,0.8089336,0.19106638
22.75,69.0,0.81493986,0.18506014
22.75,69.25,0.8089336,0.19106638
22.75,69.5,0.7980905,0.20190948
22.75,69.75,0.79804057,0.20195943
22.75,70.0,0.20927948,0.7907205
22.75,70.25,0.20806076,0.79193926
22.75,70.5,0.20975156,0.79024845
22.75,70.75,0.2098855,0.7901145
22.75,71.0,0.21057358,0.78942645
22.75,71.25,0.2101012,0.7898988
22.75,71.5,0.20965765,0.79034233
22.75,71.75,0.20919834,0.79080164
22.75,72.0,0.20878713,0.79121286
22.75,72.25,0.20950678,0.79049325
22.75,72.5,0.20937653,0.7906235
22.75,72.75,0.20907785,0.79092216
22.75,73.0,0.21042684,0.7895732
22.75,73.25,0.20982541,0.7901746
22.75,73.5,0.21014954,0.7898505
22.75,73.75,0.20920202,0.79079795
22.75,74.0,0.20729429,0.7927057
22.75,74.25,0.20769066,0.79230934
22.75,74.5,0.2082342,0.7917658
22.75,74.75,0.79919946,0.20080054
22.75,75.0,0.8397388,0.16026121
22.75,75.25,0.8562703,0.14372969
22.75,75.5,0.8743685,0.12563151
22.75,75.75,0.89926565,0.10073435
22.75,76.0,0.93347335,0.06652665
22.75,76.25,0.95061505,0.04938495
22.75,76.5,0.95077723,0.049222767
22.75,76.75,0.94019556,0.05980444
22.75,77.0,0.9357823,0.06421769
22.75,77.25,0.90751106,0.092488945
22.75,77.5,0.8750451,0.12495488
22.75,77.75,0.85370994,0.14629006
22.75,78.0,0.86419564,0.13580436
22.75,78.25,0.9090289,0.09097111
22.75,78.5,0.90209985,0.09790015
22.75,78.75,0.84533405,0.15466595
22.75,79.0,0.8356426,0.16435742
22.75,79.25,0.8396498,0.1603502
22.75,79.5,0.8318116,0.1681884
22.75,79.75,0.8320881,0.16791189
22.75,80.0,0.81849265,0.18150735
22.75,80.25,0.8420652,0.15793478
22.75,80.5,0.8536097,0.14639032
22.75,80.75,0.86361486,0.13638514
22.75,81.0,0.8500453,0.14995468
22.75,81.25,0.81010574,0.18989426
22.75,81.5,0.20944156,0.79055846
22.75,81.75,0.7975788,0.20242119
22.75,82.0,0.8095868,0.19041318
22.75,82.25,0.8240273,0.1759727
22.75,82.5,0.8318354,0.16816461
22.75,82.75,0.8142534,0.18574661
22.75,83.0,0.80380446,0.19619554
22.75,83.25,0.7990326,0.20096737
22.75,83.5,0.8036776,0.19632238
22.75,83.75,0.8103719,0.18962812
22.75,84.0,0.7980084,0.20199162
22.75,84.25,0.79791313,0.20208687
22.75,84.5,0.79791313,0.20208687
22.75,84.75,0.20761867,0.79238135
22.75,85.0,0.20931858,0.7906814
22.75,85.25,0.20861861,0.79138136
22.75,85.5,0.79820335,0.20179665
22.75,85.75,0.8239528,0.1760472
22.75,86.0,0.8237005,0.17629951
22.75,86.25,0.8314362,0.16856378
22.75,86.5,0.83886814,0.16113186
22.75,86.75,0.90066814,0.099331856
22.75,87.0,0.91100276,0.088997245
22.75,87.25,0.8548784,0.14512157
22.75,87.5,0.9161602,0.083839774
22.75,87.75,0.90066814,0.099331856
22.75,88.0,0.83550894,0.16449106
22.75,88.25,0.20468892,0.7953111
22.75,88.5,0.20628916,0.7937108
22.75,88.75,0.20783968,0.79216033
22.75,89.0,0.2016826,0.79831743
22.75,89.25,0.20804398,0.791956
22.75,89.5,0.20840156,0.79159844
22.75,89.75,0.20840156,0.79159844
22.75,90.0,0.20840156,0.79159844
22.75,90.25,0.2079328,0.79206717
22.75,90.5,0.87382317,0.12617683
22.75,90.75,0.91713446,0.082865536
22.75,91.0,0.9158202,0.08417982
22.75,91.25,0.9166702,0.0833298
22.75,91.5,0.89919114,0.10080886
22.75,91.75,0.8237116,0.17628843
22.75,92.0,0.79898643,0.20101357
22.75,92.25,0.8038644,0.19613558
22.75,92.5,0.8106727,0.1893273
22.75,92.75,0.81929827,0.18070173
22.75,93.0,0.7986936,0.2013064
22.75,93.25,0.8046629,0.19533712
22.75,93.5,0.8046629,0.19533712
22.75,93.75,0.8695517,0.13044828
22.75,94.0,0.91641474,0.08358526
22.75,94.25,0.9158807,0.08411932
22.75,94.5,0.9241532,0.07584679
22.75,94.75,0.92343265,0.07656735
22.75,95.0,0.9295337,0.07046628
22.75,95.25,0.9263549,0.073645115
22.75,95.5,0.85461855,0.14538145
22.75,95.75,0.82887703,0.17112297
22.75,96.0,0.8182507,0.18174928
23.0,68.0,0.80337983,0.19662017
23.0,68.25,0.80370086,0.19629914
23.0,68.5,0.8033889,0.1966111
23.0,68.75,0.8030989,0.19690108
23.0,69.0,0.7966643,0.2033357
23.0,69.25,0.20890401,0.791096
23.0,69.5,0.20979194,0.79020804
23.0,69.75,0.21009159,0.7899084
23.0,70.0,0.21280524,0.7871947
23.0,70.25,0.21280524,0.7871947
23.0,70.5,0.21039027,0.78960973
23.0,70.75,0.20999135,0.79000866
23.0,71.0,0.20929681,0.7907032
23.0,71.25,0.20841697,0.79158306
23.0,71.5,0.20817283,0.7918272
23.0,71.75,0.20859335,0.79140663
23.0,72.0,0.20898268,0.7910173
23.0,72.25,0.20930737,0.7906926
23.0,72.5,0.20930737,0.7906926
23.0,72.75,0.20907785,0.79092216
23.0,73.0,0.20958017,0.7904198
23.0,73.25,0.20996901,0.79003096
23.0,73.5,0.2140769,0.7859231
23.0,73.75,0.20920202,0.79079795
23.0,74.0,0.7975788,0.20242119
23.0,74.25,0.7980223,0.20197773
23.0,74.5,0.80467784,0.19532216
23.0,74.75,0.8146514,0.18534857
23.0,75.0,0.8428996,0.15710038
23.0,75.25,0.90090483,0.099095166
23.0,75.5,0.9305784,0.06942159
23.0,75.75,0.9479216,0.052078426
23.0,76.0,0.9504964,0.049503624
23.0,76.25,0.95077723,0.049222767
23.0,76.5,0.91733843,0.08266157
23.0,76.75,0.8765661,0.12343389
23.0,77.0,0.90209985,0.09790015
23.0,77.25,0.88601387,0.113986135
23.0,77.5,0.84047365,0.15952635
23.0,77.75,0.88527936,0.11472064
23.0,78.0,0.9154625,0.084537506
23.0,78.25,0.9373808,0.06261921
23.0,78.5,0.91606355,0.08393645
23.0,78.75,0.8634243,0.1365757
23.0,79.0,0.8587475,0.14125252
23.0,79.25,0.8667771,0.13322288
23.0,79.5,0.8355776,0.1644224
23.0,79.75,0.8099026,0.19009739
23.0,80.0,0.8036769,0.1963231
23.0,80.25,0.828942,0.171058
23.0,80.5,0.83474773,0.16525227
23.0,80.75,0.8316143,0.16838568
23.0,81.0,0.8344194,0.16558057
23.0,81.25,0.8145562,0.18544382
23.0,81.5,0.7974498,0.20255017
23.0,81.75,0.80986875,0.19013125
23.0,82.0,0.83151275,0.16848725
23.0,82.25,0.83151275,0.16848725
23.0,82.5,0.8498235,0.15017653
23.0,82.75,0.8473191,0.15268087
23.0,83.0,0.82452893,0.17547107
23.0,83.25,0.81024516,0.18975484
23.0,83.5,0.8106915,0.18930852
23.0,83.75,0.79815525,0.20184475
23.0,84.0,0.20594648,0.79405355
23.0,84.25,0.20891789,0.79108214
23.0,84.5,0.20759985,0.7924001
23.0,84.75,0.20865642,0.79134357
23.0,85.0,0.20931858,0.7906814
23.0,85.25,0.20729087,0.7927091
23.0,85.5,0.2069525,0.7930475
23.0,85.75,0.82343346,0.17656654
23.0,86.0,0.8508268,0.1491732
23.0,86.25,0.8184865,0.18151349
23.0,86.5,0.8104161,0.1895839
23.0,86.75,0.83157355,0.16842645
23.0,87.0,0.86275613,0.13724387
23.0,87.25,0.8592193,0.14078069
23.0,87.5,0.8744357,0.12556428
23.0,87.75,0.89508045,0.10491955
23.0,88.0,0.8453038,0.15469623
23.0,88.25,0.80459857,0.19540143
23.0,88.5,0.80459857,0.19540143
23.0,88.75,0.80100185,0.19899815
23.0,89.0,0.80432415,0.19567585
23.0,89.25,0.80056614,0.19943386
23.0,89.5,0.20840156,0.79159844
23.0,89.75,0.20857358,0.7914264
23.0,90.0,0.2079328,0.79206717
23.0,90.25,0.20810482,0.79189515
23.0,90.5,0.8663456,0.13365442
23.0,90.75,0.8939995,0.10600048
23.0,91.0,0.8659396,0.13406038
23.0,91.25,0.84552664,0.15447336
23.0,91.5,0.80927134,0.19072866
23.0,91.75,0.20752445,0.7924756
23.0,92.0,0.20700468,0.79299533
23.0,92.25,0.79991764,0.20008236
23.0,92.5,0.8110781,0.18892193
23.0,92.75,0.8097148,0.1902852
23.0,93.0,0.8036501,0.19634992
23.0,93.25,0.8148482,0.18515182
23.0,93.5,0.82520336,0.17479664
23.0,93.75,0.89335185,0.10664815
23.0,94.0,0.9378977,0.062102318
23.0,94.25,0.93409777,0.06590223
23.0,94.5,0.91990995,0.080090046
23.0,94.75,0.92343265,0.07656735
23.0,95.0,0.9057971,0.094202876
23.0,95.25,0.8650607,0.13493931
23.0,95.5,0.8108846,0.1891154
23.0,95.75,0.8182507,0.18174928
23.0,96.0,0.81117964,0.18882036
23.25,68.0,0.80370086,0.19629914
23.25,68.25,0.80365795,0.19634205
23.25,68.5,0.8035649,0.1964351
23.25,68.75,0.20514768,0.7948523
23.25,69.0,0.21002695,0.789973
23.25,69.25,0.20897372,0.7910263
23.25,69.5,0.21009159,0.7899084
23.25,69.75,0.21039027,0.78960973
23.25,70.0,0.21039027,0.78960973
23.25,70.25,0.21178529,0.7882147
23.25,70.5,0.21280524,0.7871947
23.25,70.75,0.21549617,0.7845038
23.25,71.0,0.21078306,0.78921694
23.25,71.25,0.21078306,0.78921694
23.25,71.5,0.21085642,0.78914356
23.25,71.75,0.21007961,0.7899204
23.25,72.0,0.21091782,0.78908217
23.25,72.25,0.21055822,0.78944176
23.25,72.5,0.21160126,0.78839874
23.25,72.75,0.21227725,0.78772277
23.25,73.0,0.21298362,0.7870164
23.25,73.25,0.21225081,0.7877492
23.25,73.5,0.21020958,0.7897904
23.25,73.75,0.8040688,0.1959312
23.25,74.0,0.81643516,0.18356484
23.25,74.25,0.86752355,0.13247645
23.25,74.5,0.893315,0.10668498
23.25,74.75,0.87816274,0.12183726
23.25,75.0,0.91107726,0.08892274
23.25,75.25,0.94808376,0.05191624
23.25,75.5,0.95061505,0.04938495
23.25,75.75,0.9504964,0.049503624
23.25,76.0,0.9341723,0.06582773
23.25,76.25,0.8587475,0.14125252
23.25,76.5,0.8424278,0.15757221
23.25,76.75,0.8526229,0.14737707
23.25,77.0,0.8718946,0.1281054
23.25,77.25,0.858304,0.14169598
23.25,77.5,0.8111159,0.18888408
23.25,77.75,0.8249558,0.17504418
23.25,78.0,0.87317,0.12682998
23.25,78.25,0.9168829,0.08311713
23.25,78.5,0.9212082,0.0787918
23.25,78.75,0.9025341,0.09746587
23.25,79.0,0.87786937,0.12213063
23.25,79.25,0.8550545,0.1449455
23.25,79.5,0.83815134,0.16184866
23.25,79.75,0.8102222,0.18977779
23.25,80.0,0.80413365,0.19586635
23.25,80.25,0.80399376,0.19600624
23.25,80.5,0.80801696,0.19198304
23.25,80.75,0.81442946,0.18557054
23.25,81.0,0.8080849,0.1919151
23.25,81.25,0.79724973,0.20275027
23.25,81.5,0.20997936,0.79002064
23.25,81.75,0.80379975,0.19620025
23.25,82.0,0.8237104,0.17628962
23.25,82.25,0.81800884,0.18199116
23.25,82.5,0.8177232,0.18227679
23.25,82.75,0.83440214,0.16559786
23.25,83.0,0.83440214,0.16559786
23.25,83.25,0.82784694,0.17215306
23.25,83.5,0.8039106,0.19608939
23.25,83.75,0.79990566,0.20009434
23.25,84.0,0.7982902,0.2017098
23.25,84.25,0.20611675,0.79388326
23.25,84.5,0.7982902,0.2017098
23.25,84.75,0.80380446,0.19619554
23.25,85.0,0.20743254,0.7925675
23.25,85.25,0.20809454,0.79190546
23.25,85.5,0.2066547,0.79334533
23.25,85.75,0.8106915,0.18930852
23.25,86.0,0.83488464,0.16511536
23.25,86.25,0.8098946,0.19010538
23.25,86.5,0.8098946,0.19010538
23.25,86.75,0.80375475,0.19624525
23.25,87.0,0.825334,0.17466599
23.25,87.25,0.84749734,0.15250266
23.25,87.5,0.8453015,0.15469849
23.25,87.75,0.87133807,0.12866193
23.25,88.0,0.8560413,0.14395869
23.25,88.25,0.80459857,0.19540143
23.25,88.5,0.8100434,0.1899566
23.25,88.75,0.8120104,0.1879896
23.25,89.0,0.8250014,0.17499858
23.25,89.25,0.8114046,0.18859541
23.25,89.5,0.81088114,0.18911886
23.25,89.75,0.8106395,0.1893605
23.25,90.0,0.20757522,0.7924248
23.25,90.25,0.20878366,0.7912164
23.25,90.5,0.86713785,0.13286215
23.25,90.75,0.8991052,0.10089481
23.25,91.0,0.8701593,0.12984067
23.25,91.25,0.8147935,0.18520647
23.25,91.5,0.20895559,0.7910444
23.25,91.75,0.20830509,0.7916949
23.25,92.0,0.20561537,0.7943846
23.25,92.25,0.20462416,0.7953758
23.25,92.5,0.80365837,0.19634163
23.25,92.75,0.80008775,0.19991225
23.25,93.0,0.80373156,0.19626844
23.25,93.25,0.8110781,0.18892193
23.25,93.5,0.8182507,0.18174928
23.25,93.75,0.89639264,0.10360736
23.25,94.0,0.93425995,0.06574005
23.25,94.25,0.92970324,0.070296764
23.25,94.5,0.8989278,0.10107219
23.25,94.75,0.8842183,0.115781724
23.25,95.0,0.890953,0.109046996
23.25,95.25,0.8182507,0.18174928
23.25,95.5,0.79955953,0.20044047
23.25,95.75,0.79955953,0.20044047
23.25,96.0,0.20718125,0.7928188
23.5,68.0,0.8033889,0.1966111
23.5,68.25,0.80337983,0.19662017
23.5,68.5,0.79690665,0.20309335
23.5,68.75,0.20514768,0.7948523
23.5,69.0,0.21022636,0.78977364
23.5,69.25,0.2096839,0.7903161
23.5,69.5,0.21039027,0.78960973
23.5,69.75,0.21039027,0.78960973
23.5,70.0,0.21039027,0.78960973
23.5,70.25,0.21039027,0.78960973
23.5,70.5,0.21039027,0.78960973
23.5,70.75,0.21168765,0.7883123
23.5,71.0,0.21993007,0.78006995
23.5,71.25,0.2178472,0.7821528
23.5,71.5,0.21314506,0.7868549
23.5,71.75,0.21436988,0.7856301
23.5,72.0,0.21968593,0.7803141
23.5,72.25,0.21317479,0.7868252
23.5,72.5,0.21129747,0.78870255
23.5,72.75,0.21317479,0.7868252
23.5,73.0,0.21567455,0.7843255
23.5,73.25,0.49838528,0.5016147
23.5,73.5,0.49838528,0.5016147
23.5,73.75,0.814279,0.18572098
23.5,74.0,0.85333645,0.14666355
23.5,74.25,0.91894495,0.081055045
23.5,74.5,0.9320583,0.067941725
23.5,74.75,0.91998446,0.08001554
23.5,75.0,0.93578964,0.064210355
23.5,75.25,0.938821,0.061178982
23.5,75.5,0.93870234,0.061297655
23.5,75.75,0.90867734,0.09132266
23.5,76.0,0.8457775,0.15422249
23.5,76.25,0.8493423,0.15065771
23.5,76.5,0.87317,0.12682998
23.5,76.75,0.90751106,0.092488945
23.5,77.0,0.894103,0.10589701
23.5,77.25,0.8366121,0.1633879
23.5,77.5,0.80747336,0.19252664
23.5,77.75,0.810137,0.18986303
23.5,78.0,0.8249558,0.17504418
23.5,78.25,0.8496484,0.15035158
23.5,78.5,0.84702367,0.15297633
23.5,78.75,0.83958364,0.16041636
23.5,79.0,0.819353,0.18064702
23.5,79.25,0.81107545,0.18892455
23.5,79.5,0.80991405,0.19008595
23.5,79.75,0.7982637,0.20173627
23.5,80.0,0.79918194,0.20081806
23.5,80.25,0.7980906,0.20190942
23.5,80.5,0.7973513,0.2026487
23.5,80.75,0.7978082,0.20219183
23.5,81.0,0.794986,0.20501399
23.5,81.25,0.2097053,0.7902947
23.5,81.5,0.2096597,0.7903403
23.5,81.75,0.798188,0.20181203
23.5,82.0,0.7974257,0.20257431
23.5,82.25,0.7974257,0.20257431
23.5,82.5,0.20912102,0.790879
23.5,82.75,0.81496406,0.18503594
23.5,83.0,0.8177984,0.18220162
23.5,83.25,0.7970656,0.20293438
23.5,83.5,0.79815525,0.20184475
23.5,83.75,0.799277,0.20072299
23.5,84.0,0.81427586,0.18572414
23.5,84.25,0.8140463,0.18595368
23.5,84.5,0.8110217,0.18897831
23.5,84.75,0.8240496,0.17595041
23.5,85.0,0.8037472,0.19625282
23.5,85.25,0.7990326,0.20096737
23.5,85.5,0.8039106,0.19608939
23.5,85.75,0.81080705,0.18919295
23.5,86.0,0.8002167,0.19978333
23.5,86.25,0.8038299,0.19617009
23.5,86.5,0.8040403,0.19595969
23.5,86.75,0.8035189,0.19648111
23.5,87.0,0.8189897,0.1810103
23.5,87.25,0.82504845,0.17495155
23.5,87.5,0.8175655,0.1824345
23.5,87.75,0.8422788,0.15772122
23.5,88.0,0.8231581,0.17684191
23.5,88.25,0.8178843,0.18211567
23.5,88.5,0.8449827,0.15501732
23.5,88.75,0.85847485,0.14152515
23.5,89.0,0.8697308,0.13026923
23.5,89.25,0.885339,0.11466098
23.5,89.5,0.8882581,0.1117419
23.5,89.75,0.87808824,0.121911764
23.5,90.0,0.81928825,0.18071175
23.5,90.25,0.20894511,0.7910549
23.5,90.5,0.8802761,0.119723916
23.5,90.75,0.8941363,0.10586369
23.5,91.0,0.87308764,0.12691236
23.5,91.25,0.84779614,0.15220386
23.5,91.5,0.79850036,0.20149964
23.5,91.75,0.2072277,0.7927723
23.5,92.0,0.79991764,0.20008236
23.5,92.25,0.79881227,0.20118773
23.5,92.5,0.80369514,0.19630486
23.5,92.75,0.8096016,0.1903984
23.5,93.0,0.8149521,0.18504792
23.5,93.25,0.81440705,0.18559295
23.5,93.5,0.8224191,0.1775809
23.5,93.75,0.8774782,0.12252182
23.5,94.0,0.92359483,0.07640517
23.5,94.25,0.9082088,0.09179121
23.5,94.5,0.9133608,0.086639225
23.5,94.75,0.87408847,0.12591153
23.5,95.0,0.87651527,0.12348473
23.5,95.25,0.8043048,0.19569522
23.5,95.5,0.20462416,0.7953758
23.5,95.75,0.20753078,0.7924692
23.5,96.0,0.20562975,0.79437023
23.75,68.0,0.80337983,0.19662017
23.75,68.25,0.80365795,0.19634205
23.75,68.5,0.79694086,0.20305914
23.75,68.75,0.20643127,0.79356873
23.75,69.0,0.20672995,0.79327005
23.75,69.25,0.20793529,0.7920647
23.75,69.5,0.20805497,0.79194504
23.75,69.75,0.20846267,0.79153734
23.75,70.0,0.20876135,0.79123867
23.75,70.25,0.20876135,0.79123867
23.75,70.5,0.20876135,0.79123867
23.75,70.75,0.20921023,0.7907898
23.75,71.0,0.2126222,0.78737783
23.75,71.25,0.21029417,0.7897058
23.75,71.5,0.21020739,0.7897926
23.75,71.75,0.21330953,0.7866905
23.75,72.0,0.21313028,0.7868697
23.75,72.25,0.21043935,0.7895607
23.75,72.5,0.21043935,0.7895607
23.75,72.75,0.218057,0.78194296
23.75,73.0,0.4991181,0.5008819
23.75,73.25,0.4991181,0.5008819
23.75,73.5,0.7949312,0.20506883
23.75,73.75,0.86028284,0.13971716
23.75,74.0,0.85676885,0.14323115
23.75,74.25,0.91894495,0.081055045
23.75,74.5,0.93870234,0.061297655
23.75,74.75,0.9304416,0.06955838
23.75,75.0,0.92563534,0.07436466
23.75,75.25,0.9161234,0.08387661
23.75,75.5,0.9088395,0.091160476
23.75,75.75,0.8645765,0.13542348
23.75,76.0,0.8424278,0.15757221
23.75,76.25,0.89872277,0.10127723
23.75,76.5,0.90706104,0.09293896
23.75,76.75,0.8814312,0.11856878
23.75,77.0,0.8376995,0.16230053
23.75,77.25,0.813393,0.186607
23.75,77.5,0.80747336,0.19252664
23.75,77.75,0.8224776,0.17752242
23.75,78.0,0.84871906,0.15128094
23.75,78.25,0.858548,0.14145201
23.75,78.5,0.84994346,0.15005654
23.75,78.75,0.84912604,0.15087396
23.75,79.0,0.82023096,0.17976904
23.75,79.25,0.20828591,0.7917141
23.75,79.5,0.20977071,0.7902293
23.75,79.75,0.21031007,0.7896899
23.75,80.0,0.21001227,0.78998774
23.75,80.25,0.79918194,0.20081806
23.75,80.5,0.21389477,0.7861052
23.75,80.75,0.21316503,0.78683496
23.75,81.0,0.209745,0.790255
23.75,81.25,0.21743488,0.7825651
23.75,81.5,0.20872742,0.7912726
23.75,81.75,0.20895694,0.79104304
23.75,82.0,0.79795825,0.20204175
23.75,82.25,0.79764193,0.20235807
23.75,82.5,0.8103007,0.18969929
23.75,82.75,0.8239528,0.1760472
23.75,83.0,0.81003124,0.18996876
23.75,83.25,0.2062726,0.7937274
23.75,83.5,0.20593423,0.7940658
23.75,83.75,0.8237968,0.17620319
23.75,84.0,0.86660105,0.13339895
23.75,84.25,0.86612725,0.13387275
23.75,84.5,0.8450029,0.15499711
23.75,84.75,0.8190921,0.1809079
23.75,85.0,0.8237968,0.17620319
23.75,85.25,0.8446862,0.15531379
23.75,85.5,0.85429513,0.14570487
23.75,85.75,0.83516,0.16483998
23.75,86.0,0.8041155,0.19588453
23.75,86.25,0.798408,0.20159203
23.75,86.5,0.20561087,0.7943891
23.75,86.75,0.8038001,0.1961999
23.75,87.0,0.8251718,0.17482817
23.75,87.25,0.83155906,0.16844094
23.75,87.5,0.81903297,0.18096703
23.75,87.75,0.80928427,0.19071573
23.75,88.0,0.80945116,0.19054884
23.75,88.25,0.85464907,0.14535093
23.75,88.5,0.9037861,0.09621388
23.75,88.75,0.8993533,0.100646675
23.75,89.0,0.8837269,0.116273105
23.75,89.25,0.9108406,0.08915943
23.75,89.5,0.89919114,0.10080886
23.75,89.75,0.9050376,0.09496242
23.75,90.0,0.8622499,0.13775009
23.75,90.25,0.80438507,0.19561493
23.75,90.5,0.8868557,0.11314428
23.75,90.75,0.8858603,0.114139676
23.75,91.0,0.8447804,0.15521961
23.75,91.25,0.8047458,0.1952542
23.75,91.5,0.20760475,0.79239523
23.75,91.75,0.2067592,0.7932408
23.75,92.0,0.7991797,0.20082033
23.75,92.25,0.20607503,0.793925
23.75,92.5,0.8038605,0.19613951
23.75,92.75,0.86774015,0.13225985
23.75,93.0,0.86681175,0.13318825
23.75,93.25,0.84248483,0.15751517
23.75,93.5,0.8452459,0.1547541
23.75,93.75,0.86712843,0.13287157
23.75,94.0,0.9133608,0.086639225
23.75,94.25,0.87408847,0.12591153
23.75,94.5,0.9161602,0.083839774
23.75,94.75,0.8930723,0.10692769
23.75,95.0,0.8507754,0.14922458
23.75,95.25,0.20288607,0.7971139
23.75,95.5,0.20335484,0.79664516
23.75,95.75,0.20479515,0.7952049
23.75,96.0,0.20482919,0.7951708
24.0,68.0,0.7972075,0.20279253
24.0,68.25,0.79614514,0.20385486
24.0,68.5,0.7963949,0.20360512
24.0,68.75,0.21370333,0.78629667
24.0,69.0,0.2189833,0.7810167
24.0,69.25,0.21018988,0.7898101
24.0,69.5,0.21032126,0.78967875
24.0,69.75,0.21018988,0.7898101
24.0,70.0,0.20859744,0.7914026
24.0,70.25,0.209166,0.790834
24.0,70.5,0.20859744,0.7914026
24.0,70.75,0.209166,0.790834
24.0,71.0,0.21000768,0.78999233
24.0,71.25,0.21048215,0.7895179
24.0,71.5,0.20919497,0.79080504
24.0,71.75,0.21074985,0.78925014
24.0,72.0,0.21260346,0.78739655
24.0,72.25,0.21260346,0.78739655
24.0,72.5,0.2130165,0.7869835
24.0,72.75,0.4991181,0.5008819
24.0,73.0,0.4991181,0.5008819
24.0,73.25,0.79516315,0.20483685
24.0,73.5,0.83465374,0.16534626
24.0,73.75,0.9034567,0.09654331
24.0,74.0,0.89224565,0.10775435
24.0,74.25,0.9161234,0.08387661
24.0,74.5,0.9386842,0.061315775
24.0,74.75,0.925754,0.07424599
24.0,75.0,0.9037493,0.09625071
24.0,75.25,0.8737803,0.12621969
24.0,75.5,0.86695147,0.13304853
24.0,75.75,0.8586236,0.14137638
24.0,76.0,0.88177603,0.118223965
24.0,76.25,0.90887225,0.09112775
24.0,76.5,0.90800375,0.09199625
24.0,76.75,0.8903164,0.10968357
24.0,77.0,0.8838759,0.11612409
24.0,77.25,0.8867651,0.11323488
24.0,77.5,0.88919556,0.11080444
24.0,77.75,0.8903164,0.10968357
24.0,78.0,0.89346635,0.10653365
24.0,78.25,0.86627614,0.13372386
24.0,78.5,0.82612884,0.17387116
24.0,78.75,0.81998867,0.18001133
24.0,79.0,0.8239529,0.17604709
24.0,79.25,0.8153588,0.18464118
24.0,79.5,0.79978776,0.20021224
24.0,79.75,0.21260181,0.7873982
24.0,80.0,0.21107599,0.788924
24.0,80.25,0.79918194,0.20081806
24.0,80.5,0.79775554,0.20224446
24.0,80.75,0.21395743,0.7860426
24.0,81.0,0.21211368,0.7878863
24.0,81.25,0.20920862,0.7907914
24.0,81.5,0.20935243,0.79064757
24.0,81.75,0.2095112,0.7904888
24.0,82.0,0.20963874,0.7903613
24.0,82.25,0.7978359,0.20216411
24.0,82.5,0.8035119,0.19648808
24.0,82.75,0.8144042,0.18559581
24.0,83.0,0.814308,0.18569201
24.0,83.25,0.8037472,0.19625282
24.0,83.5,0.81438315,0.18561685
24.0,83.75,0.8238253,0.1761747
24.0,84.0,0.8842941,0.11570591
24.0,84.25,0.9050884,0.094911575
24.0,84.5,0.8958013,0.104198694
24.0,84.75,0.8037472,0.19625282
24.0,85.0,0.818851,0.181149
24.0,85.25,0.8237968,0.17620319
24.0,85.5,0.81024516,0.18975484
24.0,85.75,0.8035894,0.1964106
24.0,86.0,0.20794787,0.79205215
24.0,86.25,0.20681605,0.7931839
24.0,86.5,0.20617835,0.79382163
24.0,86.75,0.80375475,0.19624525
24.0,87.0,0.8242579,0.17574209
24.0,87.25,0.8188167,0.18118328
24.0,87.5,0.80945116,0.19054884
24.0,87.75,0.8107463,0.18925369
24.0,88.0,0.8416261,0.15837389
24.0,88.25,0.8891646,0.11083537
24.0,88.5,0.9126211,0.08737892
24.0,88.75,0.9158202,0.08417982
24.0,89.0,0.890953,0.109046996
24.0,89.25,0.89318967,0.10681033
24.0,89.5,0.90362394,0.09637606
24.0,89.75,0.91769576,0.08230424
24.0,90.0,0.89229554,0.10770446
24.0,90.25,0.89318967,0.10681033
24.0,90.5,0.87808824,0.121911764
24.0,90.75,0.8455174,0.1544826
24.0,91.0,0.815374,0.18462598
24.0,91.25,0.20723729,0.7927627
24.0,91.5,0.20723729,0.7927627
24.0,91.75,0.7983023,0.2016977
24.0,92.0,0.80967677,0.19032323
24.0,92.25,0.8101771,0.18982291
24.0,92.5,0.8315246,0.16847539
24.0,92.75,0.8550068,0.14499319
24.0,93.0,0.84776264,0.15223736
24.0,93.25,0.8317129,0.1682871
24.0,93.5,0.8320317,0.16796827
24.0,93.75,0.83878857,0.16121143
24.0,94.0,0.8928963,0.107103705
24.0,94.25,0.82876664,0.17123336
24.0,94.5,0.88449913,0.11550087
24.0,94.75,0.9126211,0.08737892
24.0,95.0,0.8695517,0.13044828
24.0,95.25,0.2039971,0.79600286
24.0,95.5,0.20690373,0.7930963
24.0,95.75,0.20501463,0.79498535
24.0,96.0,0.20547146,0.79452854
24.25,68.0,0.20698847,0.79301155
24.25,68.25,0.20974869,0.7902513
24.25,68.5,0.21370333,0.78629667
24.25,68.75,0.2093329,0.7906671
24.25,69.0,0.22193418,0.7780658
24.25,69.25,0.22193418,0.7780658
24.25,69.5,0.21841471,0.7815853
24.25,69.75,0.21228735,0.78771263
24.25,70.0,0.2112674,0.7887326
24.25,70.25,0.21032126,0.78967875
24.25,70.5,0.21032126,0.78967875
24.25,70.75,0.20961489,0.7903851
24.25,71.0,0.21048215,0.7895179
24.25,71.25,0.2114052,0.7885948
24.25,71.5,0.21278271,0.78721726
24.25,71.75,0.21074985,0.78925014
24.25,72.0,0.21113917,0.7888608
24.25,72.25,0.2130165,0.7869835
24.25,72.5,0.22167812,0.77832186
24.25,72.75,0.4991181,0.5008819
24.25,73.0,0.4991181,0.5008819
24.25,73.25,0.8249257,0.17507428
24.25,73.5,0.8743684,0.12563157
24.25,73.75,0.91008407,0.08991593
24.25,74.0,0.9244415,0.07555848
24.25,74.25,0.9383088,0.061691225
24.25,74.5,0.92337036,0.07662964
24.25,74.75,0.8780454,0.12195462
24.25,75.0,0.86693764,0.13306236
24.25,75.25,0.8479794,0.15202057
24.25,75.5,0.89105374,0.108946264
24.25,75.75,0.8887836,0.111216426
24.25,76.0,0.8833748,0.11662519
24.25,76.25,0.85915214,0.14084786
24.25,76.5,0.8769766,0.12302339
24.25,76.75,0.9259317,0.07406831
24.25,77.0,0.9393057,0.060694277
24.25,77.25,0.9449607,0.055039287
24.25,77.5,0.94791424,0.052085757
24.25,77.75,0.9260359,0.07396412
24.25,78.0,0.92700464,0.072995365
24.25,78.25,0.90856,0.09144002
24.25,78.5,0.9025341,0.09746587
24.25,78.75,0.9106217,0.0893783
24.25,79.0,0.8822687,0.11773127
24.25,79.25,0.84329385,0.15670615
24.25,79.5,0.8195577,0.18044227
24.25,79.75,0.2127358,0.7872642
24.25,80.0,0.21057436,0.7894256
24.25,80.25,0.79949427,0.20050573
24.25,80.5,0.7995454,0.2004546
24.25,80.75,0.21375802,0.786242
24.25,81.0,0.21040715,0.78959286
24.25,81.25,0.20920862,0.7907914
24.25,81.5,0.20962165,0.79037833
24.25,81.75,0.21006797,0.789932
24.25,82.0,0.20963874,0.7903613
24.25,82.25,0.20885403,0.791146
24.25,82.5,0.20731327,0.7926867
24.25,82.75,0.20578402,0.794216
24.25,83.0,0.8037472,0.19625282
24.25,83.25,0.8353725,0.16462749
24.25,83.5,0.8581961,0.14180392
24.25,83.75,0.8547415,0.14525849
24.25,84.0,0.8742553,0.1257447
24.25,84.25,0.88420016,0.115799844
24.25,84.5,0.86080104,0.13919896
24.25,84.75,0.8102595,0.18974048
24.25,85.0,0.8525257,0.14747429
24.25,85.25,0.871376,0.12862402
24.25,85.5,0.81424844,0.18575156
24.25,85.75,0.7985185,0.20148152
24.25,86.0,0.2067219,0.7932781
24.25,86.25,0.20807825,0.79192173
24.25,86.5,0.2067219,0.7932781
24.25,86.75,0.8007148,0.19928521
24.25,87.0,0.8107463,0.18925369
24.25,87.25,0.80459857,0.19540143
24.25,87.5,0.80392426,0.19607574
24.25,87.75,0.8313814,0.16861862
24.25,88.0,0.85447085,0.14552915
24.25,88.25,0.8844649,0.11553508
24.25,88.5,0.890953,0.109046996
24.25,88.75,0.9008303,0.09916967
24.25,89.0,0.8925751,0.107424915
24.25,89.25,0.89919114,0.10080886
24.25,89.5,0.92871463,0.07128537
24.25,89.75,0.92970324,0.070296764
24.25,90.0,0.90792924,0.09207076
24.25,90.25,0.8766092,0.123390794
24.25,90.5,0.82805157,0.17194843
24.25,90.75,0.8288837,0.17111629
24.25,91.0,0.85473615,0.14526385
24.25,91.25,0.8186607,0.18133932
24.25,91.5,0.80393565,0.19606435
24.25,91.75,0.797607,0.202393
24.25,92.0,0.8242926,0.1757074
24.25,92.25,0.8236359,0.17636412
24.25,92.5,0.8277221,0.17227793
24.25,92.75,0.8502361,0.14976388
24.25,93.0,0.91576934,0.08423066
24.25,93.25,0.9176884,0.08231157
24.25,93.5,0.90348715,0.096512854
24.25,93.75,0.8568902,0.1431098
24.25,94.0,0.89318967,0.10681033
24.25,94.25,0.835558,0.164442
24.25,94.5,0.84189826,0.15810174
24.25,94.75,0.8911152,0.10888481
24.25,95.0,0.88673836,0.11326164
24.25,95.25,0.79972965,0.20027035
24.25,95.5,0.79955953,0.20044047
24.25,95.75,0.8148482,0.18515182
24.25,96.0,0.80341065,0.19658935
24.5,68.0,0.2101599,0.7898401
24.5,68.25,0.20974869,0.7902513
24.5,68.5,0.22003283,0.7799672
24.5,68.75,0.21101241,0.7889876
24.5,69.0,0.21841471,0.7815853
24.5,69.25,0.21180198,0.788198
24.5,69.5,0.21370333,0.78629667
24.5,69.75,0.21370333,0.78629667
24.5,70.0,0.2106012,0.7893988
24.5,70.25,0.21263406,0.7873659
24.5,70.5,0.20961489,0.7903851
24.5,70.75,0.21065792,0.78934205
24.5,71.0,0.21197377,0.7880262
24.5,71.25,0.2114052,0.7885948
24.5,71.5,0.21116106,0.7888389
24.5,71.75,0.21074985,0.78925014
24.5,72.0,0.21113917,0.7888608
24.5,72.25,0.22167812,0.77832186
24.5,72.5,0.4991181,0.5008819
24.5,72.75,0.4991181,0.5008819
24.5,73.0,0.4991181,0.5008819
24.5,73.25,0.8660667,0.1339333
24.5,73.5,0.91057235,0.08942765
24.5,73.75,0.9229949,0.07700509
24.5,74.0,0.9311654,0.0688346
24.5,74.25,0.90803725,0.091962755
24.5,74.5,0.83447665,0.16552335
24.5,74.75,0.8002511,0.19974887
24.5,75.0,0.79919946,0.20080054
24.5,75.25,0.86224705,0.13775295
24.5,75.5,0.8887836,0.111216426
24.5,75.75,0.8868421,0.11315793
24.5,76.0,0.88165843,0.118341565
24.5,76.25,0.87006867,0.12993133
24.5,76.5,0.87006867,0.12993133
24.5,76.75,0.9265491,0.07345092
24.5,77.0,0.93974,0.060259998
24.5,77.25,0.9368881,0.0631119
24.5,77.5,0.9461852,0.05381483
24.5,77.75,0.92979884,0.07020116
24.5,78.0,0.9173074,0.08269262
24.5,78.25,0.9239463,0.07605368
24.5,78.5,0.9260359,0.07396412
24.5,78.75,0.9174584,0.082541585
24.5,79.0,0.8733779,0.12662208
24.5,79.25,0.82461244,0.17538756
24.5,79.5,0.8107804,0.1892196
24.5,79.75,0.8049775,0.19502252
24.5,80.0,0.79949427,0.20050573
24.5,80.25,0.7983748,0.20162523
24.5,80.5,0.20989186,0.79010814
24.5,80.75,0.2101734,0.78982663
24.5,81.0,0.21141577,0.78858423
24.5,81.25,0.21034846,0.7896515
24.5,81.5,0.20963874,0.7903613
24.5,81.75,0.7984017,0.20159829
24.5,82.0,0.7975788,0.20242119
24.5,82.25,0.20846678,0.79153323
24.5,82.5,0.2068476,0.7931524
24.5,82.75,0.20631799,0.793682
24.5,83.0,0.8039106,0.19608939
24.5,83.25,0.82855785,0.17144215
24.5,83.5,0.8453331,0.1546669
24.5,83.75,0.85690445,0.14309555
24.5,84.0,0.8561187,0.14388132
24.5,84.25,0.83569854,0.16430146
24.5,84.5,0.8353607,0.1646393
24.5,84.75,0.824033,0.17596698
24.5,85.0,0.84501386,0.15498614
24.5,85.25,0.88420683,0.11579317
24.5,85.5,0.8344788,0.1655212
24.5,85.75,0.79834175,0.20165825
24.5,86.0,0.20681605,0.7931839
24.5,86.25,0.2067219,0.7932781
24.5,86.5,0.20681281,0.7931872
24.5,86.75,0.20663552,0.79336447
24.5,87.0,0.80399334,0.19600666
24.5,87.25,0.8104161,0.1895839
24.5,87.5,0.8286387,0.17136133
24.5,87.75,0.85065365,0.14934635
24.5,88.0,0.85088086,0.14911914
24.5,88.25,0.8559237,0.14407629
24.5,88.5,0.83850324,0.16149676
24.5,88.75,0.85088086,0.14911914
24.5,89.0,0.84749734,0.15250266
24.5,89.25,0.87779486,0.12220514
24.5,89.5,0.8911152,0.10888481
24.5,89.75,0.9005508,0.09944922
24.5,90.0,0.83156955,0.16843045
24.5,90.25,0.825347,0.174653
24.5,90.5,0.8289103,0.17108971
24.5,90.75,0.8837269,0.116273105
24.5,91.0,0.908765,0.09123498
24.5,91.25,0.88454956,0.11545044
24.5,91.5,0.8570338,0.14296621
24.5,91.75,0.8509299,0.14907008
24.5,92.0,0.8631823,0.1368177
24.5,92.25,0.8591477,0.14085227
24.5,92.5,0.83548015,0.16451985
24.5,92.75,0.8743708,0.12562919
24.5,93.0,0.93805987,0.061940134
24.5,93.25,0.9439819,0.056018114
24.5,93.5,0.91769576,0.08230424
24.5,93.75,0.8922942,0.10770577
24.5,94.0,0.8980381,0.10196191
24.5,94.25,0.8541751,0.14582491
24.5,94.5,0.8857946,0.11420542
24.5,94.75,0.8631823,0.1368177
24.5,95.0,0.8455668,0.15443319
24.5,95.25,0.8036305,0.19636953
24.5,95.5,0.20690373,0.7930963
24.5,95.75,0.8423417,0.15765828
24.5,96.0,0.83160204,0.16839796
24.75,68.0,0.20616241,0.7938376
24.75,68.25,0.20665906,0.7933409
24.75,68.5,0.20751157,0.79248846
24.75,68.75,0.20701492,0.7929851
24.75,69.0,0.2106012,0.7893988
24.75,69.25,0.21101241,0.7889876
24.75,69.5,0.2106012,0.7893988
24.75,69.75,0.21101241,0.7889876
24.75,70.0,0.21370333,0.78629667
24.75,70.25,0.21370333,0.78629667
24.75,70.5,0.21370333,0.78629667
24.75,70.75,0.21101241,0.7889876
24.75,71.0,0.2114052,0.7885948
24.75,71.25,0.21409613,0.7859039
24.75,71.5,0.21385199,0.786148
24.75,71.75,0.22169004,0.77830994
24.75,72.0,0.21424131,0.7857587
24.75,72.25,0.4991181,0.5008819
24.75,72.5,0.4991181,0.5008819
24.75,72.75,0.4991181,0.5008819
24.75,73.0,0.7963665,0.20363349
24.75,73.25,0.8585202,0.14147979
24.75,73.5,0.8939794,0.10602063
24.75,73.75,0.91293037,0.08706963
24.75,74.0,0.9073023,0.09269768
24.75,74.25,0.84452754,0.15547246
24.75,74.5,0.797654,0.20234603
24.75,74.75,0.20871691,0.7912831
24.75,75.0,0.8048759,0.19512409
24.75,75.25,0.8620056,0.13799441
24.75,75.5,0.8820927,0.117907286
24.75,75.75,0.91834825,0.08165175
24.75,76.0,0.8991483,0.100851715
24.75,76.25,0.90221745,0.09778255
24.75,76.5,0.91112316,0.08887684
24.75,76.75,0.9167787,0.08322132
24.75,77.0,0.9170339,0.08296609
24.75,77.25,0.9310734,0.06892657
24.75,77.5,0.9357413,0.064258695
24.75,77.75,0.93974,0.060259998
24.75,78.0,0.939916,0.060083985
24.75,78.25,0.9344448,0.065555215
24.75,78.5,0.91359043,0.08640957
24.75,78.75,0.90187263,0.098127365
24.75,79.0,0.8709783,0.1290217
24.75,79.25,0.8107804,0.1892196
24.75,79.5,0.8003527,0.1996473
24.75,79.75,0.7997076,0.20029241
24.75,80.0,0.79775554,0.20224446
24.75,80.25,0.2127358,0.7872642
24.75,80.5,0.2111233,0.7888767
24.75,80.75,0.21007925,0.78992075
24.75,81.0,0.797554,0.20244598
24.75,81.25,0.21047871,0.7895213
24.75,81.5,0.20993063,0.79006934
24.75,81.75,0.79786915,0.20213085
24.75,82.0,0.8036639,0.19633609
24.75,82.25,0.8042971,0.19570291
24.75,82.5,0.20721912,0.7927809
24.75,82.75,0.20595604,0.79404396
24.75,83.0,0.8039106,0.19608939
24.75,83.25,0.8677303,0.13226968
24.75,83.5,0.9033123,0.096687675
24.75,83.75,0.8959381,0.1040619
24.75,84.0,0.8480219,0.15197808
24.75,84.25,0.83504874,0.16495126
24.75,84.5,0.86321473,0.13678527
24.75,84.75,0.8453133,0.15468669
24.75,85.0,0.86080104,0.13919896
24.75,85.25,0.9036748,0.09632522
24.75,85.5,0.8235086,0.17649138
24.75,85.75,0.20725451,0.7927455
24.75,86.0,0.20728481,0.7927152
24.75,86.25,0.20651825,0.79348177
24.75,86.5,0.7986012,0.20139879
24.75,86.75,0.20781621,0.79218376
24.75,87.0,0.7986012,0.20139879
24.75,87.25,0.813783,0.18621701
24.75,87.5,0.8480219,0.15197808
24.75,87.75,0.87461174,0.12538826
24.75,88.0,0.84163296,0.15836704
24.75,88.25,0.848321,0.15167898
24.75,88.5,0.8389482,0.16105181
24.75,88.75,0.8310461,0.1689539
24.75,89.0,0.83940697,0.16059303
24.75,89.25,0.8289103,0.17108971
24.75,89.5,0.84560007,0.15439993
24.75,89.75,0.8732131,0.12678689
24.75,90.0,0.8560413,0.14395869
24.75,90.25,0.8928963,0.107103705
24.75,90.5,0.9005508,0.09944922
24.75,90.75,0.93409044,0.065909564
24.75,91.0,0.936737,0.063263
24.75,91.25,0.92343265,0.07656735
24.75,91.5,0.9154318,0.0845682
24.75,91.75,0.908765,0.09123498
24.75,92.0,0.9126211,0.08737892
24.75,92.25,0.9148644,0.08513558
24.75,92.5,0.9172639,0.082736075
24.75,92.75,0.92158926,0.078410745
24.75,93.0,0.9335102,0.066489816
24.75,93.25,0.9387392,0.06126082
24.75,93.5,0.9188808,0.08111918
24.75,93.75,0.90860283,0.091397166
24.75,94.0,0.92343265,0.07656735
24.75,94.25,0.86681175,0.13318825
24.75,94.5,0.84271085,0.15728915
24.75,94.75,0.8646051,0.13539487
24.75,95.0,0.8628454,0.13715458
24.75,95.25,0.79955953,0.20044047
24.75,95.5,0.8007896,0.1992104
24.75,95.75,0.83577424,0.16422576
24.75,96.0,0.8171269,0.18287307
25.0,68.0,0.21918032,0.78081965
25.0,68.25,0.21162601,0.788374
25.0,68.5,0.21370333,0.78629667
25.0,68.75,0.21180198,0.788198
25.0,69.0,0.21101241,0.7889876
25.0,69.25,0.21247852,0.7875215
25.0,69.5,0.21370333,0.78629667
25.0,69.75,0.2106012,0.7893988
25.0,70.0,0.21101241,0.7889876
25.0,70.25,0.2106012,0.7893988
25.0,70.5,0.21841471,0.7815853
25.0,70.75,0.21841471,0.7815853
25.0,71.0,0.21985132,0.7801487
25.0,71.25,0.49936217,0.5006378
25.0,71.5,0.4991181,0.5008819
25.0,71.75,0.4991181,0.5008819
25.0,72.0,0.4991181,0.5008819
25.0,72.25,0.4991181,0.5008819
25.0,72.5,0.4991181,0.5008819
25.0,72.75,0.4991181,0.5008819
25.0,73.0,0.7967067,0.20329332
25.0,73.25,0.83495975,0.16504025
25.0,73.5,0.895952,0.10404801
25.0,73.75,0.91646445,0.08353555
25.0,74.0,0.8824533,0.11754668
25.0,74.25,0.8166582,0.1833418
25.0,74.5,0.20931123,0.79068875
25.0,74.75,0.2098184,0.79018164
25.0,75.0,0.81067884,0.18932116
25.0,75.25,0.8486811,0.15131891
25.0,75.5,0.8820927,0.117907286
25.0,75.75,0.9305711,0.06942892
25.0,76.0,0.9134353,0.08656472
25.0,76.25,0.89646715,0.10353285
25.0,76.5,0.91224,0.08775997
25.0,76.75,0.90545785,0.094542146
25.0,77.0,0.91571873,0.084281266
25.0,77.25,0.9311973,0.068802714
25.0,77.5,0.93974,0.060259998
25.0,77.75,0.9439756,0.056024373
25.0,78.0,0.932474,0.06752598
25.0,78.25,0.905334,0.094666004
25.0,78.5,0.88527936,0.11472064
25.0,78.75,0.8360875,0.16391248
25.0,79.0,0.8256839,0.17431611
25.0,79.25,0.80413365,0.19586635
25.0,79.5,0.80430317,0.19569683
25.0,79.75,0.21156277,0.78843725
25.0,80.0,0.21189229,0.7881077
25.0,80.25,0.21260181,0.7873982
25.0,80.5,0.21260181,0.7873982
25.0,80.75,0.21232533,0.78767467
25.0,81.0,0.21124831,0.7887517
25.0,81.25,0.21004978,0.78995025
25.0,81.5,0.20962165,0.79037833
25.0,81.75,0.7974257,0.20257431
25.0,82.0,0.8344194,0.16558057
25.0,82.25,0.8665569,0.13344312
25.0,82.5,0.84506214,0.15493786
25.0,82.75,0.8147538,0.18524623
25.0,83.0,0.8588824,0.14111757
25.0,83.25,0.9166702,0.0833298
25.0,83.5,0.9256722,0.07432783
25.0,83.75,0.8823116,0.11768842
25.0,84.0,0.8354902,0.16450977
25.0,84.25,0.845256,0.15474403
25.0,84.5,0.8451808,0.15481919
25.0,84.75,0.8190921,0.1809079
25.0,85.0,0.8240496,0.17595041
25.0,85.25,0.82375014,0.17624986
25.0,85.5,0.20693715,0.79306287
25.0,85.75,0.20678575,0.79321426
25.0,86.0,0.20833512,0.7916649
25.0,86.25,0.206959,0.793041
25.0,86.5,0.20681605,0.7931839
25.0,86.75,0.20599782,0.7940022
25.0,87.0,0.8139241,0.18607593
25.0,87.25,0.8348742,0.16512579
25.0,87.5,0.8567858,0.14321423
25.0,87.75,0.8736872,0.12631279
25.0,88.0,0.85447085,0.14552915
25.0,88.25,0.86358744,0.13641256
25.0,88.5,0.86642885,0.13357115
25.0,88.75,0.8244181,0.17558187
25.0,89.0,0.81088114,0.18911886
25.0,89.25,0.7994648,0.20053518
25.0,89.5,0.8506646,0.14933538
25.0,89.75,0.8506646,0.14933538
25.0,90.0,0.87779486,0.12220514
25.0,90.25,0.8971649,0.10283512
25.0,90.5,0.9166629,0.08333713
25.0,90.75,0.9369065,0.06309348
25.0,91.0,0.93409777,0.06590223
25.0,91.25,0.9172639,0.082736075
25.0,91.5,0.9105472,0.0894528
25.0,91.75,0.90534157,0.094658434
25.0,92.0,0.8937921,0.10620791
25.0,92.25,0.88656235,0.11343765
25.0,92.5,0.89446276,0.105537236
25.0,92.75,0.8717794,0.12822062
25.0,93.0,0.8550528,0.14494717
25.0,93.25,0.89444447,0.105555534
25.0,93.5,0.8840436,0.115956426
25.0,93.75,0.84776264,0.15223736
25.0,94.0,0.9008303,0.09916967
25.0,94.25,0.8596033,0.14039671
25.0,94.5,0.84196657,0.15803343
25.0,94.75,0.83162636,0.16837364
25.0,95.0,0.84517074,0.15482926
25.0,95.25,0.8181403,0.18185967
25.0,95.5,0.8117031,0.18829691
25.0,95.75,0.8007896,0.1992104
25.0,96.0,0.8396542,0.1603458
25.25,68.0,0.49936217,0.5006378
25.25,68.25,0.49936217,0.5006378
25.25,68.5,0.49936217,0.5006378
25.25,68.75,0.49936217,0.5006378
25.25,69.0,0.22003283,0.7799672
25.25,69.25,0.21247852,0.7875215
25.25,69.5,0.21841471,0.7815853
25.25,69.75,0.21247852,0.7875215
25.25,70.0,0.20904632,0.7909537
25.25,70.25,0.20954297,0.790457
25.25,70.5,0.21008936,0.7899107
25.25,70.75,0.21101241,0.7889876
25.25,71.0,0.22193418,0.7780658
25.25,71.25,0.49936217,0.5006378
25.25,71.5,0.4991181,0.5008819
25.25,71.75,0.4991181,0.5008819
25.25,72.0,0.4991181,0.5008819
25.25,72.25,0.4991181,0.5008819
25.25,72.5,0.4991181,0.5008819
25.25,72.75,0.4991181,0.5008819
25.25,73.0,0.7967067,0.20329332
25.25,73.25,0.85847485,0.14152515
25.25,73.5,0.91568774,0.08431226
25.25,73.75,0.9303991,0.06960088
25.25,74.0,0.8792742,0.12072581
25.25,74.25,0.80267197,0.19732803
25.25,74.5,0.20938039,0.7906196
25.25,74.75,0.2098184,0.79018164
25.25,75.0,0.8002511,0.19974887
25.25,75.25,0.8421991,0.15780091
25.25,75.5,0.8777652,0.12223482
25.25,75.75,0.9262599,0.073740125
25.25,76.0,0.9189553,0.081044674
25.25,76.25,0.86366194,0.13633806
25.25,76.5,0.8545879,0.14541209
25.25,76.75,0.89550865,0.10449135
25.25,77.0,0.91691005,0.08308995
25.25,77.25,0.92457414,0.07542586
25.25,77.5,0.93974,0.060259998
25.25,77.75,0.94667786,0.053322136
25.25,78.0,0.93653196,0.06346804
25.25,78.25,0.91467494,0.08532506
25.25,78.5,0.8988681,0.101131916
25.25,78.75,0.8838014,0.1161986
25.25,79.0,0.85555476,0.14444524
25.25,79.25,0.80404615,0.19595385
25.25,79.5,0.2118023,0.7881977
25.25,79.75,0.21073556,0.78926444
25.25,80.0,0.2117583,0.7882417
25.25,80.25,0.21260181,0.7873982
25.25,80.5,0.2127358,0.7872642
25.25,80.75,0.21375802,0.786242
25.25,81.0,0.20990877,0.7900912
25.25,81.25,0.20913945,0.79086053
25.25,81.5,0.7975788,0.20242119
25.25,81.75,0.8098762,0.1901238
25.25,82.0,0.8453305,0.15466952
25.25,82.25,0.88441145,0.115588546
25.25,82.5,0.8672565,0.13274348
25.25,82.75,0.8242031,0.17579693
25.25,83.0,0.87065566,0.12934434
25.25,83.25,0.91827375,0.08172625
25.25,83.5,0.91593885,0.084061146
25.25,83.75,0.87624997,0.12375003
25.25,84.0,0.8319423,0.16805768
25.25,84.25,0.8426728,0.15732718
25.25,84.5,0.803672,0.19632798
25.25,84.75,0.20747612,0.79252386
25.25,85.0,0.84525806,0.15474194
25.25,85.25,0.8390642,0.16093582
25.25,85.5,0.2064964,0.7935036
25.25,85.75,0.20698941,0.7930106
25.25,86.0,0.20651825,0.79348177
25.25,86.25,0.20760949,0.7923905
25.25,86.5,0.20635037,0.7936496
25.25,86.75,0.8188167,0.18118328
25.25,87.0,0.87624997,0.12375003
25.25,87.25,0.89246374,0.10753626
25.25,87.5,0.87624997,0.12375003
25.25,87.75,0.87733185,0.12266815
25.25,88.0,0.8393889,0.1606111
25.25,88.25,0.82870215,0.17129785
25.25,88.5,0.8254934,0.1745066
25.25,88.75,0.8319655,0.1680345
25.25,89.0,0.84765184,0.15234816
25.25,89.25,0.8149838,0.18501621
25.25,89.5,0.8193315,0.18066847
25.25,89.75,0.7990974,0.20090258
25.25,90.0,0.81494397,0.18505603
25.25,90.25,0.8627423,0.1372577
25.25,90.5,0.9008303,0.09916967
25.25,90.75,0.90860283,0.091397166
25.25,91.0,0.8911152,0.10888481
25.25,91.25,0.8423562,0.1576438
25.25,91.5,0.8392135,0.16078651
25.25,91.75,0.8390239,0.16097611
25.25,92.0,0.83527243,0.16472757
25.25,92.25,0.8455668,0.15443319
25.25,92.5,0.8313827,0.16861731
25.25,92.75,0.8234234,0.17657661
25.25,93.0,0.8037813,0.19621873
25.25,93.25,0.83144945,0.16855055
25.25,93.5,0.82811457,0.17188543
25.25,93.75,0.8046629,0.19533712
25.25,94.0,0.87485844,0.12514156
25.25,94.25,0.89287806,0.107121944
25.25,94.5,0.87189674,0.12810326
25.25,94.75,0.8763966,0.1236034
25.25,95.0,0.845248,0.15475202
25.25,95.25,0.8176169,0.18238312
25.25,95.5,0.20579061,0.79420936
25.25,95.75,0.79972965,0.20027035
25.25,96.0,0.8321485,0.16785151
25.5,68.0,0.49936217,0.5006378
25.5,68.25,0.49936217,0.5006378
25.5,68.5,0.49936217,0.5006378
25.5,68.75,0.49936217,0.5006378
25.5,69.0,0.49936217,0.5006378
25.5,69.25,0.22003283,0.7799672
25.5,69.5,0.21841471,0.7815853
25.5,69.75,0.21247852,0.7875215
25.5,70.0,0.20954297,0.790457
25.5,70.25,0.20999245,0.79000753
25.5,70.5,0.21101241,0.7889876
25.5,70.75,0.21841471,0.7815853
25.5,71.0,0.49936217,0.5006378
25.5,71.25,0.49936217,0.5006378
25.5,71.5,0.4991181,0.5008819
25.5,71.75,0.4991181,0.5008819
25.5,72.0,0.4991181,0.5008819
25.5,72.25,0.4991181,0.5008819
25.5,72.5,0.4991181,0.5008819
25.5,72.75,0.4991181,0.5008819
25.5,73.0,0.7967067,0.20329332
25.5,73.25,0.85847485,0.14152515
25.5,73.5,0.8983287,0.10167128
25.5,73.75,0.898684,0.101315975
25.5,74.0,0.8529429,0.14705712
25.5,74.25,0.79434484,0.20565516
25.5,74.5,0.2107754,0.7892246
25.5,74.75,0.20984434,0.79015565
25.5,75.0,0.79919946,0.20080054
25.5,75.25,0.8421991,0.15780091
25.5,75.5,0.89219403,0.10780597
25.5,75.75,0.9167374,0.08326262
25.5,76.0,0.90090483,0.099095166
25.5,76.25,0.835733,0.164267
25.5,76.5,0.8267461,0.1732539
25.5,76.75,0.8689273,0.1310727
25.5,77.0,0.90523064,0.09476936
25.5,77.25,0.9288548,0.07114518
25.5,77.5,0.9447847,0.0552153
25.5,77.75,0.9499496,0.050050378
25.5,78.0,0.9499496,0.050050378
25.5,78.25,0.9469574,0.05304259
25.5,78.5,0.94524026,0.05475974
25.5,78.75,0.95077723,0.049222767
25.5,79.0,0.91107726,0.08892274
25.5,79.25,0.80040234,0.19959766
25.5,79.5,0.8010838,0.1989162
25.5,79.75,0.81526005,0.18473995
25.5,80.0,0.81107795,0.18892205
25.5,80.25,0.7980906,0.20190942
25.5,80.5,0.79775554,0.20224446
25.5,80.75,0.7976804,0.20231962
25.5,81.0,0.20872808,0.7912719
25.5,81.25,0.797654,0.20234603
25.5,81.5,0.8037916,0.19620842
25.5,81.75,0.8151585,0.18484151
25.5,82.0,0.82838845,0.17161155
25.5,82.25,0.87816274,0.12183726
25.5,82.5,0.87624997,0.12375003
25.5,82.75,0.8820182,0.11798179
25.5,83.0,0.91827375,0.08172625
25.5,83.25,0.9037861,0.09621388
25.5,83.5,0.90648425,0.093515754
25.5,83.75,0.90066814,0.099331856
25.5,84.0,0.8396643,0.16033572
25.5,84.25,0.8110217,0.18897831
25.5,84.5,0.79989105,0.20010895
25.5,84.75,0.8011211,0.19887888
25.5,85.0,0.890953,0.109046996
25.5,85.25,0.8655048,0.1344952
25.5,85.5,0.7985185,0.20148152
25.5,85.75,0.2072265,0.7927735
25.5,86.0,0.20681605,0.7931839
25.5,86.25,0.20799674,0.7920033
25.5,86.5,0.8038299,0.19617009
25.5,86.75,0.8856324,0.114367604
25.5,87.0,0.9154391,0.08456087
25.5,87.25,0.89919114,0.10080886
25.5,87.5,0.8924129,0.1075871
25.5,87.75,0.87624997,0.12375003
25.5,88.0,0.8139241,0.18607593
25.5,88.25,0.80109894,0.19890106
25.5,88.5,0.8287648,0.1712352
25.5,88.75,0.8289983,0.17100167
25.5,89.0,0.8351946,0.16480541
25.5,89.25,0.8286184,0.1713816
25.5,89.5,0.8114046,0.18859541
25.5,89.75,0.7998714,0.20012861
25.5,90.0,0.8504446,0.14955539
25.5,90.25,0.87733185,0.12266815
25.5,90.5,0.87382317,0.12617683
25.5,90.75,0.8429632,0.15703678
25.5,91.0,0.8049909,0.19500911
25.5,91.25,0.20580482,0.7941952
25.5,91.5,0.8052687,0.1947313
25.5,91.75,0.8045944,0.1954056
25.5,92.0,0.8044663,0.1955337
25.5,92.25,0.8037813,0.19621873
25.5,92.5,0.7974824,0.20251763
25.5,92.75,0.20590618,0.79409385
25.5,93.0,0.80362,0.19638002
25.5,93.25,0.8098043,0.19019568
25.5,93.5,0.8280183,0.17198169
25.5,93.75,0.82858515,0.17141485
25.5,94.0,0.8662566,0.1337434
25.5,94.25,0.9050703,0.094929695
25.5,94.5,0.9081687,0.09183133
25.5,94.75,0.89335185,0.10664815
25.5,95.0,0.8565191,0.1434809
25.5,95.25,0.81807774,0.18192226
25.5,95.5,0.20737249,0.7926275
25.5,95.75,0.8007896,0.1992104
25.5,96.0,0.8007896,0.1992104
25.75,68.0,0.49936217,0.5006378
25.75,68.25,0.49936217,0.5006378
25.75,68.5,0.49936217,0.5006378
25.75,68.75,0.49936217,0.5006378
25.75,69.0,0.49936217,0.5006378
25.75,69.25,0.49936217,0.5006378
25.75,69.5,0.49936217,0.5006378
25.75,69.75,0.22003283,0.7799672
25.75,70.0,0.22193418,0.7780658
25.75,70.25,0.21247852,0.7875215
25.75,70.5,0.22193418,0.7780658
25.75,70.75,0.49936217,0.5006378
25.75,71.0,0.49936217,0.5006378
25.75,71.25,0.49936217,0.5006378
25.75,71.5,0.4991181,0.5008819
25.75,71.75,0.4991181,0.5008819
25.75,72.0,0.4991181,0.5008819
25.75,72.25,0.4991181,0.5008819
25.75,72.5,0.4991181,0.5008819
25.75,72.75,0.4991181,0.5008819
25.75,73.0,0.8183466,0.18165338
25.75,73.25,0.83495975,0.16504025
25.75,73.5,0.86592036,0.13407964
25.75,73.75,0.8824533,0.11754668
25.75,74.0,0.8563753,0.14362472
25.75,74.25,0.7949058,0.20509422
25.75,74.5,0.20969789,0.7903021
25.75,74.75,0.8039529,0.19604713
25.75,75.0,0.81482744,0.18517256
25.75,75.25,0.8256839,0.17431611
25.75,75.5,0.8887836,0.111216426
25.75,75.75,0.90672094,0.09327906
25.75,76.0,0.86388916,0.13611084
25.75,76.25,0.81905794,0.18094206
25.75,76.5,0.8456484,0.15435159
25.75,76.75,0.8668566,0.13314342
25.75,77.0,0.91077834,0.08922166
25.75,77.25,0.93277514,0.06722486
25.75,77.5,0.9447847,0.0552153
25.75,77.75,0.9506077,0.049392283
25.75,78.0,0.9506077,0.049392283
25.75,78.25,0.9506077,0.049392283
25.75,78.5,0.9499496,0.050050378
25.75,78.75,0.95077723,0.049222767
25.75,79.0,0.8991483,0.100851715
25.75,79.25,0.81926817,0.18073183
25.75,79.5,0.8428489,0.1571511
25.75,79.75,0.8711251,0.1288749
25.75,80.0,0.8588634,0.14113659
25.75,80.25,0.82800204,0.17199796
25.75,80.5,0.82849,0.17150998
25.75,80.75,0.82421654,0.17578346
25.75,81.0,0.8191034,0.18089658
25.75,81.25,0.8421871,0.1578129
25.75,81.5,0.81425864,0.18574136
25.75,81.75,0.80407745,0.19592255
25.75,82.0,0.84274733,0.15725267
25.75,82.25,0.9126956,0.08730441
25.75,82.5,0.92954105,0.07045895
25.75,82.75,0.93134636,0.06865364
25.75,83.0,0.91100276,0.088997245
25.75,83.25,0.8928963,0.107103705
25.75,83.5,0.9161602,0.083839774
25.75,83.75,0.90846765,0.09153235
25.75,84.0,0.8844309,0.115569115
25.75,84.25,0.8037907,0.19620931
25.75,84.5,0.8319423,0.16805768
25.75,84.75,0.87094903,0.12905097
25.75,85.0,0.8880959,0.111904085
25.75,85.25,0.82855785,0.17144215
25.75,85.5,0.7990326,0.20096737
25.75,85.75,0.80075073,0.19924927
25.75,86.0,0.8179595,0.18204051
25.75,86.25,0.8314353,0.16856468
25.75,86.5,0.84749955,0.15250045
25.75,86.75,0.908765,0.09123498
25.75,87.0,0.9339791,0.066020906
25.75,87.25,0.91655153,0.08344847
25.75,87.5,0.9008303,0.09916967
25.75,87.75,0.8735298,0.12647021
25.75,88.0,0.83232814,0.16767186
25.75,88.25,0.8140326,0.18596739
25.75,88.5,0.798408,0.20159203
25.75,88.75,0.20736615,0.79263383
25.75,89.0,0.83167994,0.16832006
25.75,89.25,0.80514127,0.19485873
25.75,89.5,0.8010358,0.19896418
25.75,89.75,0.824113,0.17588699
25.75,90.0,0.832065,0.16793501
25.75,90.25,0.8114802,0.18851978
25.75,90.5,0.8103023,0.18969768
25.75,90.75,0.7984336,0.2015664
25.75,91.0,0.80256367,0.19743633
25.75,91.25,0.8735687,0.12643129
25.75,91.5,0.89663035,0.10336965
25.75,91.75,0.8979207,0.10207927
25.75,92.0,0.8821942,0.11780578
25.75,92.25,0.87779486,0.12220514
25.75,92.5,0.87121433,0.12878567
25.75,92.75,0.80939,0.19060999
25.75,93.0,0.87074053,0.12925947
25.75,93.25,0.90053135,0.09946865
25.75,93.5,0.92542404,0.07457596
25.75,93.75,0.93660754,0.06339246
25.75,94.0,0.9238718,0.076128185
25.75,94.25,0.9234253,0.07657468
25.75,94.5,0.8882581,0.1117419
25.75,94.75,0.91586125,0.08413875
25.75,95.0,0.89889777,0.10110223
25.75,95.25,0.885339,0.11466098
25.75,95.5,0.8182507,0.18174928
25.75,95.75,0.8316467,0.16835332
25.75,96.0,0.8181403,0.18185967
26.0,68.0,0.49936217,0.5006378
26.0,68.25,0.49936217,0.5006378
26.0,68.5,0.49936217,0.5006378
26.0,68.75,0.49936217,0.5006378
26.0,69.0,0.49936217,0.5006378
26.0,69.25,0.49936217,0.5006378
26.0,69.5,0.49936217,0.5006378
26.0,69.75,0.49936217,0.5006378
26.0,70.0,0.49936217,0.5006378
26.0,70.25,0.22003283,0.7799672
26.0,70.5,0.49936217,0.5006378
26.0,70.75,0.49936217,0.5006378
26.0,71.0,0.49936217,0.5006378
26.0,71.25,0.49936217,0.5006378
26.0,71.5,0.4991181,0.5008819
26.0,71.75,0.4991181,0.5008819
26.0,72.0,0.4991181,0.5008819
26.0,72.25,0.4991181,0.5008819
26.0,72.5,0.4991181,0.5008819
26.0,72.75,0.4991181,0.5008819
26.0,73.0,0.8099113,0.19008869
26.0,73.25,0.8477498,0.15225017
26.0,73.5,0.8564609,0.14353907
26.0,73.75,0.83199126,0.16800874
26.0,74.0,0.82843363,0.17156637
26.0,74.25,0.7939549,0.20604509
26.0,74.5,0.21776497,0.782235
26.0,74.75,0.79765373,0.20234627
26.0,75.0,0.8041289,0.19587111
26.0,75.25,0.8397388,0.16026121
26.0,75.5,0.88177603,0.118223965
26.0,75.75,0.89105374,0.108946264
26.0,76.0,0.85886604,0.14113396
26.0,76.25,0.81128466,0.18871534
26.0,76.5,0.8267461,0.1732539
26.0,76.75,0.86945075,0.13054925
26.0,77.0,0.91914505,0.08085495
26.0,77.25,0.93277514,0.06722486
26.0,77.5,0.9396358,0.060364187
26.0,77.75,0.94524026,0.05475974
26.0,78.0,0.9469574,0.05304259
26.0,78.25,0.94855314,0.051446855
26.0,78.5,0.94855314,0.051446855
26.0,78.75,0.95077723,0.049222767
26.0,79.0,0.9257467,0.07425332
26.0,79.25,0.8426845,0.1573155
26.0,79.5,0.8452069,0.15479308
26.0,79.75,0.8558726,0.14412743
26.0,80.0,0.82578546,0.17421454
26.0,80.25,0.80404615,0.19595385
26.0,80.5,0.8476734,0.15232658
26.0,80.75,0.87490517,0.12509483
26.0,81.0,0.8803506,0.11964941
26.0,81.25,0.8844377,0.11556232
26.0,81.5,0.8323364,0.16766357
26.0,81.75,0.8320168,0.16798317
26.0,82.0,0.916006,0.08399397
26.0,82.25,0.936981,0.06301898
26.0,82.5,0.9269301,0.07306987
26.0,82.75,0.9256722,0.07432783
26.0,83.0,0.90333056,0.096669436
26.0,83.25,0.8979207,0.10207927
26.0,83.5,0.88780254,0.11219746
26.0,83.75,0.87444955,0.12555045
26.0,84.0,0.84765184,0.15234816
26.0,84.25,0.8357843,0.16421568
26.0,84.5,0.8928963,0.107103705
26.0,84.75,0.8882581,0.1117419
26.0,85.0,0.8564489,0.14355111
26.0,85.25,0.8242031,0.17579693
26.0,85.5,0.8235086,0.17649138
26.0,85.75,0.8479049,0.15209508
26.0,86.0,0.8715128,0.12848723
26.0,86.25,0.9166702,0.0833298
26.0,86.5,0.9241532,0.07584679
26.0,86.75,0.93571514,0.06428486
26.0,87.0,0.93339884,0.06660116
26.0,87.25,0.91324943,0.08675057
26.0,87.5,0.89491826,0.10508174
26.0,87.75,0.8982003,0.10179973
26.0,88.0,0.8989278,0.10107219
26.0,88.25,0.87133807,0.12866193
26.0,88.5,0.80459857,0.19540143
26.0,88.75,0.800396,0.19960397
26.0,89.0,0.83908737,0.16091263
26.0,89.25,0.8837269,0.116273105
26.0,89.5,0.8981,0.10189998
26.0,89.75,0.89408547,0.10591453
26.0,90.0,0.8663215,0.1336785
26.0,90.25,0.82432926,0.17567074
26.0,90.5,0.8581961,0.14180392
26.0,90.75,0.8243381,0.17566192
26.0,91.0,0.2133096,0.7866904
26.0,91.25,0.8255019,0.17449808
26.0,91.5,0.86911744,0.13088256
26.0,91.75,0.9129052,0.087094784
26.0,92.0,0.9148644,0.08513558
26.0,92.25,0.9256722,0.07432783
26.0,92.5,0.93482584,0.06517416
26.0,92.75,0.908765,0.09123498
26.0,93.0,0.8931037,0.10689628
26.0,93.25,0.9079098,0.09209019
26.0,93.5,0.9180256,0.08197439
26.0,93.75,0.9369065,0.06309348
26.0,94.0,0.9387392,0.06126082
26.0,94.25,0.936737,0.063263
26.0,94.5,0.9133608,0.086639225
26.0,94.75,0.91100276,0.088997245
26.0,95.0,0.8802761,0.119723916
26.0,95.25,0.86232024,0.13767976
26.0,95.5,0.8591477,0.14085227
26.0,95.75,0.8821942,0.11780578
26.0,96.0,0.8246799,0.17532009
26.25,68.0,0.49936217,0.5006378
26.25,68.25,0.49936217,0.5006378
26.25,68.5,0.49936217,0.5006378
26.25,68.75,0.49936217,0.5006378
26.25,69.0,0.49936217,0.5006378
26.25,69.25,0.49936217,0.5006378
26.25,69.5,0.49936217,0.5006378
26.25,69.75,0.49936217,0.5006378
26.25,70.0,0.49936217,0.5006378
26.25,70.25,0.49936217,0.5006378
26.25,70.5,0.49936217,0.5006378
26.25,70.75,0.49936217,0.5006378
26.25,71.0,0.49936217,0.5006378
26.25,71.25,0.49936217,0.5006378
26.25,71.5,0.4991181,0.5008819
26.25,71.75,0.4991181,0.5008819
26.25,72.0,0.4991181,0.5008819
26.25,72.25,0.4991181,0.5008819
26.25,72.5,0.4991181,0.5008819
26.25,72.75,0.4991181,0.5008819
26.25,73.0,0.8099113,0.19008869
26.25,73.25,0.8564609,0.14353907
26.25,73.5,0.8826853,0.1173147
26.25,73.75,0.8474438,0.15255618
26.25,74.0,0.8564609,0.14353907
26.25,74.25,0.80267197,0.19732803
26.25,74.5,0.20971876,0.79028124
26.25,74.75,0.79750127,0.20249873
26.25,75.0,0.8101313,0.18986869
26.25,75.25,0.8428996,0.15710038
26.25,75.5,0.86662096,0.13337904
26.25,75.75,0.86432344,0.13567656
26.25,76.0,0.8588651,0.14113492
26.25,76.25,0.8315838,0.1684162
26.25,76.5,0.8872485,0.112751484
26.25,76.75,0.90209985,0.09790015
26.25,77.0,0.9265491,0.07345092
26.25,77.25,0.9447847,0.0552153
26.25,77.5,0.9487598,0.051240206
26.25,77.75,0.9439756,0.056024373
26.25,78.0,0.94415164,0.05584836
26.25,78.25,0.94855314,0.051446855
26.25,78.5,0.94855314,0.051446855
26.25,78.75,0.9506077,0.049392283
26.25,79.0,0.9329296,0.067070425
26.25,79.25,0.8733892,0.12661082
26.25,79.5,0.82578546,0.17421454
26.25,79.75,0.8107804,0.1892196
26.25,80.0,0.8003527,0.1996473
26.25,80.25,0.8003527,0.1996473
26.25,80.5,0.8708317,0.12916827
26.25,80.75,0.905811,0.09418899
26.25,81.0,0.8910275,0.10897249
26.25,81.25,0.85854936,0.14145064
26.25,81.5,0.8456514,0.15434861
26.25,81.75,0.8926496,0.10735041
26.25,82.0,0.93141353,0.06858647
26.25,82.25,0.93416494,0.06583506
26.25,82.5,0.9234253,0.07657468
26.25,82.75,0.92487925,0.07512075
26.25,83.0,0.9176884,0.08231157
26.25,83.25,0.8820182,0.11798179
26.25,83.5,0.8149606,0.1850394
26.25,83.75,0.81809205,0.18190795
26.25,84.0,0.85435325,0.14564675
26.25,84.25,0.885339,0.11466098
26.25,84.5,0.90664643,0.09335357
26.25,84.75,0.856358,0.14364201
26.25,85.0,0.8244094,0.17559057
26.25,85.25,0.86424893,0.13575107
26.25,85.5,0.8927159,0.10728413
26.25,85.75,0.87808824,0.121911764
26.25,86.0,0.8980381,0.10196191
26.25,86.25,0.9386097,0.06139028
26.25,86.5,0.94663477,0.05336523
26.25,86.75,0.9450544,0.054945588
26.25,87.0,0.93862784,0.06137216
26.25,87.25,0.9335175,0.066482484
26.25,87.5,0.9430106,0.05698937
26.25,87.75,0.9306661,0.06933391
26.25,88.0,0.92954105,0.07045895
26.25,88.25,0.92158926,0.078410745
26.25,88.5,0.88247377,0.11752623
26.25,88.75,0.9154318,0.0845682
26.25,89.0,0.9304966,0.06950343
26.25,89.25,0.936737,0.063263
26.25,89.5,0.9387392,0.06126082
26.25,89.75,0.92954105,0.07045895
26.25,90.0,0.9071225,0.09287751
26.25,90.25,0.86660105,0.13339895
26.25,90.5,0.9056858,0.09431422
26.25,90.75,0.8846004,0.1153996
26.25,91.0,0.79807144,0.20192856
26.25,91.25,0.20735596,0.792644
26.25,91.5,0.8035749,0.19642508
26.25,91.75,0.88780254,0.11219746
26.25,92.0,0.92158926,0.078410745
26.25,92.25,0.9389087,0.061091304
26.25,92.5,0.95004463,0.049955368
26.25,92.75,0.94516575,0.054834247
26.25,93.0,0.9199026,0.08009738
26.25,93.25,0.8667982,0.13320178
26.25,93.5,0.90809745,0.091902554
26.25,93.75,0.93674433,0.06325567
26.25,94.0,0.93134636,0.06865364
26.25,94.25,0.9387465,0.061253488
26.25,94.5,0.931339,0.068660975
26.25,94.75,0.92618537,0.07381463
26.25,95.0,0.9035066,0.09649342
26.25,95.25,0.8921195,0.10788047
26.25,95.5,0.91100276,0.088997245
26.25,95.75,0.8844309,0.115569115
26.25,96.0,0.90684295,0.09315705
26.5,68.0,0.8179389,0.18206108
26.5,68.25,0.49936217,0.5006378
26.5,68.5,0.49936217,0.5006378
26.5,68.75,0.49936217,0.5006378
26.5,69.0,0.49936217,0.5006378
26.5,69.25,0.49936217,0.5006378
26.5,69.5,0.49936217,0.5006378
26.5,69.75,0.49936217,0.5006378
26.5,70.0,0.49936217,0.5006378
26.5,70.25,0.49936217,0.5006378
26.5,70.5,0.49936217,0.5006378
26.5,70.75,0.49936217,0.5006378
26.5,71.0,0.49936217,0.5006378
26.5,71.25,0.49936217,0.5006378
26.5,71.5,0.4991181,0.5008819
26.5,71.75,0.4991181,0.5008819
26.5,72.0,0.4991181,0.5008819
26.5,72.25,0.4991181,0.5008819
26.5,72.5,0.4991181,0.5008819
26.5,72.75,0.8160712,0.18392879
26.5,73.0,0.82873964,0.17126036
26.5,73.25,0.85054666,0.14945334
26.5,73.5,0.8826853,0.1173147
26.5,73.75,0.8795062,0.12049383
26.5,74.0,0.8605148,0.13948518
26.5,74.25,0.814279,0.18572098
26.5,74.5,0.7944621,0.20553792
26.5,74.75,0.21055524,0.78944474
26.5,75.0,0.20794085,0.7920592
26.5,75.25,0.8191666,0.1808334
26.5,75.5,0.81962514,0.18037486
26.5,75.75,0.81962514,0.18037486
26.5,76.0,0.8424278,0.15757221
26.5,76.25,0.8732876,0.12671238
26.5,76.5,0.90674144,0.09325856
26.5,76.75,0.9030884,0.09691161
26.5,77.0,0.93312913,0.06687087
26.5,77.25,0.94415164,0.05584836
26.5,77.5,0.9372048,0.06279522
26.5,77.75,0.9372048,0.06279522
26.5,78.0,0.9449607,0.055039287
26.5,78.25,0.94524026,0.05475974
26.5,78.5,0.94855314,0.051446855
26.5,78.75,0.9506077,0.049392283
26.5,79.0,0.89989114,0.10010886
26.5,79.25,0.8744046,0.12559539
26.5,79.5,0.8321184,0.16788161
26.5,79.75,0.81542224,0.18457776
26.5,80.0,0.81107545,0.18892455
26.5,80.25,0.8114833,0.18851668
26.5,80.5,0.8679064,0.13209361
26.5,80.75,0.9029553,0.09704471
26.5,81.0,0.9025341,0.09746587
26.5,81.25,0.8539843,0.1460157
26.5,81.5,0.84533256,0.15466744
26.5,81.75,0.90854216,0.091457844
26.5,82.0,0.91776294,0.082237065
26.5,82.25,0.9167374,0.08326262
26.5,82.5,0.9241532,0.07584679
26.5,82.75,0.91888815,0.08111185
26.5,83.0,0.8970027,0.1029973
26.5,83.25,0.8288871,0.1711129
26.5,83.5,0.8183871,0.18161291
26.5,83.75,0.8710214,0.12897861
26.5,84.0,0.89864826,0.10135174
26.5,84.25,0.92618537,0.07381463
26.5,84.5,0.93150854,0.06849146
26.5,84.75,0.89083564,0.10916436
26.5,85.0,0.8747291,0.1252709
26.5,85.25,0.9175771,0.08242291
26.5,85.5,0.93409777,0.06590223
26.5,85.75,0.9376422,0.062357783
26.5,86.0,0.9333807,0.06661928
26.5,86.25,0.9083382,0.09166181
26.5,86.5,0.93849105,0.061508954
26.5,86.75,0.9502851,0.049714923
26.5,87.0,0.9507027,0.049297273
26.5,87.25,0.95054054,0.049459457
26.5,87.5,0.95042187,0.04957813
26.5,87.75,0.94784707,0.05215293
26.5,88.0,0.94533527,0.05466473
26.5,88.25,0.9439819,0.056018114
26.5,88.5,0.9387465,0.061253488
26.5,88.75,0.94533527,0.05466473
26.5,89.0,0.94800925,0.051990747
26.5,89.25,0.94516575,0.054834247
26.5,89.5,0.94533527,0.05466473
26.5,89.75,0.9387392,0.06126082
26.5,90.0,0.9008303,0.09916967
26.5,90.25,0.8741753,0.12582469
26.5,90.5,0.89083433,0.10916567
26.5,90.75,0.8570511,0.14294893
26.5,91.0,0.7988668,0.20113319
26.5,91.25,0.20768139,0.7923186
26.5,91.5,0.20609951,0.7939005
26.5,91.75,0.90860283,0.091397166
26.5,92.0,0.92871463,0.07128537
26.5,92.25,0.9256722,0.07432783
26.5,92.5,0.9507027,0.049297273
26.5,92.75,0.9507027,0.049297273
26.5,93.0,0.9468829,0.053117096
26.5,93.25,0.8776907,0.12230933
26.5,93.5,0.9161602,0.083839774
26.5,93.75,0.94533527,0.05466473
26.5,94.0,0.94800925,0.051990747
26.5,94.25,0.90664643,0.09335357
26.5,94.5,0.90897375,0.09102625
26.5,94.75,0.91827375,0.08172625
26.5,95.0,0.8771912,0.122808814
26.5,95.25,0.91100276,0.088997245
26.5,95.5,0.9037861,0.09621388
26.5,95.75,0.877087,0.122913
26.5,96.0,0.9055176,0.09448242
26.75,68.0,0.83487767,0.16512233
26.75,68.25,0.7990688,0.20093119
26.75,68.5,0.49936217,0.5006378
26.75,68.75,0.49936217,0.5006378
26.75,69.0,0.49936217,0.5006378
26.75,69.25,0.49936217,0.5006378
26.75,69.5,0.49936217,0.5006378
26.75,69.75,0.49936217,0.5006378
26.75,70.0,0.49936217,0.5006378
26.75,70.25,0.49936217,0.5006378
26.75,70.5,0.49936217,0.5006378
26.75,70.75,0.49936217,0.5006378
26.75,71.0,0.49936217,0.5006378
26.75,71.25,0.49936217,0.5006378
26.75,71.5,0.4991181,0.5008819
26.75,71.75,0.4991181,0.5008819
26.75,72.0,0.4991181,0.5008819
26.75,72.25,0.4991181,0.5008819
26.75,72.5,0.80446416,0.19553584
26.75,72.75,0.8421681,0.1578319
26.75,73.0,0.838602,0.161398
26.75,73.25,0.80446416,0.19553584
26.75,73.5,0.8351061,0.16489393
26.75,73.75,0.86028284,0.13971716
26.75,74.0,0.84452754,0.15547246
26.75,74.25,0.8180109,0.18198907
26.75,74.5,0.7955674,0.2044326
26.75,74.75,0.21055524,0.78944474
26.75,75.0,0.7982999,0.20170009
26.75,75.25,0.81425864,0.18574136
26.75,75.5,0.8182342,0.1817658
26.75,75.75,0.79944384,0.20055616
26.75,76.0,0.8146424,0.18535757
26.75,76.25,0.8391387,0.16086131
26.75,76.5,0.835733,0.164267
26.75,76.75,0.888194,0.111805975
26.75,77.0,0.93029153,0.06970847
26.75,77.25,0.91112316,0.08887684
26.75,77.5,0.87568283,0.12431717
26.75,77.75,0.88527936,0.11472064
26.75,78.0,0.9081406,0.0918594
26.75,78.25,0.93265,0.06734997
26.75,78.5,0.9506077,0.049392283
26.75,78.75,0.95077723,0.049222767
26.75,79.0,0.89212114,0.107878864
26.75,79.25,0.85408586,0.14591414
26.75,79.5,0.868801,0.131199
26.75,79.75,0.868801,0.131199
26.75,80.0,0.8623486,0.13765138
26.75,80.25,0.84252787,0.15747213
26.75,80.5,0.8639907,0.13600928
26.75,80.75,0.8878744,0.112125576
26.75,81.0,0.9025341,0.09746587
26.75,81.25,0.9126956,0.08730441
26.75,81.5,0.90369844,0.096301556
26.75,81.75,0.9066096,0.093390405
26.75,82.0,0.90369844,0.096301556
26.75,82.25,0.8743685,0.12563151
26.75,82.5,0.8989278,0.10107219
26.75,82.75,0.8840436,0.115956426
26.75,83.0,0.8587906,0.14120942
26.75,83.25,0.85088086,0.14911914
26.75,83.5,0.85015184,0.14984816
26.75,83.75,0.8928963,0.107103705
26.75,84.0,0.92158926,0.078410745
26.75,84.25,0.9256722,0.07432783
26.75,84.5,0.9188808,0.08111918
26.75,84.75,0.9256795,0.074320495
26.75,85.0,0.92343265,0.07656735
26.75,85.25,0.9387465,0.061253488
26.75,85.5,0.94988245,0.050117552
26.75,85.75,0.95054054,0.049459457
26.75,86.0,0.94356424,0.056435764
26.75,86.25,0.8732102,0.12678981
26.75,86.5,0.8984229,0.1015771
26.75,86.75,0.94784707,0.05215293
26.75,87.0,0.9507027,0.049297273
26.75,87.25,0.94931036,0.050689638
26.75,87.5,0.94287384,0.057126164
26.75,87.75,0.94533527,0.05466473
26.75,88.0,0.94784707,0.05215293
26.75,88.25,0.95054054,0.049459457
26.75,88.5,0.95054054,0.049459457
26.75,88.75,0.95042187,0.04957813
26.75,89.0,0.95042187,0.04957813
26.75,89.25,0.95054054,0.049459457
26.75,89.5,0.9470524,0.05294758
26.75,89.75,0.9430106,0.05698937
26.75,90.0,0.9389087,0.061091304
26.75,90.25,0.91827375,0.08172625
26.75,90.5,0.8911152,0.10888481
26.75,90.75,0.9133608,0.086639225
26.75,91.0,0.9154391,0.08456087
26.75,91.25,0.8802761,0.119723916
26.75,91.5,0.84281504,0.15718496
26.75,91.75,0.845248,0.15475202
26.75,92.0,0.8497603,0.1502397
26.75,92.25,0.8712867,0.12871331
26.75,92.5,0.94533527,0.05466473
26.75,92.75,0.9507027,0.049297273
26.75,93.0,0.9507027,0.049297273
26.75,93.25,0.93409044,0.065909564
26.75,93.5,0.91514397,0.08485603
26.75,93.75,0.94533527,0.05466473
26.75,94.0,0.9507027,0.049297273
26.75,94.25,0.9369065,0.06309348
26.75,94.5,0.88664997,0.113350034
26.75,94.75,0.9256722,0.07432783
26.75,95.0,0.9154318,0.0845682
26.75,95.25,0.9199026,0.08009738
26.75,95.5,0.9121655,0.08783448
26.75,95.75,0.89204663,0.10795337
26.75,96.0,0.84903127,0.15096873
27.0,68.0,0.81598914,0.18401086
27.0,68.25,0.7990688,0.20093119
27.0,68.5,0.49936217,0.5006378
27.0,68.75,0.49936217,0.5006378
27.0,69.0,0.49936217,0.5006378
27.0,69.25,0.49936217,0.5006378
27.0,69.5,0.49936217,0.5006378
27.0,69.75,0.49936217,0.5006378
27.0,70.0,0.49936217,0.5006378
27.0,70.25,0.49936217,0.5006378
27.0,70.5,0.49936217,0.5006378
27.0,70.75,0.49936217,0.5006378
27.0,71.0,0.49936217,0.5006378
27.0,71.25,0.49936217,0.5006378
27.0,71.5,0.4991181,0.5008819
27.0,71.75,0.4991181,0.5008819
27.0,72.0,0.4991181,0.5008819
27.0,72.25,0.4991181,0.5008819
27.0,72.5,0.83495975,0.16504025
27.0,72.75,0.86592036,0.13407964
27.0,73.0,0.8477498,0.15225017
27.0,73.25,0.7955593,0.20444071
27.0,73.5,0.7937838,0.20621622
27.0,73.75,0.82843363,0.17156637
27.0,74.0,0.8231335,0.17686647
27.0,74.25,0.8040688,0.1959312
27.0,74.5,0.21025875,0.7897413
27.0,74.75,0.21049169,0.78950834
27.0,75.0,0.80402803,0.19597197
27.0,75.25,0.8038922,0.1961078
27.0,75.5,0.79735136,0.20264864
27.0,75.75,0.20803808,0.7919619
27.0,76.0,0.8003008,0.19969922
27.0,76.25,0.81067884,0.18932116
27.0,76.5,0.8112412,0.18875879
27.0,76.75,0.8714709,0.12852907
27.0,77.0,0.9004493,0.099550724
27.0,77.25,0.8285191,0.1714809
27.0,77.5,0.856578,0.14342201
27.0,77.75,0.8204699,0.17953008
27.0,78.0,0.87826973,0.12173027
27.0,78.25,0.92449087,0.07550913
27.0,78.5,0.94791424,0.052085757
27.0,78.75,0.95077723,0.049222767
27.0,79.0,0.92649144,0.07350856
27.0,79.25,0.8506135,0.14938653
27.0,79.5,0.87119746,0.12880254
27.0,79.75,0.85862184,0.14137816
27.0,80.0,0.8732716,0.12672842
27.0,80.25,0.83924025,0.16075975
27.0,80.5,0.8452069,0.15479308
27.0,80.75,0.8825139,0.11748612
27.0,81.0,0.86695147,0.13304853
27.0,81.25,0.8479794,0.15202057
27.0,81.5,0.8626546,0.13734537
27.0,81.75,0.8870924,0.11290759
27.0,82.0,0.9167374,0.08326262
27.0,82.25,0.93141353,0.06858647
27.0,82.5,0.9304966,0.06950343
27.0,82.75,0.90519977,0.094800234
27.0,83.0,0.881914,0.11808598
27.0,83.25,0.8820182,0.11798179
27.0,83.5,0.9037861,0.09621388
27.0,83.75,0.91100276,0.088997245
27.0,84.0,0.90846765,0.09153235
27.0,84.25,0.9133608,0.086639225
27.0,84.5,0.88247377,0.11752623
27.0,84.75,0.86451584,0.13548416
27.0,85.0,0.8625801,0.13741988
27.0,85.25,0.91164076,0.08835924
27.0,85.5,0.9450363,0.054963708
27.0,85.75,0.95042187,0.04957813
27.0,86.0,0.9475916,0.052408397
27.0,86.25,0.9386097,0.06139028
27.0,86.5,0.9451731,0.054826915
27.0,86.75,0.94787246,0.05212754
27.0,87.0,0.9449176,0.05508238
27.0,87.25,0.94847864,0.05152136
27.0,87.5,0.94079405,0.05920595
27.0,87.75,0.93120223,0.06879777
27.0,88.0,0.91570467,0.08429533
27.0,88.25,0.9376422,0.062357783
27.0,88.5,0.94287384,0.057126164
27.0,88.75,0.93823427,0.06176573
27.0,89.0,0.936737,0.063263
27.0,89.25,0.92556083,0.07443917
27.0,89.5,0.8800035,0.11999649
27.0,89.75,0.8507635,0.1492365
27.0,90.0,0.8919391,0.1080609
27.0,90.25,0.8927159,0.10728413
27.0,90.5,0.8932405,0.10675949
27.0,90.75,0.8768745,0.12312549
27.0,91.0,0.92145246,0.07854754
27.0,91.25,0.90035653,0.09964347
27.0,91.5,0.8549895,0.14501047
27.0,91.75,0.8148417,0.18515831
27.0,92.0,0.83926785,0.16073215
27.0,92.25,0.88441277,0.115587234
27.0,92.5,0.9255354,0.07446462
27.0,92.75,0.93674433,0.06325567
27.0,93.0,0.9387392,0.06126082
27.0,93.25,0.9152696,0.08473039
27.0,93.5,0.8820182,0.11798179
27.0,93.75,0.9037861,0.09621388
27.0,94.0,0.9304966,0.06950343
27.0,94.25,0.9130812,0.08691877
27.0,94.5,0.8989278,0.10107219
27.0,94.75,0.9304966,0.06950343
27.0,95.0,0.92871463,0.07128537
27.0,95.25,0.90534157,0.094658434
27.0,95.5,0.92343265,0.07656735
27.0,95.75,0.936737,0.063263
27.0,96.0,0.90846765,0.09153235
27.25,68.0,0.49936217,0.5006378
27.25,68.25,0.49936217,0.5006378
27.25,68.5,0.49936217,0.5006378
27.25,68.75,0.49936217,0.5006378
27.25,69.0,0.49936217,0.5006378
27.25,69.25,0.49936217,0.5006378
27.25,69.5,0.49936217,0.5006378
27.25,69.75,0.49936217,0.5006378
27.25,70.0,0.49936217,0.5006378
27.25,70.25,0.49936217,0.5006378
27.25,70.5,0.49936217,0.5006378
27.25,70.75,0.49936217,0.5006378
27.25,71.0,0.49936217,0.5006378
27.25,71.25,0.49936217,0.5006378
27.25,71.5,0.4991181,0.5008819
27.25,71.75,0.4991181,0.5008819
27.25,72.0,0.4991181,0.5008819
27.25,72.25,0.4991181,0.5008819
27.25,72.5,0.8477498,0.15225017
27.25,72.75,0.876183,0.12381703
27.25,73.0,0.84789616,0.15210384
27.25,73.25,0.79401577,0.20598423
27.25,73.5,0.21496399,0.785036
27.25,73.75,0.8028923,0.19710767
27.25,74.0,0.80857146,0.19142854
27.25,74.25,0.21070763,0.78929234
27.25,74.5,0.20938039,0.7906196
27.25,74.75,0.2099833,0.7900167
27.25,75.0,0.80379975,0.19620025
27.25,75.25,0.7972103,0.20278972
27.25,75.5,0.2092157,0.7907843
27.25,75.75,0.20786606,0.7921339
27.25,76.0,0.20624633,0.7937537
27.25,76.25,0.8002511,0.19974887
27.25,76.5,0.8048759,0.19512409
27.25,76.75,0.8283692,0.1716308
27.25,77.0,0.85555476,0.14444524
27.25,77.25,0.8486811,0.15131891
27.25,77.5,0.8834924,0.11650759
27.25,77.75,0.8356426,0.16435742
27.25,78.0,0.9054161,0.09458393
27.25,78.25,0.9368115,0.06318849
27.25,78.5,0.9469574,0.05304259
27.25,78.75,0.95077723,0.049222767
27.25,79.0,0.95077723,0.049222767
27.25,79.25,0.9151841,0.08481592
27.25,79.5,0.8289942,0.17100579
27.25,79.75,0.8420844,0.15791559
27.25,80.0,0.8821943,0.11780572
27.25,80.25,0.8995294,0.1004706
27.25,80.5,0.9161149,0.08388507
27.25,80.75,0.89509434,0.104905665
27.25,81.0,0.80415076,0.19584924
27.25,81.25,0.8564325,0.1435675
27.25,81.5,0.8841181,0.11588192
27.25,81.75,0.91834825,0.08165175
27.25,82.0,0.9440564,0.05594361
27.25,82.25,0.9430778,0.056922197
27.25,82.5,0.94533527,0.05466473
27.25,82.75,0.9470524,0.05294758
27.25,83.0,0.9295337,0.07046628
27.25,83.25,0.8930723,0.10692769
27.25,83.5,0.9008303,0.09916967
27.25,83.75,0.90519977,0.094800234
27.25,84.0,0.86930025,0.13069975
27.25,84.25,0.8509177,0.1490823
27.25,84.5,0.8567858,0.14321423
27.25,84.75,0.88748807,0.11251193
27.25,85.0,0.92593724,0.074062765
27.25,85.25,0.8880959,0.111904085
27.25,85.5,0.93571514,0.06428486
27.25,85.75,0.94800925,0.051990747
27.25,86.0,0.9498751,0.050124884
27.25,86.25,0.9477103,0.052289724
27.25,86.5,0.9451985,0.054801524
27.25,86.75,0.94783974,0.052160263
27.25,87.0,0.93862784,0.06137216
27.25,87.25,0.9505332,0.04946679
27.25,87.5,0.9431728,0.056827188
27.25,87.75,0.9505332,0.04946679
27.25,88.0,0.941093,0.058906972
27.25,88.25,0.9292856,0.070714414
27.25,88.5,0.93409044,0.065909564
27.25,88.75,0.8744357,0.12556428
27.25,89.0,0.8286184,0.1713816
27.25,89.25,0.8187851,0.18121493
27.25,89.5,0.81425464,0.18574536
27.25,89.75,0.8353957,0.1646043
27.25,90.0,0.8103718,0.18962818
27.25,90.25,0.8252366,0.17476338
27.25,90.5,0.81475914,0.18524086
27.25,90.75,0.81024796,0.18975204
27.25,91.0,0.81525064,0.18474936
27.25,91.25,0.84554446,0.15445554
27.25,91.5,0.84784,0.15215999
27.25,91.75,0.83516204,0.16483796
27.25,92.0,0.8645869,0.13541311
27.25,92.25,0.87095886,0.12904114
27.25,92.5,0.89688534,0.103114665
27.25,92.75,0.8745206,0.1254794
27.25,93.0,0.869853,0.13014698
27.25,93.25,0.8181496,0.18185037
27.25,93.5,0.8106727,0.1893273
27.25,93.75,0.83577424,0.16422576
27.25,94.0,0.86209303,0.13790697
27.25,94.25,0.9178182,0.08218181
27.25,94.5,0.93482584,0.06517416
27.25,94.75,0.9430033,0.056996703
27.25,95.0,0.9387392,0.06126082
27.25,95.25,0.91827375,0.08172625
27.25,95.5,0.8856324,0.114367604
27.25,95.75,0.9126211,0.08737892
27.25,96.0,0.89889777,0.10110223
27.5,68.0,0.49936217,0.5006378
27.5,68.25,0.49936217,0.5006378
27.5,68.5,0.49936217,0.5006378
27.5,68.75,0.49936217,0.5006378
27.5,69.0,0.49936217,0.5006378
27.5,69.25,0.49936217,0.5006378
27.5,69.5,0.49936217,0.5006378
27.5,69.75,0.49936217,0.5006378
27.5,70.0,0.49936217,0.5006378
27.5,70.25,0.49936217,0.5006378
27.5,70.5,0.49936217,0.5006378
27.5,70.75,0.49936217,0.5006378
27.5,71.0,0.49936217,0.5006378
27.5,71.25,0.49936217,0.5006378
27.5,71.5,0.4991181,0.5008819
27.5,71.75,0.4991181,0.5008819
27.5,72.0,0.4991181,0.5008819
27.5,72.25,0.796263,0.20373702
27.5,72.5,0.8477498,0.15225017
27.5,72.75,0.85317487,0.14682513
27.5,73.0,0.81388646,0.18611354
27.5,73.25,0.7937838,0.20621622
27.5,73.5,0.21286555,0.78713447
27.5,73.75,0.22506255,0.77493745
27.5,74.0,0.49858892,0.5014111
27.5,74.25,0.49886385,0.5011362
27.5,74.5,0.21776497,0.782235
27.5,74.75,0.8035247,0.19647533
27.5,75.0,0.80379975,0.19620025
27.5,75.25,0.21052329,0.7894767
27.5,75.5,0.20934963,0.79065037
27.5,75.75,0.20756932,0.7924307
27.5,76.0,0.20577757,0.7942224
27.5,76.25,0.20888494,0.79111505
27.5,76.5,0.20879029,0.7912097
27.5,76.75,0.8048759,0.19512409
27.5,77.0,0.8486811,0.15131891
27.5,77.25,0.86400676,0.13599324
27.5,77.5,0.89942783,0.10057217
27.5,77.75,0.86693764,0.13306236
27.5,78.0,0.9134353,0.08656472
27.5,78.25,0.9388137,0.061186314
27.5,78.5,0.95011914,0.049880862
27.5,78.75,0.95077723,0.049222767
27.5,79.0,0.95077723,0.049222767
27.5,79.25,0.9508788,0.0491212
27.5,79.5,0.9315151,0.0684849
27.5,79.75,0.9369131,0.06308693
27.5,80.0,0.94551134,0.05448866
27.5,80.25,0.9338558,0.06614423
27.5,80.5,0.9452305,0.054769516
27.5,80.75,0.93415517,0.065844834
27.5,81.0,0.8454892,0.1545108
27.5,81.25,0.9038606,0.09613937
27.5,81.5,0.9088395,0.091160476
27.5,81.75,0.8929708,0.1070292
27.5,82.0,0.89515495,0.10484505
27.5,82.25,0.90672094,0.09327906
27.5,82.5,0.9336797,0.0663203
27.5,82.75,0.94093084,0.059069157
27.5,83.0,0.91769576,0.08230424
27.5,83.25,0.9052071,0.0947929
27.5,83.5,0.91655153,0.08344847
27.5,83.75,0.8422298,0.15777022
27.5,84.0,0.85068834,0.14931166
27.5,84.25,0.91710174,0.08289826
27.5,84.5,0.92474246,0.07525754
27.5,84.75,0.8920702,0.107929826
27.5,85.0,0.9231772,0.07682282
27.5,85.25,0.91311264,0.08688736
27.5,85.5,0.92709965,0.072900355
27.5,85.75,0.9386024,0.061397612
27.5,86.0,0.93648887,0.06351113
27.5,86.25,0.94516575,0.054834247
27.5,86.5,0.93758583,0.06241417
27.5,86.75,0.9304966,0.06950343
27.5,87.0,0.92970324,0.070296764
27.5,87.25,0.92556083,0.07443917
27.5,87.5,0.9172639,0.082736075
27.5,87.75,0.907735,0.09226501
27.5,88.0,0.89847225,0.10152775
27.5,88.25,0.8562538,0.1437462
27.5,88.5,0.8833003,0.116699696
27.5,88.75,0.81884766,0.18115234
27.5,89.0,0.81071466,0.18928534
27.5,89.25,0.8053345,0.19466549
27.5,89.5,0.8252366,0.17476338
27.5,89.75,0.8730955,0.12690449
27.5,90.0,0.8109551,0.1890449
27.5,90.25,0.8562179,0.14378208
27.5,90.5,0.8314614,0.16853857
27.5,90.75,0.81955355,0.18044645
27.5,91.0,0.86648154,0.13351846
27.5,91.25,0.87062186,0.12937814
27.5,91.5,0.85899353,0.14100647
27.5,91.75,0.8478134,0.15218657
27.5,92.0,0.84221786,0.15778214
27.5,92.25,0.8734649,0.12653512
27.5,92.5,0.87142295,0.12857705
27.5,92.75,0.90534157,0.094658434
27.5,93.0,0.9247351,0.07526487
27.5,93.25,0.83949757,0.16050243
27.5,93.5,0.8712867,0.12871331
27.5,93.75,0.88748807,0.11251193
27.5,94.0,0.88870907,0.11129093
27.5,94.25,0.93660754,0.06339246
27.5,94.5,0.9498751,0.050124884
27.5,94.75,0.9505332,0.04946679
27.5,95.0,0.94516575,0.054834247
27.5,95.25,0.9172639,0.082736075
27.5,95.5,0.83876854,0.16123146
27.5,95.75,0.9024596,0.09754038
27.5,96.0,0.86451423,0.13548577
27.75,68.0,0.49936217,0.5006378
27.75,68.25,0.49936217,0.5006378
27.75,68.5,0.49936217,0.5006378
27.75,68.75,0.49936217,0.5006378
27.75,69.0,0.49936217,0.5006378
27.75,69.25,0.49936217,0.5006378
27.75,69.5,0.49936217,0.5006378
27.75,69.75,0.49936217,0.5006378
27.75,70.0,0.49936217,0.5006378
27.75,70.25,0.49936217,0.5006378
27.75,70.5,0.49936217,0.5006378
27.75,70.75,0.49936217,0.5006378
27.75,71.0,0.49936217,0.5006378
27.75,71.25,0.49936217,0.5006378
27.75,71.5,0.4991181,0.5008819
27.75,71.75,0.4991181,0.5008819
27.75,72.0,0.22167812,0.77832186
27.75,72.25,0.21039993,0.7896001
27.75,72.5,0.81711054,0.18288946
27.75,72.75,0.82358587,0.17641413
27.75,73.0,0.7961932,0.20380682
27.75,73.25,0.7937838,0.20621622
27.75,73.5,0.21522546,0.78477454
27.75,73.75,0.21089068,0.78910935
27.75,74.0,0.22526619,0.7747338
27.75,74.25,0.49886385,0.5011362
27.75,74.5,0.7925803,0.2074197
27.75,74.75,0.7953964,0.20460361
27.75,75.0,0.21098417,0.7890158
27.75,75.25,0.21085392,0.78914607
27.75,75.5,0.21078476,0.7892152
27.75,75.75,0.20756932,0.7924307
27.75,76.0,0.20687753,0.7931225
27.75,76.25,0.20841618,0.79158384
27.75,76.5,0.20888494,0.79111505
27.75,76.75,0.8014812,0.19851881
27.75,77.0,0.8688028,0.13119721
27.75,77.25,0.9038606,0.09613937
27.75,77.5,0.8990023,0.10099769
27.75,77.75,0.87073016,0.12926984
27.75,78.0,0.9155063,0.0844937
27.75,78.25,0.91107726,0.08892274
27.75,78.5,0.93141353,0.06858647
27.75,78.75,0.94019556,0.05980444
27.75,79.0,0.95077723,0.049222767
27.75,79.25,0.9508788,0.0491212
27.75,79.5,0.9488242,0.051175773
27.75,79.75,0.9433489,0.056651115
27.75,80.0,0.9507166,0.049283385
27.75,80.25,0.93807375,0.061926246
27.75,80.5,0.9507166,0.049283385
27.75,80.75,0.94866204,0.051337957
27.75,81.0,0.9088395,0.091160476
27.75,81.25,0.91623473,0.08376527
27.75,81.5,0.9078095,0.092190504
27.75,81.75,0.8985285,0.10147148
27.75,82.0,0.8857069,0.1142931
27.75,82.25,0.85882,0.14117998
27.75,82.5,0.9085169,0.091483116
27.75,82.75,0.9156834,0.08431661
27.75,83.0,0.8897936,0.110206425
27.75,83.25,0.8939995,0.10600048
27.75,83.5,0.90495163,0.09504837
27.75,83.75,0.9196545,0.08034551
27.75,84.0,0.8800206,0.11997938
27.75,84.25,0.90830547,0.091694534
27.75,84.5,0.91755897,0.08244103
27.75,84.75,0.9357078,0.06429219
27.75,85.0,0.94783974,0.052160263
27.75,85.25,0.94516575,0.054834247
27.75,85.5,0.9431728,0.056827188
27.75,85.75,0.9470524,0.05294758
27.75,86.0,0.94207996,0.05792004
27.75,86.25,0.941093,0.058906972
27.75,86.5,0.89639264,0.10360736
27.75,86.75,0.8475747,0.15242529
27.75,87.0,0.907735,0.09226501
27.75,87.25,0.8703393,0.12966073
27.75,87.5,0.83102685,0.16897315
27.75,87.75,0.8246939,0.17530608
27.75,88.0,0.80376035,0.19623965
27.75,88.25,0.84170127,0.15829873
27.75,88.5,0.8239277,0.1760723
27.75,88.75,0.80394524,0.19605476
27.75,89.0,0.81895804,0.18104196
27.75,89.25,0.84503704,0.15496296
27.75,89.5,0.908765,0.09123498
27.75,89.75,0.858673,0.14132702
27.75,90.0,0.8421358,0.15786421
27.75,90.25,0.83875716,0.16124284
27.75,90.5,0.84503704,0.15496296
27.75,90.75,0.8395664,0.16043359
27.75,91.0,0.8946249,0.10537511
27.75,91.25,0.89905435,0.10094565
27.75,91.5,0.86265033,0.13734967
27.75,91.75,0.8281675,0.1718325
27.75,92.0,0.8032617,0.1967383
27.75,92.25,0.7974676,0.20253241
27.75,92.5,0.8108846,0.1891154
27.75,92.75,0.8567142,0.14328581
27.75,93.0,0.90617263,0.09382737
27.75,93.25,0.85034555,0.14965445
27.75,93.5,0.931339,0.068660975
27.75,93.75,0.941515,0.05848497
27.75,94.0,0.93409044,0.065909564
27.75,94.25,0.9389087,0.061091304
27.75,94.5,0.93425995,0.06574005
27.75,94.75,0.931339,0.068660975
27.75,95.0,0.93120307,0.06879693
27.75,95.25,0.9387392,0.06126082
27.75,95.5,0.9304966,0.06950343
27.75,95.75,0.90365016,0.096349835
27.75,96.0,0.85874015,0.14125985
28.0,68.0,0.49936217,0.5006378
28.0,68.25,0.49936217,0.5006378
28.0,68.5,0.49936217,0.5006378
28.0,68.75,0.49936217,0.5006378
28.0,69.0,0.49936217,0.5006378
28.0,69.25,0.49936217,0.5006378
28.0,69.5,0.49936217,0.5006378
28.0,69.75,0.49936217,0.5006378
28.0,70.0,0.49936217,0.5006378
28.0,70.25,0.49936217,0.5006378
28.0,70.5,0.49936217,0.5006378
28.0,70.75,0.49936217,0.5006378
28.0,71.0,0.49936217,0.5006378
28.0,71.25,0.49936217,0.5006378
28.0,71.5,0.4991181,0.5008819
28.0,71.75,0.4991181,0.5008819
28.0,72.0,0.22167812,0.77832186
28.0,72.25,0.21039993,0.7896001
28.0,72.5,0.79401577,0.20598423
28.0,72.75,0.8166582,0.1833418
28.0,73.0,0.79548717,0.20451283
28.0,73.25,0.8081191,0.19188088
28.0,73.5,0.21227306,0.78772694
28.0,73.75,0.20939876,0.79060125
28.0,74.0,0.20939876,0.79060125
28.0,74.25,0.4990675,0.5009325
28.0,74.5,0.7937838,0.20621622
28.0,74.75,0.7977308,0.2022692
28.0,75.0,0.21059245,0.78940755
28.0,75.25,0.21199518,0.7880048
28.0,75.5,0.21059245,0.78940755
28.0,75.75,0.20955408,0.7904459
28.0,76.0,0.7993927,0.2006073
28.0,76.25,0.8111671,0.18883288
28.0,76.5,0.8002511,0.19974887
28.0,76.75,0.81962514,0.18037486
28.0,77.0,0.8587475,0.14125252
28.0,77.25,0.9134353,0.08656472
28.0,77.5,0.8988401,0.10115987
28.0,77.75,0.8317975,0.16820252
28.0,78.0,0.89073414,0.109265864
28.0,78.25,0.8505119,0.14948809
28.0,78.5,0.86650336,0.13349664
28.0,78.75,0.8946994,0.105300605
28.0,79.0,0.9249464,0.07505357
28.0,79.25,0.9508788,0.0491212
28.0,79.5,0.9508788,0.0491212
28.0,79.75,0.9508788,0.0491212
28.0,80.0,0.9508788,0.0491212
28.0,80.25,0.93067265,0.069327354
28.0,80.5,0.9470663,0.052933693
28.0,80.75,0.94802314,0.05197686
28.0,81.0,0.9451108,0.054889202
28.0,81.25,0.94858587,0.051414132
28.0,81.5,0.95077723,0.049222767
28.0,81.75,0.95047826,0.049521744
28.0,82.0,0.948305,0.05169499
28.0,82.25,0.9244415,0.07555848
28.0,82.5,0.92389774,0.07610226
28.0,82.75,0.9292856,0.070714414
28.0,83.0,0.9161602,0.083839774
28.0,83.25,0.9086282,0.091371775
28.0,83.5,0.9174403,0.082559705
28.0,83.75,0.93849105,0.061508954
28.0,84.0,0.9304966,0.06950343
28.0,84.25,0.8715455,0.1284545
28.0,84.5,0.92158926,0.078410745
28.0,84.75,0.9389087,0.061091304
28.0,85.0,0.94931036,0.050689638
28.0,85.25,0.9507027,0.049297273
28.0,85.5,0.9248719,0.07512808
28.0,85.75,0.9304966,0.06950343
28.0,86.0,0.94675344,0.053246558
28.0,86.25,0.9057971,0.094202876
28.0,86.5,0.8447275,0.15527248
28.0,86.75,0.8277411,0.17225891
28.0,87.0,0.81741935,0.18258065
28.0,87.25,0.82471824,0.17528176
28.0,87.5,0.81827617,0.18172383
28.0,87.75,0.8139757,0.18602431
28.0,88.0,0.2081578,0.7918422
28.0,88.25,0.8100965,0.1899035
28.0,88.5,0.8139757,0.18602431
28.0,88.75,0.7982648,0.2017352
28.0,89.0,0.8039707,0.1960293
28.0,89.25,0.8245521,0.17544788
28.0,89.5,0.88407576,0.11592424
28.0,89.75,0.8282882,0.1717118
28.0,90.0,0.825347,0.174653
28.0,90.25,0.79859656,0.20140344
28.0,90.5,0.81882226,0.18117774
28.0,90.75,0.8505731,0.14942688
28.0,91.0,0.8911152,0.10888481
28.0,91.25,0.8246663,0.17533368
28.0,91.5,0.81457275,0.18542725
28.0,91.75,0.814368,0.18563199
28.0,92.0,0.8034923,0.19650769
28.0,92.25,0.20687221,0.7931278
28.0,92.5,0.80346686,0.19653314
28.0,92.75,0.83193225,0.16806775
28.0,93.0,0.83527243,0.16472757
28.0,93.25,0.8880959,0.111904085
28.0,93.5,0.9256722,0.07432783
28.0,93.75,0.936737,0.063263
28.0,94.0,0.9304966,0.06950343
28.0,94.25,0.94533527,0.05466473
28.0,94.5,0.93150854,0.06849146
28.0,94.75,0.87651527,0.12348473
28.0,95.0,0.89065963,0.10934037
28.0,95.25,0.93409044,0.065909564
28.0,95.5,0.94012105,0.059878945
28.0,95.75,0.9231458,0.07685423
28.0,96.0,0.8704867,0.12951332
28.25,68.0,0.49936217,0.5006378
28.25,68.25,0.49936217,0.5006378
28.25,68.5,0.49936217,0.5006378
28.25,68.75,0.49936217,0.5006378
28.25,69.0,0.49936217,0.5006378
28.25,69.25,0.49936217,0.5006378
28.25,69.5,0.49936217,0.5006378
28.25,69.75,0.49936217,0.5006378
28.25,70.0,0.49936217,0.5006378
28.25,70.25,0.49936217,0.5006378
28.25,70.5,0.49936217,0.5006378
28.25,70.75,0.49936217,0.5006378
28.25,71.0,0.49936217,0.5006378
28.25,71.25,0.49936217,0.5006378
28.25,71.5,0.4991181,0.5008819
28.25,71.75,0.4991181,0.5008819
28.25,72.0,0.22224669,0.7777533
28.25,72.25,0.21355863,0.7864414
28.25,72.5,0.2138201,0.7861799
28.25,72.75,0.7949262,0.20507377
28.25,73.0,0.20877235,0.79122764
28.25,73.25,0.20928103,0.790719
28.25,73.5,0.21496399,0.785036
28.25,73.75,0.20939876,0.79060125
28.25,74.0,0.21317533,0.7868247
28.25,74.25,0.7959689,0.20403111
28.25,74.5,0.8032964,0.19670361
28.25,74.75,0.7971103,0.20288968
28.25,75.0,0.209569,0.790431
28.25,75.25,0.20999996,0.79
28.25,75.5,0.21723782,0.78276217
28.25,75.75,0.21029377,0.78970623
28.25,76.0,0.79820657,0.20179343
28.25,76.25,0.8098762,0.1901238
28.25,76.5,0.2073973,0.7926027
28.25,76.75,0.80423963,0.19576037
28.25,77.0,0.8151585,0.18484151
28.25,77.25,0.86693764,0.13306236
28.25,77.5,0.86432344,0.13567656
28.25,77.75,0.8191666,0.1808334
28.25,78.0,0.85854936,0.14145064
28.25,78.25,0.86650336,0.13349664
28.25,78.5,0.8820927,0.117907286
28.25,78.75,0.9234998,0.07650018
28.25,79.0,0.9305711,0.06942892
28.25,79.25,0.9316846,0.06831539
28.25,79.5,0.9507166,0.049283385
28.25,79.75,0.9507166,0.049283385
28.25,80.0,0.9507166,0.049283385
28.25,80.25,0.94534916,0.054650843
28.25,80.5,0.9370826,0.06291741
28.25,80.75,0.9174473,0.08255267
28.25,81.0,0.89926565,0.10073435
28.25,81.25,0.8911897,0.108810306
28.25,81.5,0.9199771,0.08002287
28.25,81.75,0.9368115,0.06318849
28.25,82.0,0.9431105,0.056889474
28.25,82.25,0.9305711,0.06942892
28.25,82.5,0.914958,0.085042
28.25,82.75,0.9159315,0.08406848
28.25,83.0,0.9107546,0.08924538
28.25,83.25,0.9146884,0.08531159
28.25,83.5,0.933961,0.066039026
28.25,83.75,0.9409235,0.059076488
28.25,84.0,0.8956318,0.10436821
28.25,84.25,0.81926507,0.18073493
28.25,84.5,0.870339,0.12966102
28.25,84.75,0.8941461,0.105853915
28.25,85.0,0.9498751,0.050124884
28.25,85.25,0.9507027,0.049297273
28.25,85.5,0.9428665,0.057133496
28.25,85.75,0.9500283,0.0499717
28.25,86.0,0.93823427,0.06176573
28.25,86.25,0.89086705,0.109132946
28.25,86.5,0.8096283,0.19037169
28.25,86.75,0.8036467,0.19635332
28.25,87.0,0.8188061,0.18119389
28.25,87.25,0.79935974,0.20064026
28.25,87.5,0.797739,0.20226097
28.25,87.75,0.20757096,0.79242903
28.25,88.0,0.20882958,0.7911704
28.25,88.25,0.20777227,0.79222775
28.25,88.5,0.20793507,0.7920649
28.25,88.75,0.20802051,0.7919795
28.25,89.0,0.20787023,0.79212976
28.25,89.25,0.20875058,0.7912494
28.25,89.5,0.81004006,0.18995994
28.25,89.75,0.7982648,0.2017352
28.25,90.0,0.7981531,0.2018469
28.25,90.25,0.789261,0.21073902
28.25,90.5,0.7979692,0.20203078
28.25,90.75,0.82468146,0.17531854
28.25,91.0,0.8565773,0.14342272
28.25,91.25,0.80442923,0.19557077
28.25,91.5,0.79734296,0.20265704
28.25,91.75,0.79766256,0.20233744
28.25,92.0,0.7969387,0.20306128
28.25,92.25,0.8038972,0.1961028
28.25,92.5,0.8145751,0.18542492
28.25,92.75,0.8189248,0.18107522
28.25,93.0,0.8315363,0.1684637
28.25,93.25,0.8314282,0.16857183
28.25,93.5,0.8562931,0.14370692
28.25,93.75,0.8840815,0.11591852
28.25,94.0,0.91755164,0.08244836
28.25,94.25,0.91100276,0.088997245
28.25,94.5,0.91497624,0.08502376
28.25,94.75,0.9387465,0.061253488
28.25,95.0,0.93425995,0.06574005
28.25,95.25,0.887574,0.11242598
28.25,95.5,0.89919114,0.10080886
28.25,95.75,0.9176884,0.08231157
28.25,96.0,0.83916736,0.16083264
28.5,68.0,0.49936217,0.5006378
28.5,68.25,0.49936217,0.5006378
28.5,68.5,0.49936217,0.5006378
28.5,68.75,0.49936217,0.5006378
28.5,69.0,0.49936217,0.5006378
28.5,69.25,0.49936217,0.5006378
28.5,69.5,0.49936217,0.5006378
28.5,69.75,0.49936217,0.5006378
28.5,70.0,0.49936217,0.5006378
28.5,70.25,0.49936217,0.5006378
28.5,70.5,0.49936217,0.5006378
28.5,70.75,0.49936217,0.5006378
28.5,71.0,0.49936217,0.5006378
28.5,71.25,0.49936217,0.5006378
28.5,71.5,0.4991181,0.5008819
28.5,71.75,0.22169004,0.77830994
28.5,72.0,0.21551625,0.78448373
28.5,72.25,0.21355863,0.7864414
28.5,72.5,0.21294647,0.7870535
28.5,72.75,0.21007219,0.78992784
28.5,73.0,0.20931233,0.7906877
28.5,73.25,0.20897205,0.79102796
28.5,73.5,0.22299902,0.77700096
28.5,73.75,0.49858892,0.5014111
28.5,74.0,0.22839145,0.77160853
28.5,74.25,0.21350108,0.7864989
28.5,74.5,0.20878643,0.7912136
28.5,74.75,0.20982456,0.79017544
28.5,75.0,0.20999996,0.79
28.5,75.25,0.7967815,0.20321852
28.5,75.5,0.21013021,0.7898698
28.5,75.75,0.21029377,0.78970623
28.5,76.0,0.210228,0.78977203
28.5,76.25,0.21035554,0.7896445
28.5,76.5,0.2092157,0.7907843
28.5,76.75,0.20773719,0.7922628
28.5,77.0,0.2073973,0.7926027
28.5,77.25,0.79838836,0.20161164
28.5,77.5,0.80407745,0.19592255
28.5,77.75,0.81138176,0.18861824
28.5,78.0,0.81149733,0.18850267
28.5,78.25,0.81962514,0.18037486
28.5,78.5,0.8039446,0.19605541
28.5,78.75,0.8628168,0.13718319
28.5,79.0,0.9242204,0.07577962
28.5,79.25,0.93068,0.06932002
28.5,79.5,0.9184498,0.08155018
28.5,79.75,0.9502207,0.049779296
28.5,80.0,0.9508788,0.0491212
28.5,80.25,0.9508788,0.0491212
28.5,80.5,0.9508788,0.0491212
28.5,80.75,0.947059,0.052941024
28.5,81.0,0.9432473,0.05675268
28.5,81.25,0.9287818,0.07121819
28.5,81.5,0.9305711,0.06942892
28.5,81.75,0.9432473,0.05675268
28.5,82.0,0.94524026,0.05475974
28.5,82.25,0.93416494,0.06583506
28.5,82.5,0.908765,0.09123498
28.5,82.75,0.8536242,0.14637578
28.5,83.0,0.83555746,0.16444254
28.5,83.25,0.84197664,0.15802336
28.5,83.5,0.87032545,0.12967455
28.5,83.75,0.8709038,0.12909621
28.5,84.0,0.8423518,0.1576482
28.5,84.25,0.8504374,0.1495626
28.5,84.5,0.8035845,0.19641548
28.5,84.75,0.8387786,0.16122139
28.5,85.0,0.8948323,0.10516769
28.5,85.25,0.9436829,0.05631709
28.5,85.5,0.92389774,0.07610226
28.5,85.75,0.9154266,0.08457339
28.5,86.0,0.86046404,0.13953596
28.5,86.25,0.81432444,0.18567556
28.5,86.5,0.20337772,0.7966223
28.5,86.75,0.8233605,0.1766395
28.5,87.0,0.8278658,0.17213422
28.5,87.25,0.20544465,0.79455537
28.5,87.5,0.20873092,0.79126906
28.5,87.75,0.20544465,0.79455537
28.5,88.0,0.8036016,0.19639838
28.5,88.25,0.8036016,0.19639838
28.5,88.5,0.80336577,0.19663423
28.5,88.75,0.7986187,0.20138133
28.5,89.0,0.79990244,0.20009756
28.5,89.25,0.20855515,0.79144484
28.5,89.5,0.2095929,0.7904071
28.5,89.75,0.21024024,0.78975976
28.5,90.0,0.20969106,0.79030895
28.5,90.25,0.7984266,0.20157337
28.5,90.5,0.8356343,0.16436571
28.5,90.75,0.81024796,0.18975204
28.5,91.0,0.81495386,0.18504614
28.5,91.25,0.8048426,0.19515741
28.5,91.5,0.20943817,0.7905618
28.5,91.75,0.20895861,0.7910414
28.5,92.0,0.7959785,0.20402151
28.5,92.25,0.8158188,0.18418121
28.5,92.5,0.8035805,0.19641948
28.5,92.75,0.79764074,0.20235926
28.5,93.0,0.81074786,0.18925214
28.5,93.25,0.8148417,0.18515831
28.5,93.5,0.81766087,0.18233913
28.5,93.75,0.8233635,0.17663652
28.5,94.0,0.8508528,0.14914721
28.5,94.25,0.8567142,0.14328581
28.5,94.5,0.9200077,0.079992294
28.5,94.75,0.94012105,0.059878945
28.5,95.0,0.93862784,0.06137216
28.5,95.25,0.8588175,0.14118248
28.5,95.5,0.8318995,0.16810048
28.5,95.75,0.8713043,0.12869573
28.5,96.0,0.8313165,0.16868353
28.75,68.0,0.49936217,0.5006378
28.75,68.25,0.49936217,0.5006378
28.75,68.5,0.49936217,0.5006378
28.75,68.75,0.49936217,0.5006378
28.75,69.0,0.49936217,0.5006378
28.75,69.25,0.49936217,0.5006378
28.75,69.5,0.49936217,0.5006378
28.75,69.75,0.49936217,0.5006378
28.75,70.0,0.49936217,0.5006378
28.75,70.25,0.49936217,0.5006378
28.75,70.5,0.49936217,0.5006378
28.75,70.75,0.49936217,0.5006378
28.75,71.0,0.49936217,0.5006378
28.75,71.25,0.49936217,0.5006378
28.75,71.5,0.4991181,0.5008819
28.75,71.75,0.22225861,0.7777414
28.75,72.0,0.21429144,0.78570855
28.75,72.25,0.20921823,0.79078174
28.75,72.5,0.20981072,0.79018927
28.75,72.75,0.2083384,0.7916616
28.75,73.0,0.21478345,0.78521657
28.75,73.25,0.20981072,0.79018927
28.75,73.5,0.21245432,0.7875457
28.75,73.75,0.20984764,0.7901524
28.75,74.0,0.21332613,0.7866739
28.75,74.25,0.21027835,0.78972167
28.75,74.5,0.21015577,0.7898442
28.75,74.75,0.21035554,0.7896445
28.75,75.0,0.79641354,0.20358646
28.75,75.25,0.80772656,0.19227344
28.75,75.5,0.7955674,0.2044326
28.75,75.75,0.79704404,0.20295596
28.75,76.0,0.20905632,0.7909437
28.75,76.25,0.21035554,0.7896445
28.75,76.5,0.20773719,0.7922628
28.75,76.75,0.20803499,0.791965
28.75,77.0,0.20803176,0.7919682
28.75,77.25,0.20824815,0.79175186
28.75,77.5,0.20775242,0.7922476
28.75,77.75,0.81138176,0.18861824
28.75,78.0,0.80980104,0.19019896
28.75,78.25,0.79919946,0.20080054
28.75,78.5,0.83556473,0.16443527
28.75,78.75,0.84533256,0.15466744
28.75,79.0,0.8397388,0.16026121
28.75,79.25,0.90537584,0.09462416
28.75,79.5,0.9369131,0.06308693
28.75,79.75,0.9288834,0.071116626
28.75,80.0,0.9370826,0.06291741
28.75,80.25,0.9508788,0.0491212
28.75,80.5,0.9508788,0.0491212
28.75,80.75,0.9508788,0.0491212
28.75,81.0,0.95077723,0.049222767
28.75,81.25,0.9452476,0.05475241
28.75,81.5,0.9430778,0.056922197
28.75,81.75,0.9388137,0.061186314
28.75,82.0,0.9438869,0.056113124
28.75,82.25,0.94524026,0.05475974
28.75,82.5,0.9335102,0.066489816
28.75,82.75,0.8966911,0.103308916
28.75,83.0,0.8553663,0.14463371
28.75,83.25,0.8282606,0.1717394
28.75,83.5,0.8278073,0.1721927
28.75,83.75,0.82412475,0.17587525
28.75,84.0,0.8421126,0.1578874
28.75,84.25,0.8499708,0.15002918
28.75,84.5,0.79744005,0.20255995
28.75,84.75,0.834005,0.165995
28.75,85.0,0.8142534,0.18574661
28.75,85.25,0.8423415,0.15765852
28.75,85.5,0.8382908,0.16170919
28.75,85.75,0.2084882,0.7915118
28.75,86.0,0.20559481,0.7944052
28.75,86.25,0.20704,0.79296
28.75,86.5,0.8037203,0.1962797
28.75,86.75,0.8625619,0.13743812
28.75,87.0,0.8727037,0.12729633
28.75,87.25,0.8179595,0.18204051
28.75,87.5,0.8035483,0.19645172
28.75,87.75,0.7979292,0.20207077
28.75,88.0,0.81365687,0.18634313
28.75,88.25,0.81365687,0.18634313
28.75,88.5,0.8418372,0.15816277
28.75,88.75,0.8505875,0.14941251
28.75,89.0,0.85066825,0.14933175
28.75,89.25,0.8007594,0.19924062
28.75,89.5,0.20688295,0.79311705
28.75,89.75,0.8187851,0.18121493
28.75,90.0,0.8278305,0.1721695
28.75,90.25,0.8450261,0.15497392
28.75,90.5,0.8738202,0.12617981
28.75,90.75,0.84743243,0.15256757
28.75,91.0,0.8429178,0.1570822
28.75,91.25,0.8863819,0.113618076
28.75,91.5,0.8659396,0.13406038
28.75,91.75,0.8038088,0.19619119
28.75,92.0,0.8182151,0.18178493
28.75,92.25,0.8343921,0.16560793
28.75,92.5,0.8145751,0.18542492
28.75,92.75,0.7980264,0.20197362
28.75,93.0,0.7980216,0.20197839
28.75,93.25,0.7978586,0.2021414
28.75,93.5,0.79855895,0.20144105
28.75,93.75,0.7980216,0.20197839
28.75,94.0,0.81507546,0.18492454
28.75,94.25,0.8590108,0.14098918
28.75,94.5,0.88967836,0.11032164
28.75,94.75,0.93845963,0.061540365
28.75,95.0,0.9256795,0.074320495
28.75,95.25,0.8354666,0.16453338
28.75,95.5,0.8507619,0.14923811
28.75,95.75,0.8449928,0.15500718
28.75,96.0,0.8421619,0.1578381
29.0,68.0,0.49936217,0.5006378
29.0,68.25,0.49936217,0.5006378
29.0,68.5,0.49936217,0.5006378
29.0,68.75,0.49936217,0.5006378
29.0,69.0,0.49936217,0.5006378
29.0,69.25,0.49936217,0.5006378
29.0,69.5,0.49936217,0.5006378
29.0,69.75,0.21302065,0.7869793
29.0,70.0,0.49936217,0.5006378
29.0,70.25,0.49936217,0.5006378
29.0,70.5,0.49936217,0.5006378
29.0,70.75,0.49936217,0.5006378
29.0,71.0,0.49936217,0.5006378
29.0,71.25,0.49936217,0.5006378
29.0,71.5,0.4991181,0.5008819
29.0,71.75,0.22169004,0.77830994
29.0,72.0,0.21229616,0.7877039
29.0,72.25,0.20877448,0.79122555
29.0,72.5,0.20891955,0.7910805
29.0,72.75,0.20944627,0.79055375
29.0,73.0,0.22178727,0.7782127
29.0,73.25,0.21478345,0.78521657
29.0,73.5,0.22301097,0.77698904
29.0,73.75,0.21332613,0.7866739
29.0,74.0,0.22892062,0.77107936
29.0,74.25,0.22905518,0.77094483
29.0,74.5,0.20942008,0.7905799
29.0,74.75,0.2099833,0.7900167
29.0,75.0,0.20999698,0.790003
29.0,75.25,0.21059245,0.78940755
29.0,75.5,0.80321616,0.19678384
29.0,75.75,0.20917161,0.7908284
29.0,76.0,0.2107227,0.7892773
29.0,76.25,0.2098961,0.7901039
29.0,76.5,0.20882845,0.79117155
29.0,76.75,0.20824815,0.79175186
29.0,77.0,0.20817666,0.7918233
29.0,77.25,0.2073973,0.7926027
29.0,77.5,0.2073973,0.7926027
29.0,77.75,0.8151585,0.18484151
29.0,78.0,0.8456607,0.15433931
29.0,78.25,0.82372046,0.17627954
29.0,78.5,0.81138176,0.18861824
29.0,78.75,0.84533256,0.15466744
29.0,79.0,0.81496614,0.18503386
29.0,79.25,0.8003527,0.1996473
29.0,79.5,0.85884905,0.14115095
29.0,79.75,0.8899586,0.11004138
29.0,80.0,0.90729856,0.092701435
29.0,80.25,0.93084216,0.06915784
29.0,80.5,0.93067265,0.069327354
29.0,80.75,0.9315151,0.0684849
29.0,81.0,0.9296082,0.070391774
29.0,81.25,0.9296082,0.070391774
29.0,81.5,0.94308513,0.056914866
29.0,81.75,0.93416494,0.06583506
29.0,82.0,0.90090483,0.099095166
29.0,82.25,0.91609794,0.08390206
29.0,82.5,0.95040375,0.04959625
29.0,82.75,0.9507027,0.049297273
29.0,83.0,0.8939487,0.106051326
29.0,83.25,0.83750147,0.16249853
29.0,83.5,0.8353607,0.1646393
29.0,83.75,0.81415486,0.18584514
29.0,84.0,0.8104836,0.18951643
29.0,84.25,0.8177984,0.18220162
29.0,84.5,0.20772056,0.7922794
29.0,84.75,0.7976604,0.20233959
29.0,85.0,0.79799324,0.20200676
29.0,85.25,0.20715982,0.7928402
29.0,85.5,0.20735136,0.7926487
29.0,85.75,0.2078164,0.7921836
29.0,86.0,0.798076,0.20192403
29.0,86.25,0.8103034,0.18969661
29.0,86.5,0.8179595,0.18204051
29.0,86.75,0.8939995,0.10600048
29.0,87.0,0.9107546,0.08924538
29.0,87.25,0.8863819,0.113618076
29.0,87.5,0.81764066,0.18235934
29.0,87.75,0.80376506,0.19623494
29.0,88.0,0.83859843,0.16140157
29.0,88.25,0.8742553,0.1257447
29.0,88.5,0.8547242,0.14527577
29.0,88.75,0.82382,0.17618
29.0,89.0,0.8280069,0.17199308
29.0,89.25,0.80058926,0.19941074
29.0,89.5,0.8149838,0.18501621
29.0,89.75,0.8738202,0.12617981
29.0,90.0,0.86712056,0.13287944
29.0,90.25,0.8840815,0.11591852
29.0,90.5,0.91712713,0.08287287
29.0,90.75,0.91779995,0.08220005
29.0,91.0,0.9086282,0.091371775
29.0,91.25,0.9430106,0.05698937
29.0,91.5,0.9387465,0.061253488
29.0,91.75,0.8779709,0.122029126
29.0,92.0,0.8675218,0.13247818
29.0,92.25,0.8666109,0.13338912
29.0,92.5,0.8563066,0.14369339
29.0,92.75,0.8150414,0.18495858
29.0,93.0,0.20654064,0.79345936
29.0,93.25,0.79817533,0.20182467
29.0,93.5,0.7971082,0.20289183
29.0,93.75,0.8032506,0.19674939
29.0,94.0,0.8113729,0.18862712
29.0,94.25,0.8354666,0.16453338
29.0,94.5,0.8421145,0.15788549
29.0,94.75,0.9082088,0.09179121
29.0,95.0,0.907735,0.09226501
29.0,95.25,0.8283039,0.17169613
29.0,95.5,0.8551437,0.14485627
29.0,95.75,0.8448045,0.15519547
29.0,96.0,0.82293844,0.17706156
29.25,68.0,0.49936217,0.5006378
29.25,68.25,0.49936217,0.5006378
29.25,68.5,0.49936217,0.5006378
29.25,68.75,0.49936217,0.5006378
29.25,69.0,0.20970847,0.79029155
29.25,69.25,0.20926982,0.7907302
29.25,69.5,0.20838612,0.7916139
29.25,69.75,0.20750628,0.7924937
29.25,70.0,0.21081792,0.78918207
29.25,70.25,0.49936217,0.5006378
29.25,70.5,0.49936217,0.5006378
29.25,70.75,0.49936217,0.5006378
29.25,71.0,0.49936217,0.5006378
29.25,71.25,0.49936217,0.5006378
29.25,71.5,0.4991181,0.5008819
29.25,71.75,0.4991181,0.5008819
29.25,72.0,0.21551625,0.78448373
29.25,72.25,0.21039993,0.7896001
29.25,72.5,0.20864055,0.7913594
29.25,72.75,0.21209252,0.7879075
29.25,73.0,0.21270892,0.78729105
29.25,73.25,0.49858892,0.5014111
29.25,73.5,0.49838528,0.5016147
29.25,73.75,0.2250745,0.7749255
29.25,74.0,0.79401577,0.20598423
29.25,74.25,0.7937838,0.20621622
29.25,74.5,0.20935431,0.7906457
29.25,74.75,0.21018271,0.7898173
29.25,75.0,0.20955773,0.7904423
29.25,75.25,0.21006276,0.78993726
29.25,75.5,0.21029377,0.78970623
29.25,75.75,0.21035554,0.7896445
29.25,76.0,0.21098417,0.7890158
29.25,76.25,0.2099833,0.7900167
29.25,76.5,0.2099833,0.7900167
29.25,76.75,0.2092157,0.7907843
29.25,77.0,0.2092157,0.7907843
29.25,77.25,0.20882845,0.79117155
29.25,77.5,0.2073973,0.7926027
29.25,77.75,0.20756932,0.7924307
29.25,78.0,0.8040321,0.19596791
29.25,78.25,0.8040321,0.19596791
29.25,78.5,0.79919946,0.20080054
29.25,78.75,0.80407745,0.19592255
29.25,79.0,0.8039446,0.19605541
29.25,79.25,0.8585332,0.1414668
29.25,79.5,0.85629475,0.14370525
29.25,79.75,0.89790255,0.10209745
29.25,80.0,0.9178645,0.0821355
29.25,80.25,0.929573,0.070427
29.25,80.5,0.9200787,0.079921305
29.25,80.75,0.9190569,0.08094311
29.25,81.0,0.92495376,0.07504624
29.25,81.25,0.9365634,0.06343663
29.25,81.5,0.928645,0.071354985
29.25,81.75,0.9187072,0.08129281
29.25,82.0,0.91720897,0.08279103
29.25,82.25,0.92700464,0.072995365
29.25,82.5,0.943036,0.05696398
29.25,82.75,0.95040375,0.04959625
29.25,83.0,0.9082195,0.09178048
29.25,83.25,0.81402016,0.18597984
29.25,83.5,0.79773784,0.20226216
29.25,83.75,0.80978966,0.19021034
29.25,84.0,0.7976604,0.20233959
29.25,84.25,0.7978465,0.2021535
29.25,84.5,0.79771155,0.20228845
29.25,84.75,0.79771155,0.20228845
29.25,85.0,0.20901734,0.79098266
29.25,85.25,0.79746944,0.20253056
29.25,85.5,0.8035894,0.1964106
29.25,85.75,0.7978835,0.20211649
29.25,86.0,0.82784927,0.17215073
29.25,86.25,0.86080104,0.13919896
29.25,86.5,0.83116287,0.16883713
29.25,86.75,0.83533573,0.16466427
29.25,87.0,0.8473216,0.15267837
29.25,87.25,0.8447385,0.15526152
29.25,87.5,0.871039,0.12896103
29.25,87.75,0.8545482,0.14545178
29.25,88.0,0.89444447,0.105555534
29.25,88.25,0.8851586,0.1148414
29.25,88.5,0.87761444,0.12238556
29.25,88.75,0.8742815,0.12571847
29.25,89.0,0.84704953,0.15295047
29.25,89.25,0.8486066,0.15139341
29.25,89.5,0.8744357,0.12556428
29.25,89.75,0.8944707,0.10552931
29.25,90.0,0.88852865,0.111471355
29.25,90.25,0.8818378,0.118162215
29.25,90.5,0.9121473,0.08785272
29.25,90.75,0.9118353,0.08816469
29.25,91.0,0.9161602,0.083839774
29.25,91.25,0.94516575,0.054834247
29.25,91.5,0.9507027,0.049297273
29.25,91.75,0.91100276,0.088997245
29.25,92.0,0.8963791,0.10362089
29.25,92.25,0.8982918,0.101708174
29.25,92.5,0.8739668,0.12603319
29.25,92.75,0.8313827,0.16861731
29.25,93.0,0.80370736,0.19629264
29.25,93.25,0.81854147,0.18145853
29.25,93.5,0.82857376,0.17142624
29.25,93.75,0.8172205,0.18277949
29.25,94.0,0.81434184,0.18565816
29.25,94.25,0.8231104,0.1768896
29.25,94.5,0.803292,0.19670802
29.25,94.75,0.81117964,0.18882036
29.25,95.0,0.83935946,0.16064054
29.25,95.25,0.83876854,0.16123146
29.25,95.5,0.88870907,0.11129093
29.25,95.75,0.8317015,0.16829848
29.25,96.0,0.8091182,0.19088179
29.5,68.0,0.49936217,0.5006378
29.5,68.25,0.49936217,0.5006378
29.5,68.5,0.49936217,0.5006378
29.5,68.75,0.2189833,0.7810167
29.5,69.0,0.49936217,0.5006378
29.5,69.25,0.49936217,0.5006378
29.5,69.5,0.20947346,0.7905265
29.5,69.75,0.20913957,0.7908604
29.5,70.0,0.21497828,0.7850217
29.5,70.25,0.4986294,0.5013706
29.5,70.5,0.49936217,0.5006378
29.5,70.75,0.49936217,0.5006378
29.5,71.0,0.49936217,0.5006378
29.5,71.25,0.49936217,0.5006378
29.5,71.5,0.4991181,0.5008819
29.5,71.75,0.4991181,0.5008819
29.5,72.0,0.4991181,0.5008819
29.5,72.25,0.20987076,0.79012924
29.5,72.5,0.20826924,0.79173076
29.5,72.75,0.20983031,0.7901697
29.5,73.0,0.2095797,0.7904203
29.5,73.25,0.21478345,0.78521657
29.5,73.5,0.22301097,0.77698904
29.5,73.75,0.2250745,0.7749255
29.5,74.0,0.22892062,0.77107936
29.5,74.25,0.21647994,0.78352004
29.5,74.5,0.20884115,0.79115885
29.5,74.75,0.21035554,0.7896445
29.5,75.0,0.20968446,0.7903155
29.5,75.25,0.20955408,0.7904459
29.5,75.5,0.20968801,0.790312
29.5,75.75,0.2099833,0.7900167
29.5,76.0,0.20999698,0.790003
29.5,76.25,0.20964493,0.7903551
29.5,76.5,0.20984434,0.79015565
29.5,76.75,0.2099833,0.7900167
29.5,77.0,0.20934963,0.79065037
29.5,77.25,0.2092157,0.7907843
29.5,77.5,0.2092157,0.7907843
29.5,77.75,0.20820595,0.79179406
29.5,78.0,0.2086467,0.7913533
29.5,78.25,0.20882845,0.79117155
29.5,78.5,0.20968446,0.7903155
29.5,78.75,0.20873325,0.79126674
29.5,79.0,0.83914286,0.16085714
29.5,79.25,0.8738819,0.12611812
29.5,79.5,0.8428467,0.15715331
29.5,79.75,0.864425,0.135575
29.5,80.0,0.9089411,0.09105891
29.5,80.25,0.9181703,0.08182973
29.5,80.5,0.9134255,0.086574495
29.5,80.75,0.8982761,0.10172391
29.5,81.0,0.9038606,0.09613937
29.5,81.25,0.9004493,0.099550724
29.5,81.5,0.87054974,0.12945026
29.5,81.75,0.9036125,0.096387506
29.5,82.0,0.9287818,0.07121819
29.5,82.25,0.945273,0.054727018
29.5,82.5,0.9285705,0.07142949
29.5,82.75,0.91713446,0.082865536
29.5,83.0,0.8757762,0.12422383
29.5,83.25,0.80978966,0.19021034
29.5,83.5,0.79744005,0.20255995
29.5,83.75,0.81425107,0.18574893
29.5,84.0,0.80978966,0.19021034
29.5,84.25,0.20849812,0.7915019
29.5,84.5,0.8095734,0.19042659
29.5,84.75,0.856649,0.14335102
29.5,85.0,0.8507635,0.1492365
29.5,85.25,0.856649,0.14335102
29.5,85.5,0.87719506,0.12280494
29.5,85.75,0.8547415,0.14525849
29.5,86.0,0.8372261,0.1627739
29.5,86.25,0.83116287,0.16883713
29.5,86.5,0.8475481,0.15245187
29.5,86.75,0.87719506,0.12280494
29.5,87.0,0.8879591,0.11204088
29.5,87.25,0.90053135,0.09946865
29.5,87.5,0.9303671,0.06963289
29.5,87.75,0.91977316,0.08022684
29.5,88.0,0.9082195,0.09178048
29.5,88.25,0.8889165,0.11108351
29.5,88.5,0.88386315,0.11613685
29.5,88.75,0.8624432,0.13755679
29.5,89.0,0.8187851,0.18121493
29.5,89.25,0.8450261,0.15497392
29.5,89.5,0.8547415,0.14525849
29.5,89.75,0.8319328,0.16806722
29.5,90.0,0.8278305,0.1721695
29.5,90.25,0.82414794,0.17585206
29.5,90.5,0.8505875,0.14941251
29.5,90.75,0.8547226,0.14527738
29.5,91.0,0.87761444,0.12238556
29.5,91.25,0.9037861,0.09621388
29.5,91.5,0.9369065,0.06309348
29.5,91.75,0.931339,0.068660975
29.5,92.0,0.9255354,0.07446462
29.5,92.25,0.9081687,0.09183133
29.5,92.5,0.8478134,0.15218657
29.5,92.75,0.81457275,0.18542725
29.5,93.0,0.7965248,0.20347518
29.5,93.25,0.809661,0.19033903
29.5,93.5,0.8179638,0.18203622
29.5,93.75,0.8113729,0.18862712
29.5,94.0,0.814368,0.18563199
29.5,94.25,0.8169017,0.18309832
29.5,94.5,0.20712812,0.7928719
29.5,94.75,0.7958143,0.20418572
29.5,95.0,0.80357754,0.19642246
29.5,95.25,0.8179205,0.1820795
29.5,95.5,0.8659396,0.13406038
29.5,95.75,0.8504452,0.14955479
29.5,96.0,0.7963226,0.20367742
29.75,68.0,0.49936217,0.5006378
29.75,68.25,0.49936217,0.5006378
29.75,68.5,0.49936217,0.5006378
29.75,68.75,0.49936217,0.5006378
29.75,69.0,0.49936217,0.5006378
29.75,69.25,0.49936217,0.5006378
29.75,69.5,0.21155454,0.7884455
29.75,69.75,0.20927405,0.79072595
29.75,70.0,0.21032126,0.78967875
29.75,70.25,0.49936217,0.5006378
29.75,70.5,0.20987238,0.79012764
29.75,70.75,0.49936217,0.5006378
29.75,71.0,0.49936217,0.5006378
29.75,71.25,0.49936217,0.5006378
29.75,71.5,0.4991181,0.5008819
29.75,71.75,0.4991181,0.5008819
29.75,72.0,0.4991181,0.5008819
29.75,72.25,0.21016377,0.7898362
29.75,72.5,0.21209252,0.7879075
29.75,72.75,0.20921823,0.79078174
29.75,73.0,0.20958781,0.7904122
29.75,73.25,0.20745102,0.792549
29.75,73.5,0.49838528,0.5016147
29.75,73.75,0.21496399,0.785036
29.75,74.0,0.22818781,0.7718122
29.75,74.25,0.20996007,0.7900399
29.75,74.5,0.21070763,0.78929234
29.75,74.75,0.20917484,0.7908251
29.75,75.0,0.2092157,0.7907843
29.75,75.25,0.20968801,0.790312
29.75,75.5,0.21048947,0.78951055
29.75,75.75,0.2092157,0.7907843
29.75,76.0,0.20773719,0.7922628
29.75,76.25,0.20773719,0.7922628
29.75,76.5,0.20934963,0.79065037
29.75,76.75,0.20955773,0.7904423
29.75,77.0,0.20803499,0.791965
29.75,77.25,0.20955773,0.7904423
29.75,77.5,0.20934963,0.79065037
29.75,77.75,0.2086467,0.7913533
29.75,78.0,0.2086467,0.7913533
29.75,78.25,0.20803499,0.791965
29.75,78.5,0.20803499,0.791965
29.75,78.75,0.8042016,0.1957984
29.75,79.0,0.84757406,0.15242594
29.75,79.25,0.8189,0.18110001
29.75,79.5,0.81542224,0.18457776
29.75,79.75,0.82849,0.17150998
29.75,80.0,0.8732716,0.12672842
29.75,80.25,0.8884132,0.11158681
29.75,80.5,0.8970614,0.10293859
29.75,80.75,0.8744314,0.12556863
29.75,81.0,0.89468116,0.105318844
29.75,81.25,0.9146587,0.085341275
29.75,81.5,0.88409984,0.11590016
29.75,81.75,0.8750451,0.12495488
29.75,82.0,0.87123215,0.12876785
29.75,82.25,0.92686784,0.07313216
29.75,82.5,0.9231772,0.07682282
29.75,82.75,0.858204,0.141796
29.75,83.0,0.8322877,0.16771227
29.75,83.25,0.8287445,0.17125553
29.75,83.5,0.81412435,0.18587565
29.75,83.75,0.8730407,0.12695932
29.75,84.0,0.8877843,0.1122157
29.75,84.25,0.87115765,0.12884235
29.75,84.5,0.845256,0.15474403
29.75,84.75,0.8315347,0.16846532
29.75,85.0,0.876164,0.12383598
29.75,85.25,0.8842941,0.11570591
29.75,85.5,0.8663456,0.13365442
29.75,85.75,0.834005,0.165995
29.75,86.0,0.82831734,0.17168266
29.75,86.25,0.8341268,0.16587323
29.75,86.5,0.8844636,0.11553639
29.75,86.75,0.91311264,0.08688736
29.75,87.0,0.9156834,0.08431661
29.75,87.25,0.8842941,0.11570591
29.75,87.5,0.89232695,0.10767305
29.75,87.75,0.90495163,0.09504837
29.75,88.0,0.8568185,0.1431815
29.75,88.25,0.83900255,0.16099745
29.75,88.5,0.8135547,0.1864453
29.75,88.75,0.8039707,0.1960293
29.75,89.0,0.20755325,0.79244673
29.75,89.25,0.79884696,0.20115304
29.75,89.5,0.8039002,0.19609982
29.75,89.75,0.79809487,0.20190513
29.75,90.0,0.79866874,0.20133126
29.75,90.25,0.20722133,0.7927787
29.75,90.5,0.79895043,0.20104957
29.75,90.75,0.800921,0.19907898
29.75,91.0,0.81081814,0.18918186
29.75,91.25,0.8565773,0.14342272
29.75,91.5,0.91052896,0.08947104
29.75,91.75,0.95004463,0.049955368
29.75,92.0,0.94787246,0.05212754
29.75,92.25,0.8982918,0.101708174
29.75,92.5,0.8478134,0.15218657
29.75,92.75,0.80978996,0.19021004
29.75,93.0,0.81434184,0.18565816
29.75,93.25,0.84216815,0.15783185
29.75,93.5,0.8568902,0.1431098
29.75,93.75,0.835558,0.164442
29.75,94.0,0.8181403,0.18185967
29.75,94.25,0.796793,0.20320702
29.75,94.5,0.80318236,0.19681764
29.75,94.75,0.7999229,0.20007712
29.75,95.0,0.79604906,0.20395094
29.75,95.25,0.8148482,0.18515182
29.75,95.5,0.8639688,0.13603121
29.75,95.75,0.83926785,0.16073215
29.75,96.0,0.7963226,0.20367742
30.0,68.0,0.20698847,0.79301155
30.0,68.25,0.49936217,0.5006378
30.0,68.5,0.49936217,0.5006378
30.0,68.75,0.49936217,0.5006378
30.0,69.0,0.49936217,0.5006378
30.0,69.25,0.49936217,0.5006378
30.0,69.5,0.49936217,0.5006378
30.0,69.75,0.20869581,0.7913042
30.0,70.0,0.20825219,0.7917478
30.0,70.25,0.2189833,0.7810167
30.0,70.5,0.49936217,0.5006378
30.0,70.75,0.49936217,0.5006378
30.0,71.0,0.498833,0.501167
30.0,71.25,0.49936217,0.5006378
30.0,71.5,0.4991181,0.5008819
30.0,71.75,0.21390212,0.7860979
30.0,72.0,0.4991181,0.5008819
30.0,72.25,0.21355863,0.7864414
30.0,72.5,0.20934848,0.7906515
30.0,72.75,0.20913893,0.79086107
30.0,73.0,0.20974156,0.7902584
30.0,73.25,0.2162801,0.7837199
30.0,73.5,0.20911288,0.7908871
30.0,73.75,0.20969257,0.7903074
30.0,74.0,0.7955674,0.2044326
30.0,74.25,0.7984123,0.20158768
30.0,74.5,0.20966329,0.7903367
30.0,74.75,0.21098417,0.7890158
30.0,75.0,0.20781761,0.7921824
30.0,75.25,0.20867912,0.79132086
30.0,75.5,0.2092157,0.7907843
30.0,75.75,0.2092157,0.7907843
30.0,76.0,0.20803499,0.791965
30.0,76.25,0.20803499,0.791965
30.0,76.5,0.2092157,0.7907843
30.0,76.75,0.20803499,0.791965
30.0,77.0,0.2092157,0.7907843
30.0,77.25,0.2092157,0.7907843
30.0,77.5,0.2098184,0.79018164
30.0,77.75,0.2092157,0.7907843
30.0,78.0,0.79822475,0.20177525
30.0,78.25,0.7982416,0.20175838
30.0,78.5,0.20577757,0.7942224
30.0,78.75,0.8042707,0.19572932
30.0,79.0,0.8648699,0.1351301
30.0,79.25,0.8321184,0.16788161
30.0,79.5,0.8478859,0.1521141
30.0,79.75,0.87370586,0.12629414
30.0,80.0,0.8934554,0.106544614
30.0,80.25,0.9163363,0.0836637
30.0,80.5,0.92613745,0.07386255
30.0,80.75,0.94520503,0.054794967
30.0,81.0,0.95047826,0.049521744
30.0,81.25,0.93856555,0.061434448
30.0,81.5,0.90871006,0.09128994
30.0,81.75,0.8732876,0.12671238
30.0,82.0,0.8758507,0.12414932
30.0,82.25,0.87162,0.12838
30.0,82.5,0.88602984,0.11397016
30.0,82.75,0.845194,0.15480602
30.0,83.0,0.7971545,0.20284551
30.0,83.25,0.79771155,0.20228845
30.0,83.5,0.81791604,0.18208396
30.0,83.75,0.89444447,0.105555534
30.0,84.0,0.9132313,0.08676869
30.0,84.25,0.9214598,0.078540206
30.0,84.5,0.9186327,0.081367314
30.0,84.75,0.87282234,0.12717766
30.0,85.0,0.8529598,0.14704019
30.0,85.25,0.8695877,0.13041228
30.0,85.5,0.82794863,0.17205137
30.0,85.75,0.8282606,0.1717394
30.0,86.0,0.81741935,0.18258065
30.0,86.25,0.8447385,0.15526152
30.0,86.5,0.856649,0.14335102
30.0,86.75,0.8634715,0.13652849
30.0,87.0,0.8818378,0.118162215
30.0,87.25,0.88886565,0.11113435
30.0,87.5,0.83900255,0.16099745
30.0,87.75,0.8414806,0.15851939
30.0,88.0,0.84221953,0.15778047
30.0,88.25,0.8314353,0.16856468
30.0,88.5,0.8097415,0.1902585
30.0,88.75,0.824401,0.17559898
30.0,89.0,0.8040589,0.19594109
30.0,89.25,0.20993127,0.79006875
30.0,89.5,0.21007831,0.7899217
30.0,89.75,0.20739461,0.7926054
30.0,90.0,0.20914505,0.79085493
30.0,90.25,0.21007831,0.7899217
30.0,90.5,0.79895043,0.20104957
30.0,90.75,0.2078805,0.7921195
30.0,91.0,0.20548607,0.79451394
30.0,91.25,0.81486017,0.18513983
30.0,91.5,0.8745206,0.1254794
30.0,91.75,0.9387719,0.061228096
30.0,92.0,0.9451985,0.054801524
30.0,92.25,0.89287806,0.107121944
30.0,92.5,0.8588175,0.14118248
30.0,92.75,0.8148472,0.18515283
30.0,93.0,0.839324,0.160676
30.0,93.25,0.86740315,0.13259685
30.0,93.5,0.8759228,0.1240772
30.0,93.75,0.8857946,0.11420542
30.0,94.0,0.8481702,0.15182978
30.0,94.25,0.83926785,0.16073215
30.0,94.5,0.8505997,0.1494003
30.0,94.75,0.8420115,0.15798849
30.0,95.0,0.83227766,0.16772234
30.0,95.25,0.8321974,0.16780257
30.0,95.5,0.84187907,0.15812093
30.0,95.75,0.8282505,0.17174947
30.0,96.0,0.80334926,0.19665074
30.25,68.0,0.49936217,0.5006378
30.25,68.25,0.49936217,0.5006378
30.25,68.5,0.49936217,0.5006378
30.25,68.75,0.49936217,0.5006378
30.25,69.0,0.49936217,0.5006378
30.25,69.25,0.49936217,0.5006378
30.25,69.5,0.49936217,0.5006378
30.25,69.75,0.20884089,0.7911591
30.25,70.0,0.20838612,0.7916139
30.25,70.25,0.20913957,0.7908604
30.25,70.5,0.2113643,0.78863573
30.25,70.75,0.49936217,0.5006378
30.25,71.0,0.21463826,0.78536177
30.25,71.25,0.21373323,0.7862668
30.25,71.5,0.21348909,0.78651094
30.25,71.75,0.4991181,0.5008819
30.25,72.0,0.20934848,0.7906515
30.25,72.25,0.2129948,0.7870052
30.25,72.5,0.2083384,0.7916616
30.25,72.75,0.21000303,0.789997
30.25,73.0,0.21020244,0.78979754
30.25,73.25,0.20927073,0.7907293
30.25,73.5,0.20958151,0.7904185
30.25,73.75,0.20958151,0.7904185
30.25,74.0,0.8042971,0.19570291
30.25,74.25,0.79843485,0.20156515
30.25,74.5,0.20760715,0.79239285
30.25,74.75,0.210228,0.78977203
30.25,75.0,0.2090807,0.7909193
30.25,75.25,0.20794085,0.7920592
30.25,75.5,0.20794085,0.7920592
30.25,75.75,0.20851505,0.79148495
30.25,76.0,0.79820657,0.20179343
30.25,76.25,0.80988765,0.19011235
30.25,76.5,0.81415987,0.18584013
30.25,76.75,0.86118186,0.13881814
30.25,77.0,0.8775759,0.122424126
30.25,77.25,0.8140577,0.18594229
30.25,77.5,0.2073973,0.7926027
30.25,77.75,0.7982697,0.20173031
30.25,78.0,0.8151585,0.18484151
30.25,78.25,0.8040321,0.19596791
30.25,78.5,0.20577757,0.7942224
30.25,78.75,0.20671707,0.7932829
30.25,79.0,0.824115,0.17588502
30.25,79.25,0.81801695,0.18198305
30.25,79.5,0.8743514,0.12564862
30.25,79.75,0.9242106,0.07578939
30.25,80.0,0.9305613,0.069438696
30.25,80.25,0.9389226,0.061077416
30.25,80.5,0.93415517,0.065844834
30.25,80.75,0.9409701,0.059029877
30.25,81.0,0.9503596,0.049640417
30.25,81.25,0.94982016,0.05017984
30.25,81.5,0.9056235,0.094376504
30.25,81.75,0.8642774,0.13572258
30.25,82.0,0.8425694,0.15743059
30.25,82.25,0.80986875,0.19013125
30.25,82.5,0.79696953,0.20303047
30.25,82.75,0.8147057,0.18529427
30.25,83.0,0.81478596,0.18521404
30.25,83.25,0.8039943,0.1960057
30.25,83.5,0.8036776,0.19632238
30.25,83.75,0.8388738,0.1611262
30.25,84.0,0.871039,0.12896103
30.25,84.25,0.8695877,0.13041228
30.25,84.5,0.884251,0.115749
30.25,84.75,0.8475481,0.15245187
30.25,85.0,0.824393,0.17560703
30.25,85.25,0.824393,0.17560703
30.25,85.5,0.81823486,0.18176514
30.25,85.75,0.79771155,0.20228845
30.25,86.0,0.80975586,0.19024414
30.25,86.25,0.83116287,0.16883713
30.25,86.5,0.81432444,0.18567556
30.25,86.75,0.8034415,0.19655848
30.25,87.0,0.8239277,0.1760723
30.25,87.25,0.8672565,0.13274348
30.25,87.5,0.8727037,0.12729633
30.25,87.75,0.8660086,0.13399142
30.25,88.0,0.8316487,0.1683513
30.25,88.25,0.84221953,0.15778047
30.25,88.5,0.8280294,0.1719706
30.25,88.75,0.8568185,0.1431815
30.25,89.0,0.8729534,0.12704659
30.25,89.25,0.8380913,0.16190869
30.25,89.5,0.8042714,0.1957286
30.25,89.75,0.80960804,0.19039196
30.25,90.0,0.7988365,0.20116347
30.25,90.25,0.21027808,0.7897219
30.25,90.5,0.79774517,0.20225483
30.25,90.75,0.80423194,0.19576806
30.25,91.0,0.79976153,0.20023847
30.25,91.25,0.8282722,0.17172778
30.25,91.5,0.86639255,0.13360745
30.25,91.75,0.8863819,0.113618076
30.25,92.0,0.8760415,0.12395853
30.25,92.25,0.86738586,0.13261414
30.25,92.5,0.85656,0.14344001
30.25,92.75,0.82779723,0.17220277
30.25,93.0,0.83514994,0.16485006
30.25,93.25,0.8502361,0.14976388
30.25,93.5,0.8565773,0.14342272
30.25,93.75,0.8502361,0.14976388
30.25,94.0,0.8565773,0.14342272
30.25,94.25,0.86568284,0.13431716
30.25,94.5,0.85840994,0.14159006
30.25,94.75,0.8510461,0.14895391
30.25,95.0,0.8285597,0.1714403
30.25,95.25,0.80933905,0.19066095
30.25,95.5,0.8031388,0.19686121
30.25,95.75,0.8170818,0.18291819
30.25,96.0,0.8149215,0.1850785
30.5,68.0,0.49936217,0.5006378
30.5,68.25,0.49936217,0.5006378
30.5,68.5,0.49936217,0.5006378
30.5,68.75,0.49936217,0.5006378
30.5,69.0,0.49936217,0.5006378
30.5,69.25,0.49936217,0.5006378
30.5,69.5,0.49936217,0.5006378
30.5,69.75,0.20979209,0.7902079
30.5,70.0,0.20737235,0.79262763
30.5,70.25,0.20737235,0.79262763
30.5,70.5,0.20926982,0.7907302
30.5,70.75,0.49936217,0.5006378
30.5,71.0,0.20865253,0.7913475
30.5,71.25,0.21341345,0.7865865
30.5,71.5,0.20949186,0.79050815
30.5,71.75,0.2092778,0.7907222
30.5,72.0,0.21201321,0.78798676
30.5,72.25,0.20974156,0.7902584
30.5,72.5,0.20970774,0.79029226
30.5,72.75,0.20920157,0.7907984
30.5,73.0,0.20863368,0.79136634
30.5,73.25,0.2085679,0.7914321
30.5,73.5,0.20956177,0.79043823
30.5,73.75,0.2088142,0.7911858
30.5,74.0,0.80215365,0.19784635
30.5,74.25,0.2077013,0.7922987
30.5,74.5,0.20922038,0.7907796
30.5,74.75,0.20999698,0.790003
30.5,75.0,0.20986305,0.79013693
30.5,75.25,0.20701616,0.79298383
30.5,75.5,0.20803176,0.7919682
30.5,75.75,0.20827924,0.79172075
30.5,76.0,0.20794085,0.7920592
30.5,76.25,0.79871184,0.20128816
30.5,76.5,0.8243923,0.17560768
30.5,76.75,0.8845054,0.11549461
30.5,77.0,0.89253825,0.10746175
30.5,77.25,0.84556216,0.15443784
30.5,77.5,0.83128095,0.16871905
30.5,77.75,0.8042016,0.1957984
30.5,78.0,0.8192949,0.18070507
30.5,78.25,0.8559982,0.14400178
30.5,78.5,0.86388916,0.13611084
30.5,78.75,0.8292472,0.17075282
30.5,79.0,0.8143474,0.18565261
30.5,79.25,0.82578546,0.17421454
30.5,79.5,0.87151414,0.12848586
30.5,79.75,0.9358912,0.06410879
30.5,80.0,0.9409701,0.059029877
30.5,80.25,0.9261133,0.07388669
30.5,80.5,0.9292049,0.07079512
30.5,80.75,0.89224625,0.10775375
30.5,81.0,0.87402576,0.12597424
30.5,81.25,0.91646445,0.08353555
30.5,81.5,0.9166079,0.08339208
30.5,81.75,0.88026464,0.11973536
30.5,82.0,0.8235831,0.17641687
30.5,82.25,0.20751595,0.79248405
30.5,82.5,0.20847934,0.79152066
30.5,82.75,0.7971545,0.20284551
30.5,83.0,0.8033588,0.1966412
30.5,83.25,0.80979425,0.19020575
30.5,83.5,0.8142534,0.18574661
30.5,83.75,0.8177984,0.18220162
30.5,84.0,0.83479726,0.16520274
30.5,84.25,0.8634715,0.13652849
30.5,84.5,0.88222563,0.11777437
30.5,84.75,0.81834,0.18166
30.5,85.0,0.20993656,0.79006344
30.5,85.25,0.79771155,0.20228845
30.5,85.5,0.8144238,0.1855762
30.5,85.75,0.845256,0.15474403
30.5,86.0,0.90495163,0.09504837
30.5,86.25,0.8842941,0.11570591
30.5,86.5,0.8625619,0.13743812
30.5,86.75,0.80975586,0.19024414
30.5,87.0,0.8279852,0.17201477
30.5,87.25,0.8375631,0.1624369
30.5,87.5,0.8582288,0.1417712
30.5,87.75,0.8372261,0.1627739
30.5,88.0,0.83116287,0.16883713
30.5,88.25,0.8372261,0.1627739
30.5,88.5,0.8237005,0.17629951
30.5,88.75,0.8469821,0.15301788
30.5,89.0,0.863302,0.13669801
30.5,89.25,0.8340282,0.16597182
30.5,89.5,0.83442533,0.16557467
30.5,89.75,0.8532968,0.14670318
30.5,90.0,0.8282838,0.17171621
30.5,90.25,0.81477875,0.18522125
30.5,90.5,0.8634715,0.13652849
30.5,90.75,0.8357652,0.16423482
30.5,91.0,0.79976153,0.20023847
30.5,91.25,0.7999898,0.20001018
30.5,91.5,0.8039248,0.1960752
30.5,91.75,0.82779723,0.17220277
30.5,92.0,0.8427379,0.15726209
30.5,92.25,0.8427379,0.15726209
30.5,92.5,0.8478134,0.15218657
30.5,92.75,0.84784,0.15215999
30.5,93.0,0.8550068,0.14499319
30.5,93.25,0.8282505,0.17174947
30.5,93.5,0.8038972,0.1961028
30.5,93.75,0.80967677,0.19032323
30.5,94.0,0.80978996,0.19021004
30.5,94.25,0.2066427,0.7933573
30.5,94.5,0.8090571,0.19094288
30.5,94.75,0.8231882,0.17681181
30.5,95.0,0.82810736,0.17189264
30.5,95.25,0.80301034,0.19698966
30.5,95.5,0.80403435,0.19596565
30.5,95.75,0.79648566,0.20351434
30.5,96.0,0.81479543,0.18520457
30.75,68.0,0.49936217,0.5006378
30.75,68.25,0.49936217,0.5006378
30.75,68.5,0.49936217,0.5006378
30.75,68.75,0.49936217,0.5006378
30.75,69.0,0.49936217,0.5006378
30.75,69.25,0.49936217,0.5006378
30.75,69.5,0.49936217,0.5006378
30.75,69.75,0.21030201,0.789698
30.75,70.0,0.2073603,0.79263973
30.75,70.25,0.20950004,0.7904999
30.75,70.5,0.20962015,0.7903799
30.75,70.75,0.4986294,0.5013706
30.75,71.0,0.209962,0.790038
30.75,71.25,0.4986294,0.5013706
30.75,71.5,0.2086312,0.7913688
30.75,71.75,0.20955235,0.79044765
30.75,72.0,0.2095109,0.7904891
30.75,72.25,0.20929283,0.7907072
30.75,72.5,0.20899753,0.79100245
30.75,72.75,0.20886354,0.79113644
30.75,73.0,0.20768283,0.79231715
30.75,73.25,0.20740026,0.79259974
30.75,73.5,0.20947336,0.7905266
30.75,73.75,0.20800503,0.791995
30.75,74.0,0.20954251,0.7904575
30.75,74.25,0.20951134,0.79048866
30.75,74.5,0.20931157,0.7906884
30.75,74.75,0.20998365,0.79001635
30.75,75.0,0.20860624,0.79139376
30.75,75.25,0.20850515,0.79149485
30.75,75.5,0.20850515,0.79149485
30.75,75.75,0.20846458,0.79153544
30.75,76.0,0.2079989,0.7920011
30.75,76.25,0.82382464,0.17617536
30.75,76.5,0.8715873,0.12841272
30.75,76.75,0.89240146,0.10759854
30.75,77.0,0.86983174,0.13016826
30.75,77.25,0.8570298,0.1429702
30.75,77.5,0.84745425,0.15254575
30.75,77.75,0.87054974,0.12945026
30.75,78.0,0.8771764,0.122823596
30.75,78.25,0.9081211,0.09187889
30.75,78.5,0.9110846,0.08891541
30.75,78.75,0.8738977,0.12610233
30.75,79.0,0.88876534,0.111234665
30.75,79.25,0.90371406,0.09628594
30.75,79.5,0.89396816,0.106031835
30.75,79.75,0.91761637,0.08238363
30.75,80.0,0.91342074,0.08657926
30.75,80.25,0.8843829,0.1156171
30.75,80.5,0.8449177,0.15508229
30.75,80.75,0.832181,0.16781902
30.75,81.0,0.8034333,0.1965667
30.75,81.25,0.88026464,0.11973536
30.75,81.5,0.93668205,0.063317955
30.75,81.75,0.9377167,0.062283278
30.75,82.0,0.8991797,0.1008203
30.75,82.25,0.8096479,0.19035208
30.75,82.5,0.20840901,0.791591
30.75,82.75,0.20840901,0.791591
30.75,83.0,0.20731744,0.7926825
30.75,83.25,0.79744005,0.20255995
30.75,83.5,0.8041776,0.19582242
30.75,83.75,0.7976604,0.20233959
30.75,84.0,0.20825598,0.791744
30.75,84.25,0.80958486,0.19041514
30.75,84.5,0.8144238,0.1855762
30.75,84.75,0.20800853,0.7919915
30.75,85.0,0.2103662,0.7896338
30.75,85.25,0.7978835,0.20211649
30.75,85.5,0.86764437,0.13235563
30.75,85.75,0.8991052,0.10089481
30.75,86.0,0.9180256,0.08197439
30.75,86.25,0.8759945,0.1240055
30.75,86.5,0.8372261,0.1627739
30.75,86.75,0.85346633,0.14653367
30.75,87.0,0.85346633,0.14653367
30.75,87.25,0.84446627,0.15553373
30.75,87.5,0.79774314,0.20225686
30.75,87.75,0.813849,0.18615103
30.75,88.0,0.8414806,0.15851939
30.75,88.25,0.84161377,0.15838623
30.75,88.5,0.84446627,0.15553373
30.75,88.75,0.814447,0.18555301
30.75,89.0,0.79782134,0.20217866
30.75,89.25,0.8245521,0.17544788
30.75,89.5,0.8453365,0.1546635
30.75,89.75,0.8393011,0.16069889
30.75,90.0,0.83141595,0.16858405
30.75,90.25,0.8625619,0.13743812
30.75,90.5,0.93648887,0.06351113
30.75,90.75,0.9285705,0.07142949
30.75,91.0,0.87059075,0.12940925
30.75,91.25,0.8002342,0.1997658
30.75,91.5,0.7991797,0.20082033
30.75,91.75,0.80370736,0.19629264
30.75,92.0,0.82811457,0.17188543
30.75,92.25,0.7971082,0.20289183
30.75,92.5,0.83886373,0.16113627
30.75,92.75,0.86639255,0.13360745
30.75,93.0,0.8798023,0.12019771
30.75,93.25,0.8818378,0.118162215
30.75,93.5,0.8452459,0.1547541
30.75,93.75,0.8091182,0.19088179
30.75,94.0,0.7965248,0.20347518
30.75,94.25,0.20741071,0.7925893
30.75,94.5,0.207987,0.792013
30.75,94.75,0.20705374,0.7929463
30.75,95.0,0.20725314,0.79274684
30.75,95.25,0.2062532,0.7937468
30.75,95.5,0.20544426,0.7945557
30.75,95.75,0.20691557,0.79308444
30.75,96.0,0.79604906,0.20395094
31.0,68.0,0.49936217,0.5006378
31.0,68.25,0.49936217,0.5006378
31.0,68.5,0.49936217,0.5006378
31.0,68.75,0.49936217,0.5006378
31.0,69.0,0.49936217,0.5006378
31.0,69.25,0.49936217,0.5006378
31.0,69.5,0.2194129,0.7805871
31.0,69.75,0.2094899,0.7905101
31.0,70.0,0.20793591,0.7920641
31.0,70.25,0.20969945,0.79030055
31.0,70.5,0.21345022,0.7865498
31.0,70.75,0.21345022,0.7865498
31.0,71.0,0.20832871,0.7916713
31.0,71.25,0.21019003,0.78980994
31.0,71.5,0.20971487,0.7902851
31.0,71.75,0.20860821,0.7913918
31.0,72.0,0.20899753,0.79100245
31.0,72.25,0.20886354,0.79113644
31.0,72.5,0.20782578,0.7921742
31.0,72.75,0.20721716,0.79278284
31.0,73.0,0.20652537,0.7934746
31.0,73.25,0.20704514,0.79295486
31.0,73.5,0.20733684,0.79266316
31.0,73.75,0.2067059,0.7932941
31.0,74.0,0.20769443,0.7923056
31.0,74.25,0.20931157,0.7906884
31.0,74.5,0.20931157,0.7906884
31.0,74.75,0.79822475,0.20177525
31.0,75.0,0.20782687,0.79217315
31.0,75.25,0.20860752,0.79139245
31.0,75.5,0.20964527,0.7903547
31.0,75.75,0.20860624,0.79139376
31.0,76.0,0.20693532,0.7930647
31.0,76.25,0.83939594,0.16060406
31.0,76.5,0.91318715,0.086812854
31.0,76.75,0.913475,0.08652502
31.0,77.0,0.9006567,0.0993433
31.0,77.25,0.8660831,0.13391691
31.0,77.5,0.8421675,0.1578325
31.0,77.75,0.90060586,0.09939414
31.0,78.0,0.91107726,0.08892274
31.0,78.25,0.90672094,0.09327906
31.0,78.5,0.9126956,0.08730441
31.0,78.75,0.9006567,0.0993433
31.0,79.0,0.90386796,0.09613204
31.0,79.25,0.9083956,0.09160441
31.0,79.5,0.90371406,0.09628594
31.0,79.75,0.8611466,0.13885337
31.0,80.0,0.8148818,0.1851182
31.0,80.25,0.7958207,0.20417929
31.0,80.5,0.8181104,0.1818896
31.0,80.75,0.82412887,0.17587113
31.0,81.0,0.83814263,0.16185737
31.0,81.25,0.8774391,0.12256092
31.0,81.5,0.90871006,0.09128994
31.0,81.75,0.9285337,0.07146633
31.0,82.0,0.92397225,0.07602775
31.0,82.25,0.89094156,0.10905844
31.0,82.5,0.84197664,0.15802336
31.0,82.75,0.818516,0.18148398
31.0,83.0,0.20944023,0.79055977
31.0,83.25,0.20840119,0.7915988
31.0,83.5,0.81425107,0.18574893
31.0,83.75,0.81487614,0.18512386
31.0,84.0,0.20765291,0.7923471
31.0,84.25,0.20892777,0.79107225
31.0,84.5,0.2090617,0.7909383
31.0,84.75,0.2090617,0.7909383
31.0,85.0,0.2103662,0.7896338
31.0,85.25,0.20862849,0.7913715
31.0,85.5,0.8095734,0.19042659
31.0,85.75,0.871039,0.12896103
31.0,86.0,0.87568015,0.12431985
31.0,86.25,0.84144425,0.15855575
31.0,86.5,0.8414806,0.15851939
31.0,86.75,0.8730407,0.12695932
31.0,87.0,0.8732102,0.12678981
31.0,87.25,0.82425356,0.17574644
31.0,87.5,0.8177215,0.18227851
31.0,87.75,0.86009765,0.13990235
31.0,88.0,0.84723186,0.15276814
31.0,88.25,0.8532968,0.14670318
31.0,88.5,0.82769984,0.17230016
31.0,88.75,0.82832247,0.17167753
31.0,89.0,0.8183632,0.18163681
31.0,89.25,0.82839555,0.17160445
31.0,89.5,0.8419123,0.15808767
31.0,89.75,0.81825805,0.18174195
31.0,90.0,0.83752465,0.16247535
31.0,90.25,0.83524793,0.16475207
31.0,90.5,0.89862883,0.10137117
31.0,90.75,0.90846604,0.09153396
31.0,91.0,0.84784,0.15215999
31.0,91.25,0.20787057,0.7921294
31.0,91.5,0.20677385,0.7932261
31.0,91.75,0.20725484,0.7927452
31.0,92.0,0.20486477,0.79513526
31.0,92.25,0.20667571,0.7933243
31.0,92.5,0.8282947,0.1717053
31.0,92.75,0.8739668,0.12603319
31.0,93.0,0.8675218,0.13247818
31.0,93.25,0.87076676,0.12923324
31.0,93.5,0.87142295,0.12857705
31.0,93.75,0.83913344,0.16086656
31.0,94.0,0.8282947,0.1717053
31.0,94.25,0.7965647,0.2034353
31.0,94.5,0.79669964,0.20330036
31.0,94.75,0.20691557,0.79308444
31.0,95.0,0.20732306,0.7926769
31.0,95.25,0.20776252,0.79223746
31.0,95.5,0.8172369,0.1827631
31.0,95.75,0.8283623,0.17163771
31.0,96.0,0.8145751,0.18542492
31.25,68.0,0.49936217,0.5006378
31.25,68.25,0.49936217,0.5006378
31.25,68.5,0.49936217,0.5006378
31.25,68.75,0.49936217,0.5006378
31.25,69.0,0.49936217,0.5006378
31.25,69.25,0.49936217,0.5006378
31.25,69.5,0.49936217,0.5006378
31.25,69.75,0.21060206,0.78939795
31.25,70.0,0.20811205,0.79188794
31.25,70.25,0.21017313,0.78982687
31.25,70.5,0.80217373,0.19782627
31.25,70.75,0.21040265,0.78959733
31.25,71.0,0.21079545,0.78920454
31.25,71.25,0.21056443,0.78943557
31.25,71.5,0.2080629,0.7919371
31.25,71.75,0.20760359,0.7923964
31.25,72.0,0.20813458,0.7918654
31.25,72.25,0.20799291,0.7920071
31.25,72.5,0.20573547,0.79426455
31.25,72.75,0.20771033,0.7922897
31.25,73.0,0.20884286,0.7911571
31.25,73.25,0.20884286,0.7911571
31.25,73.5,0.20638476,0.7936152
31.25,73.75,0.2076469,0.7923531
31.25,74.0,0.205916,0.794084
31.25,74.25,0.79838836,0.20161164
31.25,74.5,0.2083468,0.7916532
31.25,74.75,0.2089878,0.79101217
31.25,75.0,0.21008933,0.7899107
31.25,75.25,0.20847684,0.79152316
31.25,75.5,0.20877464,0.7912254
31.25,75.75,0.20995533,0.79004467
31.25,76.0,0.20877464,0.7912254
31.25,76.25,0.8042016,0.1957984
31.25,76.5,0.88457364,0.11542636
31.25,76.75,0.9064728,0.0935272
31.25,77.0,0.8875626,0.11243743
31.25,77.25,0.88026464,0.11973536
31.25,77.5,0.8798768,0.12012321
31.25,77.75,0.88907695,0.11092305
31.25,78.0,0.8581338,0.1418662
31.25,78.25,0.82445234,0.17554766
31.25,78.5,0.86004114,0.13995886
31.25,78.75,0.8934342,0.10656577
31.25,79.0,0.85804653,0.14195347
31.25,79.25,0.84193206,0.15806794
31.25,79.5,0.8185161,0.18148392
31.25,79.75,0.8102485,0.1897515
31.25,80.0,0.80353487,0.19646513
31.25,80.25,0.8186921,0.18130791
31.25,80.5,0.8609771,0.13902289
31.25,80.75,0.8504839,0.1495161
31.25,81.0,0.86983174,0.13016826
31.25,81.25,0.8583033,0.14169669
31.25,81.5,0.842416,0.15758401
31.25,81.75,0.837913,0.16208702
31.25,82.0,0.8633765,0.1366235
31.25,82.25,0.894074,0.10592598
31.25,82.5,0.88222563,0.11777437
31.25,82.75,0.83750147,0.16249853
31.25,83.0,0.8036776,0.19632238
31.25,83.25,0.8237596,0.17624038
31.25,83.5,0.824393,0.17560703
31.25,83.75,0.8035189,0.19648111
31.25,84.0,0.20923789,0.7907621
31.25,84.25,0.20923789,0.7907621
31.25,84.5,0.20923789,0.7907621
31.25,84.75,0.2063401,0.7936599
31.25,85.0,0.79746944,0.20253056
31.25,85.25,0.8642029,0.13579708
31.25,85.5,0.8986797,0.10132033
31.25,85.75,0.91311264,0.08688736
31.25,86.0,0.8532968,0.14670318
31.25,86.25,0.84161377,0.15838623
31.25,86.5,0.8771078,0.1228922
31.25,86.75,0.8858603,0.114139676
31.25,87.0,0.86012244,0.13987756
31.25,87.25,0.8668138,0.13318622
31.25,87.5,0.9154266,0.08457339
31.25,87.75,0.8498235,0.15017653
31.25,88.0,0.82412976,0.17587024
31.25,88.25,0.8790987,0.12090129
31.25,88.5,0.84503794,0.15496206
31.25,88.75,0.8343681,0.16563189
31.25,89.0,0.8037401,0.19625992
31.25,89.25,0.8177179,0.18228209
31.25,89.5,0.8419123,0.15808767
31.25,89.75,0.8393011,0.16069889
31.25,90.0,0.86046404,0.13953596
31.25,90.25,0.8280285,0.1719715
31.25,90.5,0.80470735,0.19529265
31.25,90.75,0.81908756,0.18091244
31.25,91.0,0.81081814,0.18918186
31.25,91.25,0.8044685,0.19553149
31.25,91.5,0.7991797,0.20082033
31.25,91.75,0.8048561,0.19514388
31.25,92.0,0.7982499,0.2017501
31.25,92.25,0.20530069,0.7946993
31.25,92.5,0.80365837,0.19634163
31.25,92.75,0.8565773,0.14342272
31.25,93.0,0.8582373,0.14176267
31.25,93.25,0.84749717,0.15250283
31.25,93.5,0.86976576,0.13023424
31.25,93.75,0.87421656,0.12578344
31.25,94.0,0.89069754,0.10930246
31.25,94.25,0.872969,0.12703103
31.25,94.5,0.83926785,0.16073215
31.25,94.75,0.8282505,0.17174947
31.25,95.0,0.8035391,0.1964609
31.25,95.25,0.8235146,0.17648542
31.25,95.5,0.84196657,0.15803343
31.25,95.75,0.8313827,0.16861731
31.25,96.0,0.8032224,0.19677758
31.5,68.0,0.49936217,0.5006378
31.5,68.25,0.49936217,0.5006378
31.5,68.5,0.49936217,0.5006378
31.5,68.75,0.49936217,0.5006378
31.5,69.0,0.49936217,0.5006378
31.5,69.25,0.8038141,0.19618589
31.5,69.5,0.80926126,0.19073874
31.5,69.75,0.7975969,0.20240313
31.5,70.0,0.20963815,0.7903619
31.5,70.25,0.8032295,0.19677049
31.5,70.5,0.8173695,0.18263048
31.5,70.75,0.20974235,0.79025763
31.5,71.0,0.20962173,0.7903783
31.5,71.25,0.20581745,0.79418254
31.5,71.5,0.20820585,0.7917942
31.5,71.75,0.20774654,0.7922535
31.5,72.0,0.20752724,0.7924728
31.5,72.25,0.20820607,0.79179394
31.5,72.5,0.20746638,0.79253364
31.5,72.75,0.20746638,0.79253364
31.5,73.0,0.2073042,0.7926958
31.5,73.25,0.20884286,0.7911571
31.5,73.5,0.20902339,0.79097664
31.5,73.75,0.20902339,0.79097664
31.5,74.0,0.20717815,0.7928219
31.5,74.25,0.79944384,0.20055616
31.5,74.5,0.20744565,0.7925544
31.5,74.75,0.20813693,0.7918631
31.5,75.0,0.20891759,0.7910824
31.5,75.25,0.20877141,0.7912286
31.5,75.5,0.20995533,0.79004467
31.5,75.75,0.2086805,0.7913195
31.5,76.0,0.20956808,0.7904319
31.5,76.25,0.8038714,0.1961286
31.5,76.5,0.8509922,0.1490078
31.5,76.75,0.89912885,0.100871146
31.5,77.0,0.894074,0.10592598
31.5,77.25,0.894856,0.105144024
31.5,77.5,0.9006567,0.0993433
31.5,77.75,0.87428254,0.12571746
31.5,78.0,0.80410725,0.19589275
31.5,78.25,0.7978295,0.20217049
31.5,78.5,0.79751456,0.20248544
31.5,78.75,0.81364477,0.18635523
31.5,79.0,0.7959689,0.20403111
31.5,79.25,0.21109721,0.78890276
31.5,79.5,0.80389225,0.19610775
31.5,79.75,0.828023,0.17197698
31.5,80.0,0.84172195,0.15827805
31.5,80.25,0.86698985,0.13301015
31.5,80.5,0.89885575,0.101144254
31.5,80.75,0.8932798,0.10672021
31.5,81.0,0.8635212,0.13647878
31.5,81.25,0.842416,0.15758401
31.5,81.5,0.8143279,0.1856721
31.5,81.75,0.79751456,0.20248544
31.5,82.0,0.81422937,0.18577063
31.5,82.25,0.84225273,0.15774727
31.5,82.5,0.8315347,0.16846532
31.5,82.75,0.82452893,0.17547107
31.5,83.0,0.8144238,0.1855762
31.5,83.25,0.903538,0.09646201
31.5,83.5,0.91311264,0.08688736
31.5,83.75,0.86009765,0.13990235
31.5,84.0,0.8147057,0.18529427
31.5,84.25,0.81478596,0.18521404
31.5,84.5,0.8343449,0.16565508
31.5,84.75,0.86080104,0.13919896
31.5,85.0,0.8547415,0.14525849
31.5,85.25,0.88772005,0.11227995
31.5,85.5,0.91530234,0.084697664
31.5,85.75,0.9170158,0.08298421
31.5,86.0,0.8634467,0.13655329
31.5,86.25,0.85346633,0.14653367
31.5,86.5,0.8529598,0.14704019
31.5,86.75,0.857972,0.14202797
31.5,87.0,0.8634715,0.13652849
31.5,87.25,0.8375631,0.1624369
31.5,87.5,0.8565617,0.14343828
31.5,87.75,0.82412976,0.17587024
31.5,88.0,0.80452937,0.19547063
31.5,88.25,0.8475481,0.15245187
31.5,88.5,0.80376035,0.19623965
31.5,88.75,0.20795211,0.79204786
31.5,89.0,0.2086364,0.7913636
31.5,89.25,0.8185747,0.18142527
31.5,89.5,0.8039002,0.19609982
31.5,89.75,0.79809487,0.20190513
31.5,90.0,0.8103862,0.18961382
31.5,90.25,0.80470735,0.19529265
31.5,90.5,0.8238485,0.17615151
31.5,90.75,0.84530234,0.15469766
31.5,91.0,0.83172673,0.16827327
31.5,91.25,0.8284131,0.17158687
31.5,91.5,0.81832993,0.18167007
31.5,91.75,0.8285478,0.17145222
31.5,92.0,0.8147899,0.18521011
31.5,92.25,0.80933446,0.19066554
31.5,92.5,0.80405766,0.19594234
31.5,92.75,0.8590108,0.14098918
31.5,93.0,0.86013097,0.13986903
31.5,93.25,0.8378284,0.1621716
31.5,93.5,0.84481883,0.15518117
31.5,93.75,0.852791,0.14720899
31.5,94.0,0.8825346,0.11746538
31.5,94.25,0.903538,0.09646201
31.5,94.5,0.88420683,0.11579317
31.5,94.75,0.87746036,0.12253964
31.5,95.0,0.8317006,0.16829938
31.5,95.25,0.83886373,0.16113627
31.5,95.5,0.84784,0.15215999
31.5,95.75,0.8282505,0.17174947
31.5,96.0,0.8030637,0.19693631
31.75,68.0,0.49936217,0.5006378
31.75,68.25,0.49936217,0.5006378
31.75,68.5,0.49936217,0.5006378
31.75,68.75,0.49936217,0.5006378
31.75,69.0,0.49936217,0.5006378
31.75,69.25,0.21334732,0.7866527
31.75,69.5,0.79570884,0.20429116
31.75,69.75,0.20987932,0.79012066
31.75,70.0,0.20974235,0.79025763
31.75,70.25,0.79682446,0.20317554
31.75,70.5,0.8032295,0.19677049
31.75,70.75,0.8179802,0.18201983
31.75,71.0,0.8347822,0.16521782
31.75,71.25,0.80366075,0.19633925
31.75,71.5,0.20805967,0.79194033
31.75,71.75,0.81505525,0.18494475
31.75,72.0,0.80359966,0.19640034
31.75,72.25,0.2073552,0.7926448
31.75,72.5,0.20573547,0.79426455
31.75,72.75,0.20884286,0.7911571
31.75,73.0,0.20884286,0.7911571
31.75,73.25,0.20884286,0.7911571
31.75,73.5,0.20902339,0.79097664
31.75,73.75,0.20855463,0.7914454
31.75,74.0,0.20855463,0.7914454
31.75,74.25,0.20744565,0.7925544
31.75,74.5,0.20618351,0.7938165
31.75,74.75,0.20813693,0.7918631
31.75,75.0,0.20847684,0.79152316
31.75,75.25,0.2086805,0.7913195
31.75,75.5,0.20995533,0.79004467
31.75,75.75,0.20877464,0.7912254
31.75,76.0,0.20830896,0.79169106
31.75,76.25,0.20877141,0.7912286
31.75,76.5,0.8179154,0.18208462
31.75,76.75,0.89942783,0.10057217
31.75,77.0,0.919729,0.080271006
31.75,77.25,0.9085914,0.09140861
31.75,77.5,0.8387723,0.1612277
31.75,77.75,0.8143279,0.1856721
31.75,78.0,0.796452,0.20354801
31.75,78.25,0.21398284,0.7860172
31.75,78.5,0.24106686,0.7589331
31.75,78.75,0.24127819,0.7587218
31.75,79.0,0.24530017,0.7546998
31.75,79.25,0.24566919,0.7543308
31.75,79.5,0.808673,0.19132698
31.75,79.75,0.87937576,0.120624244
31.75,80.0,0.90641856,0.09358144
31.75,80.25,0.9083956,0.09160441
31.75,80.5,0.90787995,0.09212005
31.75,80.75,0.90866816,0.09133184
31.75,81.0,0.88258433,0.11741567
31.75,81.25,0.87575465,0.124245346
31.75,81.5,0.83447665,0.16552335
31.75,81.75,0.79792476,0.20207524
31.75,82.0,0.8038588,0.19614118
31.75,82.25,0.8389483,0.16105169
31.75,82.5,0.8532968,0.14670318
31.75,82.75,0.82437783,0.17562217
31.75,83.0,0.8732102,0.12678981
31.75,83.25,0.92845917,0.07154083
31.75,83.5,0.93849105,0.061508954
31.75,83.75,0.90796274,0.09203726
31.75,84.0,0.8740385,0.12596148
31.75,84.25,0.87420803,0.12579197
31.75,84.5,0.87568015,0.12431985
31.75,84.75,0.86541754,0.13458246
31.75,85.0,0.83900976,0.16099024
31.75,85.25,0.84197664,0.15802336
31.75,85.5,0.8475481,0.15245187
31.75,85.75,0.8663456,0.13365442
31.75,86.0,0.82830846,0.17169154
31.75,86.25,0.88196886,0.118031144
31.75,86.5,0.8897936,0.110206425
31.75,86.75,0.88386315,0.11613685
31.75,87.0,0.8279852,0.17201477
31.75,87.25,0.8634715,0.13652849
31.75,87.5,0.8341268,0.16587323
31.75,87.75,0.84144425,0.15855575
31.75,88.0,0.83116287,0.16883713
31.75,88.25,0.8277919,0.17220807
31.75,88.5,0.80376035,0.19623965
31.75,88.75,0.20664151,0.7933585
31.75,89.0,0.7984719,0.20152807
31.75,89.25,0.7974134,0.20258659
31.75,89.5,0.21069054,0.78930944
31.75,89.75,0.20899713,0.79100287
31.75,90.0,0.20913106,0.79086894
31.75,90.25,0.79866874,0.20133126
31.75,90.5,0.8041786,0.1958214
31.75,90.75,0.81852335,0.18147665
31.75,91.0,0.80439067,0.19560933
31.75,91.25,0.8103862,0.18961382
31.75,91.5,0.81415176,0.18584824
31.75,91.75,0.8142539,0.18574607
31.75,92.0,0.8282947,0.1717053
31.75,92.25,0.8452459,0.1547541
31.75,92.5,0.824193,0.175807
31.75,92.75,0.8550068,0.14499319
31.75,93.0,0.86038774,0.13961226
31.75,93.25,0.9231772,0.07682282
31.75,93.5,0.9502851,0.049714923
31.75,93.75,0.9449176,0.05508238
31.75,94.0,0.9231772,0.07682282
31.75,94.25,0.9231772,0.07682282
31.75,94.5,0.88748807,0.11251193
31.75,94.75,0.8417459,0.15825409
31.75,95.0,0.8147455,0.18525451
31.75,95.25,0.81732565,0.18267435
31.75,95.5,0.8035391,0.1964609
31.75,95.75,0.7923135,0.20768648
31.75,96.0,0.817204,0.182796
32.0,68.0,0.49936217,0.5006378
32.0,68.25,0.49936217,0.5006378
32.0,68.5,0.49936217,0.5006378
32.0,68.75,0.49936217,0.5006378
32.0,69.0,0.20776862,0.7922314
32.0,69.25,0.21047181,0.7895282
32.0,69.5,0.20932952,0.7906705
32.0,69.75,0.7962093,0.20379072
32.0,70.0,0.79717827,0.20282173
32.0,70.25,0.79631263,0.20368737
32.0,70.5,0.84220064,0.15779936
32.0,70.75,0.8659905,0.13400948
32.0,71.0,0.86033297,0.13966703
32.0,71.25,0.81827104,0.18172896
32.0,71.5,0.8094561,0.19054389
32.0,71.75,0.83926266,0.16073734
32.0,72.0,0.82558066,0.17441934
32.0,72.25,0.8003008,0.19969922
32.0,72.5,0.20620424,0.79379576
32.0,72.75,0.20884286,0.7911571
32.0,73.0,0.20620424,0.79379576
32.0,73.25,0.20884286,0.7911571
32.0,73.5,0.20902339,0.79097664
32.0,73.75,0.20855463,0.7914454
32.0,74.0,0.20855463,0.7914454
32.0,74.25,0.20618351,0.7938165
32.0,74.5,0.20780323,0.79219675
32.0,74.75,0.20813693,0.7918631
32.0,75.0,0.20724538,0.79275465
32.0,75.25,0.2089878,0.79101217
32.0,75.5,0.20741741,0.7925826
32.0,75.75,0.2089163,0.7910837
32.0,76.0,0.8142478,0.18575221
32.0,76.25,0.8278818,0.17211819
32.0,76.5,0.8860716,0.11392838
32.0,76.75,0.9056235,0.094376504
32.0,77.0,0.89912885,0.100871146
32.0,77.25,0.867331,0.13266897
32.0,77.5,0.79756534,0.20243466
32.0,77.75,0.21287526,0.78712475
32.0,78.0,0.21147253,0.7885275
32.0,78.25,0.24580686,0.7541931
32.0,78.5,0.2104465,0.7895535
32.0,78.75,0.22268687,0.7773131
32.0,79.0,0.4991986,0.50080144
32.0,79.25,0.49902505,0.50097495
32.0,79.5,0.80277354,0.19722646
32.0,79.75,0.84172195,0.15827805
32.0,80.0,0.86004174,0.13995826
32.0,80.25,0.87604284,0.12395716
32.0,80.5,0.87284595,0.12715405
32.0,80.75,0.85848105,0.14151895
32.0,81.0,0.8446372,0.15536278
32.0,81.25,0.8475267,0.15247327
32.0,81.5,0.8283738,0.17162621
32.0,81.75,0.79756266,0.20243734
32.0,82.0,0.7981784,0.20182163
32.0,82.25,0.82447964,0.17552036
32.0,82.5,0.83143824,0.16856176
32.0,82.75,0.86713785,0.13286215
32.0,83.0,0.9174403,0.082559705
32.0,83.25,0.9347243,0.06527573
32.0,83.5,0.92387295,0.07612705
32.0,83.75,0.9082195,0.09178048
32.0,84.0,0.871376,0.12862402
32.0,84.25,0.8473191,0.15268087
32.0,84.5,0.83900976,0.16099024
32.0,84.75,0.8448289,0.1551711
32.0,85.0,0.83143824,0.16856176
32.0,85.25,0.857972,0.14202797
32.0,85.5,0.8498235,0.15017653
32.0,85.75,0.8503078,0.14969218
32.0,86.0,0.8532968,0.14670318
32.0,86.25,0.88602984,0.11397016
32.0,86.5,0.89795214,0.10204786
32.0,86.75,0.8732102,0.12678981
32.0,87.0,0.8387344,0.16126561
32.0,87.25,0.8275716,0.17242843
32.0,87.5,0.8236774,0.17632258
32.0,87.75,0.8279852,0.17201477
32.0,88.0,0.81765896,0.18234104
32.0,88.25,0.79796624,0.20203376
32.0,88.5,0.8139757,0.18602431
32.0,88.75,0.8146753,0.18532473
32.0,89.0,0.7987002,0.20129979
32.0,89.25,0.2083497,0.7916503
32.0,89.5,0.21081808,0.78918195
32.0,89.75,0.21069054,0.78930944
32.0,90.0,0.21098584,0.78901416
32.0,90.25,0.21055661,0.7894434
32.0,90.5,0.79827774,0.20172226
32.0,90.75,0.20963737,0.7903626
32.0,91.0,0.20994097,0.79005903
32.0,91.25,0.79762053,0.20237947
32.0,91.5,0.8314282,0.16857183
32.0,91.75,0.8502361,0.14976388
32.0,92.0,0.8565773,0.14342272
32.0,92.25,0.8762598,0.123740196
32.0,92.5,0.86740315,0.13259685
32.0,92.75,0.8645869,0.13541311
32.0,93.0,0.8452366,0.1547634
32.0,93.25,0.8947815,0.10521853
32.0,93.5,0.94974566,0.050254345
32.0,93.75,0.933961,0.066039026
32.0,94.0,0.8692215,0.13077849
32.0,94.25,0.8851586,0.1148414
32.0,94.5,0.8475869,0.15241307
32.0,94.75,0.7958143,0.20418572
32.0,95.0,0.7967325,0.20326751
32.0,95.25,0.7958361,0.20416391
32.0,95.5,0.79612756,0.20387244
32.0,95.75,0.8500888,0.14991122
32.0,96.0,0.83805805,0.16194195
32.25,68.0,0.49936217,0.5006378
32.25,68.25,0.49936217,0.5006378
32.25,68.5,0.49936217,0.5006378
32.25,68.75,0.49936217,0.5006378
32.25,69.0,0.21311721,0.78688276
32.25,69.25,0.20950134,0.7904987
32.25,69.5,0.20950416,0.7904959
32.25,69.75,0.83491504,0.16508496
32.25,70.0,0.8645191,0.13548088
32.25,70.25,0.8666618,0.13333821
32.25,70.5,0.88026464,0.11973536
32.25,70.75,0.88428134,0.11571866
32.25,71.0,0.865821,0.134179
32.25,71.25,0.83139145,0.16860855
32.25,71.5,0.81906337,0.18093663
32.25,71.75,0.82835025,0.17164975
32.25,72.0,0.79995584,0.20004416
32.25,72.25,0.2083741,0.7916259
32.25,72.5,0.20782396,0.792176
32.25,72.75,0.20620424,0.79379576
32.25,73.0,0.20884286,0.7911571
32.25,73.25,0.20573547,0.79426455
32.25,73.5,0.8003008,0.19969922
32.25,73.75,0.8003008,0.19969922
32.25,74.0,0.20753573,0.79246426
32.25,74.25,0.20780323,0.79219675
32.25,74.5,0.20780323,0.79219675
32.25,74.75,0.20891759,0.7910824
32.25,75.0,0.20849206,0.79150796
32.25,75.25,0.20813693,0.7918631
32.25,75.5,0.20813693,0.7918631
32.25,75.75,0.20847684,0.79152316
32.25,76.0,0.8278818,0.17211819
32.25,76.25,0.8355512,0.1644488
32.25,76.5,0.82800466,0.17199534
32.25,76.75,0.8146,0.18540001
32.25,77.0,0.81400675,0.18599325
32.25,77.25,0.8144983,0.1855017
32.25,77.5,0.21067056,0.7893294
32.25,77.75,0.49972776,0.5002723
32.25,78.0,0.21086997,0.78913003
32.25,78.25,0.797187,0.20281303
32.25,78.5,0.797187,0.20281303
32.25,78.75,0.24977021,0.7502298
32.25,79.0,0.797187,0.20281303
32.25,79.25,0.8145912,0.18540877
32.25,79.5,0.82344574,0.17655426
32.25,79.75,0.8145912,0.18540877
32.25,80.0,0.80279016,0.19720984
32.25,80.25,0.808673,0.19132698
32.25,80.5,0.7961046,0.20389539
32.25,80.75,0.21185067,0.78814936
32.25,81.0,0.21070448,0.78929555
32.25,81.25,0.7980454,0.2019546
32.25,81.5,0.8042521,0.19574791
32.25,81.75,0.20995377,0.7900462
32.25,82.0,0.8042521,0.19574791
32.25,82.25,0.81486046,0.18513954
32.25,82.5,0.803594,0.196406
32.25,82.75,0.8527577,0.14724231
32.25,83.0,0.9196545,0.08034551
32.25,83.25,0.93849105,0.061508954
32.25,83.5,0.93648887,0.06351113
32.25,83.75,0.9186079,0.08139211
32.25,84.0,0.9082601,0.09173989
32.25,84.25,0.9003254,0.09967458
32.25,84.5,0.84474164,0.15525836
32.25,84.75,0.8177984,0.18220162
32.25,85.0,0.83900976,0.16099024
32.25,85.25,0.86764437,0.13235563
32.25,85.5,0.8939995,0.10600048
32.25,85.75,0.8931037,0.10689628
32.25,86.0,0.8503078,0.14969218
32.25,86.25,0.85008025,0.14991975
32.25,86.5,0.86764437,0.13235563
32.25,86.75,0.8499708,0.15002918
32.25,87.0,0.80367213,0.19632787
32.25,87.25,0.7984186,0.20158142
32.25,87.5,0.8045723,0.19542772
32.25,87.75,0.7978424,0.20215762
32.25,88.0,0.7978678,0.20213223
32.25,88.25,0.80343044,0.19656956
32.25,88.5,0.8238494,0.17615062
32.25,88.75,0.8419998,0.15800017
32.25,89.0,0.8499708,0.15002918
32.25,89.25,0.8179575,0.18204248
32.25,89.5,0.21095201,0.78904796
32.25,89.75,0.7973673,0.20263273
32.25,90.0,0.8046143,0.1953857
32.25,90.25,0.83786166,0.16213834
32.25,90.5,0.87420803,0.12579197
32.25,90.75,0.86568284,0.13431716
32.25,91.0,0.8764293,0.12357068
32.25,91.25,0.8732187,0.12678128
32.25,91.5,0.871554,0.12844598
32.25,91.75,0.8776299,0.122370124
32.25,92.0,0.87447333,0.12552667
32.25,92.25,0.88748807,0.11251193
32.25,92.5,0.87746036,0.12253964
32.25,92.75,0.8550068,0.14499319
32.25,93.0,0.81074786,0.18925214
32.25,93.25,0.20585395,0.79414606
32.25,93.5,0.8142539,0.18574607
32.25,93.75,0.8145963,0.1854037
32.25,94.0,0.8179205,0.1820795
32.25,94.25,0.84248483,0.15751517
32.25,94.5,0.8317015,0.16829848
32.25,94.75,0.8030637,0.19693631
32.25,95.0,0.8282505,0.17174947
32.25,95.25,0.8233635,0.17663652
32.25,95.5,0.83805805,0.16194195
32.25,95.75,0.8563244,0.14367563
32.25,96.0,0.8158188,0.18418121
32.5,68.0,0.49936217,0.5006378
32.5,68.25,0.49936217,0.5006378
32.5,68.5,0.49936217,0.5006378
32.5,68.75,0.20997575,0.7900243
32.5,69.0,0.22070566,0.7792944
32.5,69.25,0.21106102,0.788939
32.5,69.5,0.21036883,0.7896312
32.5,69.75,0.82413286,0.17586714
32.5,70.0,0.85008943,0.14991057
32.5,70.25,0.81767106,0.18232894
32.5,70.5,0.8635125,0.13648748
32.5,70.75,0.8821306,0.11786938
32.5,71.0,0.86483204,0.13516796
32.5,71.25,0.8282264,0.17177361
32.5,71.5,0.8110368,0.18896317
32.5,71.75,0.79885453,0.20114547
32.5,72.0,0.20573547,0.79426455
32.5,72.25,0.20573547,0.79426455
32.5,72.5,0.20884286,0.7911571
32.5,72.75,0.2083741,0.7916259
32.5,73.0,0.2083741,0.7916259
32.5,73.25,0.2083741,0.7916259
32.5,73.5,0.80013067,0.19986933
32.5,73.75,0.205916,0.794084
32.5,74.0,0.205916,0.794084
32.5,74.25,0.20618351,0.7938165
32.5,74.5,0.20780323,0.79219675
32.5,74.75,0.20813693,0.7918631
32.5,75.0,0.20813693,0.7918631
32.5,75.25,0.20813693,0.7918631
32.5,75.5,0.8042707,0.19572932
32.5,75.75,0.8243806,0.17561942
32.5,76.0,0.8546227,0.14537728
32.5,76.25,0.8278818,0.17211819
32.5,76.5,0.20991454,0.79008543
32.5,76.75,0.79841036,0.20158964
32.5,77.0,0.81830937,0.18169063
32.5,77.25,0.8146743,0.18532568
32.5,77.5,0.21192141,0.7880786
32.5,77.75,0.22370036,0.77629966
32.5,78.0,0.24179967,0.75820035
32.5,78.25,0.797187,0.20281303
32.5,78.5,0.2463754,0.7536246
32.5,78.75,0.7965322,0.20346779
32.5,79.0,0.80446416,0.19553584
32.5,79.25,0.8100129,0.18998712
32.5,79.5,0.79765856,0.20234144
32.5,79.75,0.21383125,0.78616875
32.5,80.0,0.49891433,0.50108564
32.5,80.25,0.7968033,0.2031967
32.5,80.5,0.21375096,0.78624904
32.5,80.75,0.21185067,0.78814936
32.5,81.0,0.2112068,0.7887932
32.5,81.25,0.21056814,0.78943187
32.5,81.5,0.21045706,0.7895429
32.5,81.75,0.21045706,0.7895429
32.5,82.0,0.20972425,0.79027575
32.5,82.25,0.8036685,0.1963315
32.5,82.5,0.79564464,0.20435536
32.5,82.75,0.8498235,0.15017653
32.5,83.0,0.9133757,0.086624324
32.5,83.25,0.91638994,0.08361006
32.5,83.5,0.92542404,0.07457596
32.5,83.75,0.9308341,0.069165885
32.5,84.0,0.92591244,0.07408756
32.5,84.25,0.93846625,0.06153375
32.5,84.5,0.924367,0.07563299
32.5,84.75,0.856649,0.14335102
32.5,85.0,0.83750147,0.16249853
32.5,85.25,0.87420803,0.12579197
32.5,85.5,0.8895368,0.1104632
32.5,85.75,0.8656743,0.13432568
32.5,86.0,0.8372261,0.1627739
32.5,86.25,0.7978424,0.20215762
32.5,86.5,0.8279852,0.17201477
32.5,86.75,0.8034415,0.19655848
32.5,87.0,0.20831072,0.7916893
32.5,87.25,0.20891386,0.79108614
32.5,87.5,0.79782164,0.20217836
32.5,87.75,0.8041245,0.19587553
32.5,88.0,0.8100965,0.1899035
32.5,88.25,0.7975228,0.20247722
32.5,88.5,0.81827617,0.18172383
32.5,88.75,0.8473191,0.15268087
32.5,89.0,0.8532968,0.14670318
32.5,89.25,0.8525257,0.14747429
32.5,89.5,0.83459485,0.16540515
32.5,89.75,0.8525257,0.14747429
32.5,90.0,0.86541754,0.13458246
32.5,90.25,0.87420803,0.12579197
32.5,90.5,0.9005822,0.099417806
32.5,90.75,0.8939995,0.10600048
32.5,91.0,0.89769536,0.10230464
32.5,91.25,0.884251,0.115749
32.5,91.5,0.86774015,0.13225985
32.5,91.75,0.86013097,0.13986903
32.5,92.0,0.83433485,0.16566515
32.5,92.25,0.8565773,0.14342272
32.5,92.5,0.8354666,0.16453338
32.5,92.75,0.8317015,0.16829848
32.5,93.0,0.8343319,0.16566807
32.5,93.25,0.7974676,0.20253241
32.5,93.5,0.8034218,0.1965782
32.5,93.75,0.80933446,0.19066554
32.5,94.0,0.8142539,0.18574607
32.5,94.25,0.831914,0.16808599
32.5,94.5,0.8548135,0.14518648
32.5,94.75,0.8569143,0.14308572
32.5,95.0,0.8644682,0.13553178
32.5,95.25,0.8734507,0.1265493
32.5,95.5,0.8345616,0.16543841
32.5,95.75,0.831665,0.16833502
32.5,96.0,0.8444216,0.15557837
32.75,68.0,0.49936217,0.5006378
32.75,68.25,0.49936217,0.5006378
32.75,68.5,0.49936217,0.5006378
32.75,68.75,0.20762329,0.7923767
32.75,69.0,0.20902961,0.7909704
32.75,69.25,0.21008296,0.78991705
32.75,69.5,0.80255836,0.19744164
32.75,69.75,0.8140061,0.18599391
32.75,70.0,0.80353403,0.19646597
32.75,70.25,0.84728587,0.15271413
32.75,70.5,0.8776808,0.12231922
32.75,70.75,0.8842928,0.11570722
32.75,71.0,0.8568595,0.1431405
32.75,71.25,0.8237955,0.1762045
32.75,71.5,0.81906337,0.18093663
32.75,71.75,0.80359966,0.19640034
32.75,72.0,0.804531,0.19546902
32.75,72.25,0.2083741,0.7916259
32.75,72.5,0.20884286,0.7911571
32.75,72.75,0.20894426,0.79105574
32.75,73.0,0.20827945,0.79172057
32.75,73.25,0.2087482,0.7912518
32.75,73.5,0.80077046,0.19922954
32.75,73.75,0.8112156,0.18878442
32.75,74.0,0.81986684,0.18013316
32.75,74.25,0.811739,0.18826097
32.75,74.5,0.20618351,0.7938165
32.75,74.75,0.20813693,0.7918631
32.75,75.0,0.20777935,0.79222065
32.75,75.25,0.8038714,0.1961286
32.75,75.5,0.8188736,0.18112642
32.75,75.75,0.81905264,0.18094736
32.75,76.0,0.8563865,0.14361352
32.75,76.25,0.8421871,0.1578129
32.75,76.5,0.79818404,0.20181596
32.75,76.75,0.80365366,0.19634634
32.75,77.0,0.80853724,0.19146276
32.75,77.25,0.81486046,0.18513954
32.75,77.5,0.80361927,0.19638073
32.75,77.75,0.21117385,0.78882617
32.75,78.0,0.21192141,0.7880786
32.75,78.25,0.21147253,0.7885275
32.75,78.5,0.21147253,0.7885275
32.75,78.75,0.7967017,0.20329827
32.75,79.0,0.21446896,0.78553104
32.75,79.25,0.25542077,0.7445792
32.75,79.5,0.21383125,0.78616875
32.75,79.75,0.21747665,0.78252333
32.75,80.0,0.49891433,0.50108564
32.75,80.25,0.79765856,0.20234144
32.75,80.5,0.49975786,0.5002421
32.75,80.75,0.79728854,0.20271146
32.75,81.0,0.7959835,0.2040165
32.75,81.25,0.21056814,0.78943187
32.75,81.5,0.21075574,0.7892443
32.75,81.75,0.21022657,0.78977346
32.75,82.0,0.21045706,0.7895429
32.75,82.25,0.21045706,0.7895429
32.75,82.5,0.7976918,0.20230818
32.75,82.75,0.83497864,0.16502136
32.75,83.0,0.8844388,0.11556119
32.75,83.25,0.8715207,0.1284793
32.75,83.5,0.8930789,0.10692108
32.75,83.75,0.9186079,0.08139211
32.75,84.0,0.8725689,0.1274311
32.75,84.25,0.8980676,0.10193241
32.75,84.5,0.92387295,0.07612705
32.75,84.75,0.8920702,0.107929826
32.75,85.0,0.81464416,0.18535584
32.75,85.25,0.8317107,0.1682893
32.75,85.5,0.86012244,0.13987756
32.75,85.75,0.841756,0.15824401
32.75,86.0,0.8547415,0.14525849
32.75,86.25,0.8138795,0.18612051
32.75,86.5,0.7979292,0.20207077
32.75,86.75,0.8095143,0.19048572
32.75,87.0,0.7979573,0.2020427
32.75,87.25,0.2090414,0.7909586
32.75,87.5,0.8141484,0.18585157
32.75,87.75,0.7975228,0.20247722
32.75,88.0,0.80934286,0.19065714
32.75,88.25,0.8498235,0.15017653
32.75,88.5,0.8387344,0.16126561
32.75,88.75,0.82414794,0.17585206
32.75,89.0,0.8343681,0.16563189
32.75,89.25,0.8565617,0.14343828
32.75,89.5,0.8499708,0.15002918
32.75,89.75,0.8353839,0.16461611
32.75,90.0,0.8416827,0.15831733
32.75,90.25,0.83524793,0.16475207
32.75,90.5,0.8634715,0.13652849
32.75,90.75,0.83778995,0.16221005
32.75,91.0,0.8146404,0.1853596
32.75,91.25,0.7993691,0.2006309
32.75,91.5,0.8444818,0.15551817
32.75,91.75,0.8421025,0.15789747
32.75,92.0,0.8417459,0.15825409
32.75,92.25,0.81447655,0.18552345
32.75,92.5,0.80370736,0.19629264
32.75,92.75,0.81792426,0.18207574
32.75,93.0,0.8475844,0.15241557
32.75,93.25,0.81505746,0.18494254
32.75,93.5,0.80912966,0.19087034
32.75,93.75,0.8147455,0.18525451
32.75,94.0,0.80957603,0.19042397
32.75,94.25,0.856827,0.14317298
32.75,94.5,0.88222563,0.11777437
32.75,94.75,0.88602984,0.11397016
32.75,95.0,0.8584693,0.1415307
32.75,95.25,0.8169825,0.18301749
32.75,95.5,0.8038984,0.1961016
32.75,95.75,0.83178437,0.16821563
32.75,96.0,0.8584693,0.1415307
33.0,68.0,0.4997215,0.5002785
33.0,68.25,0.4997215,0.5002785
33.0,68.5,0.4997215,0.5002785
33.0,68.75,0.4997215,0.5002785
33.0,69.0,0.21247885,0.7875211
33.0,69.25,0.8185507,0.1814493
33.0,69.5,0.83119327,0.16880673
33.0,69.75,0.8568595,0.1431405
33.0,70.0,0.818095,0.18190497
33.0,70.25,0.859093,0.14090699
33.0,70.5,0.9036125,0.096387506
33.0,70.75,0.88837653,0.111623466
33.0,71.0,0.8280156,0.17198437
33.0,71.25,0.8101135,0.18988651
33.0,71.5,0.7976377,0.2023623
33.0,71.75,0.81847894,0.18152106
33.0,72.0,0.83524525,0.16475475
33.0,72.25,0.811739,0.18826097
33.0,72.5,0.20620424,0.79379576
33.0,72.75,0.20816055,0.7918395
33.0,73.0,0.20628399,0.793716
33.0,73.25,0.20816055,0.7918395
33.0,73.5,0.81986684,0.18013316
33.0,73.75,0.87194765,0.12805235
33.0,74.0,0.85499954,0.14500046
33.0,74.25,0.8259256,0.17407441
33.0,74.5,0.20882213,0.79117787
33.0,74.75,0.20813693,0.7918631
33.0,75.0,0.81499046,0.18500954
33.0,75.25,0.8187549,0.18124509
33.0,75.5,0.8316092,0.16839081
33.0,75.75,0.8379731,0.16202688
33.0,76.0,0.84762263,0.15237737
33.0,76.25,0.83151275,0.16848725
33.0,76.5,0.8248238,0.1751762
33.0,76.75,0.8100047,0.18999529
33.0,77.0,0.7965322,0.20346779
33.0,77.25,0.7975463,0.20245367
33.0,77.5,0.21154793,0.7884521
33.0,77.75,0.22413194,0.77586806
33.0,78.0,0.24951203,0.750488
33.0,78.25,0.21153317,0.7884668
33.0,78.5,0.21183185,0.78816813
33.0,78.75,0.21055692,0.7894431
33.0,79.0,0.21177182,0.78822815
33.0,79.25,0.21221,0.78779
33.0,79.5,0.809168,0.19083202
33.0,79.75,0.7968033,0.2031967
33.0,80.0,0.21699247,0.7830075
33.0,80.25,0.21463946,0.7853606
33.0,80.5,0.21336272,0.7866373
33.0,80.75,0.2113226,0.7886774
33.0,81.0,0.21254417,0.7874558
33.0,81.25,0.21132639,0.78867364
33.0,81.5,0.20949481,0.7905052
33.0,81.75,0.21071614,0.7892839
33.0,82.0,0.21071614,0.7892839
33.0,82.25,0.21071614,0.7892839
33.0,82.5,0.21045631,0.7895437
33.0,82.75,0.21075499,0.789245
33.0,83.0,0.80337524,0.19662476
33.0,83.25,0.8041685,0.19583148
33.0,83.5,0.80996466,0.19003534
33.0,83.75,0.8322877,0.16771227
33.0,84.0,0.81814706,0.18185294
33.0,84.25,0.81814706,0.18185294
33.0,84.5,0.8443307,0.15566927
33.0,84.75,0.84723186,0.15276814
33.0,85.0,0.818516,0.18148398
33.0,85.25,0.8144238,0.1855762
33.0,85.5,0.8099037,0.19009632
33.0,85.75,0.8144238,0.1855762
33.0,86.0,0.8473191,0.15268087
33.0,86.25,0.8137448,0.18625522
33.0,86.5,0.81764066,0.18235934
33.0,86.75,0.83508533,0.16491467
33.0,87.0,0.8312593,0.16874069
33.0,87.25,0.80929804,0.19070196
33.0,87.5,0.8141484,0.18585157
33.0,87.75,0.86747485,0.13252515
33.0,88.0,0.86975724,0.13024276
33.0,88.25,0.8844636,0.11553639
33.0,88.5,0.83406955,0.16593045
33.0,88.75,0.7972888,0.20271122
33.0,89.0,0.804199,0.19580102
33.0,89.25,0.8238485,0.17615151
33.0,89.5,0.8499708,0.15002918
33.0,89.75,0.8237443,0.1762557
33.0,90.0,0.8042402,0.19575977
33.0,90.25,0.80423194,0.19576806
33.0,90.5,0.81477875,0.18522125
33.0,90.75,0.8447804,0.15521961
33.0,91.0,0.8550068,0.14499319
33.0,91.25,0.8147751,0.18522489
33.0,91.5,0.81444603,0.18555397
33.0,91.75,0.83886373,0.16113627
33.0,92.0,0.8762598,0.123740196
33.0,92.25,0.8478134,0.15218657
33.0,92.5,0.8450038,0.15499622
33.0,92.75,0.8417459,0.15825409
33.0,93.0,0.852791,0.14720899
33.0,93.25,0.86999774,0.13000226
33.0,93.5,0.852791,0.14720899
33.0,93.75,0.83805805,0.16194195
33.0,94.0,0.8172369,0.1827631
33.0,94.25,0.8378284,0.1621716
33.0,94.5,0.85017604,0.14982396
33.0,94.75,0.8287344,0.1712656
33.0,95.0,0.80950946,0.19049054
33.0,95.25,0.7967924,0.20320761
33.0,95.5,0.8324472,0.16755283
33.0,95.75,0.8318253,0.16817468
33.0,96.0,0.8150274,0.18497258
33.25,68.0,0.4997215,0.5002785
33.25,68.25,0.4997215,0.5002785
33.25,68.5,0.4997215,0.5002785
33.25,68.75,0.4997215,0.5002785
33.25,69.0,0.4997215,0.5002785
33.25,69.25,0.85679585,0.14320415
33.25,69.5,0.841511,0.15848899
33.25,69.75,0.8235803,0.17641968
33.25,70.0,0.845011,0.154989
33.25,70.25,0.8239581,0.1760419
33.25,70.5,0.84217477,0.15782523
33.25,70.75,0.8317968,0.16820318
33.25,71.0,0.8386288,0.16137117
33.25,71.25,0.8472546,0.15274543
33.25,71.5,0.8472546,0.15274543
33.25,71.75,0.859093,0.14090699
33.25,72.0,0.85463345,0.14536655
33.25,72.25,0.81470567,0.18529433
33.25,72.5,0.20620424,0.79379576
33.25,72.75,0.20884286,0.7911571
33.25,73.0,0.20628399,0.793716
33.25,73.25,0.20552193,0.79447806
33.25,73.5,0.82047266,0.17952734
33.25,73.75,0.83982384,0.16017616
33.25,74.0,0.8154002,0.18459982
33.25,74.25,0.7993927,0.2006073
33.25,74.5,0.8143338,0.1856662
33.25,74.75,0.8143491,0.18565089
33.25,75.0,0.8563865,0.14361352
33.25,75.25,0.8581338,0.1418662
33.25,75.5,0.856893,0.143107
33.25,75.75,0.8791732,0.12082678
33.25,76.0,0.8546227,0.14537728
33.25,76.25,0.84205115,0.15794885
33.25,76.5,0.83151275,0.16848725
33.25,76.75,0.79617256,0.20382744
33.25,77.0,0.2555,0.74450004
33.25,77.25,0.24440719,0.7555928
33.25,77.5,0.5000871,0.49991292
33.25,77.75,0.5000871,0.49991292
33.25,78.0,0.2562328,0.7437672
33.25,78.25,0.21183185,0.78816813
33.25,78.5,0.21977678,0.78022325
33.25,78.75,0.5000871,0.49991292
33.25,79.0,0.2574098,0.7425902
33.25,79.25,0.22051138,0.7794886
33.25,79.5,0.21419057,0.7858094
33.25,79.75,0.21379165,0.78620833
33.25,80.0,0.21264069,0.7873593
33.25,80.25,0.23411901,0.765881
33.25,80.5,0.21359225,0.78640777
33.25,80.75,0.21294281,0.78705716
33.25,81.0,0.21209529,0.78790474
33.25,81.25,0.21132639,0.78867364
33.25,81.5,0.21081638,0.7891836
33.25,81.75,0.21051674,0.78948325
33.25,82.0,0.2103131,0.7896869
33.25,82.25,0.21051674,0.78948325
33.25,82.5,0.21045631,0.7895437
33.25,82.75,0.80886775,0.19113225
33.25,83.0,0.8149101,0.18508989
33.25,83.25,0.81478596,0.18521404
33.25,83.5,0.82448536,0.17551464
33.25,83.75,0.8172893,0.1827107
33.25,84.0,0.8347899,0.16521013
33.25,84.25,0.847479,0.15252101
33.25,84.5,0.8445627,0.15543729
33.25,84.75,0.84188914,0.15811086
33.25,85.0,0.835024,0.164976
33.25,85.25,0.8035894,0.1964106
33.25,85.5,0.20831646,0.79168355
33.25,85.75,0.80381113,0.19618887
33.25,86.0,0.87160796,0.12839204
33.25,86.25,0.88019013,0.119809866
33.25,86.5,0.87395126,0.12604874
33.25,86.75,0.8545482,0.14545178
33.25,87.0,0.8562947,0.14370531
33.25,87.25,0.8580593,0.14194071
33.25,87.5,0.85643065,0.14356935
33.25,87.75,0.89232695,0.10767305
33.25,88.0,0.8656743,0.13432568
33.25,88.25,0.8844636,0.11553639
33.25,88.5,0.88577306,0.11422694
33.25,88.75,0.8532968,0.14670318
33.25,89.0,0.814447,0.18555301
33.25,89.25,0.8587455,0.14125448
33.25,89.5,0.8507808,0.14921921
33.25,89.75,0.8282882,0.1717118
33.25,90.0,0.82422626,0.17577374
33.25,90.25,0.79866874,0.20133126
33.25,90.5,0.7988037,0.20119631
33.25,90.75,0.8145525,0.18544751
33.25,91.0,0.8420445,0.15795553
33.25,91.25,0.80407184,0.19592816
33.25,91.5,0.82349855,0.17650145
33.25,91.75,0.87142295,0.12857705
33.25,92.0,0.8565773,0.14342272
33.25,92.25,0.8472474,0.15275258
33.25,92.5,0.8535621,0.14643788
33.25,92.75,0.85030913,0.14969087
33.25,93.0,0.86013097,0.13986903
33.25,93.25,0.88420683,0.11579317
33.25,93.5,0.8562234,0.1437766
33.25,93.75,0.81750166,0.18249834
33.25,94.0,0.80933905,0.19066095
33.25,94.25,0.8284587,0.17154127
33.25,94.5,0.8564554,0.14354461
33.25,94.75,0.8762784,0.1237216
33.25,95.0,0.8423314,0.15766859
33.25,95.25,0.8037224,0.19627762
33.25,95.5,0.8032224,0.19677758
33.25,95.75,0.79648566,0.20351434
33.25,96.0,0.7964925,0.20350748
33.5,68.0,0.21293983,0.78706014
33.5,68.25,0.2135036,0.7864964
33.5,68.5,0.22736186,0.77263814
33.5,68.75,0.4997215,0.5002785
33.5,69.0,0.4997215,0.5002785
33.5,69.25,0.8183683,0.18163168
33.5,69.5,0.8763107,0.123689294
33.5,69.75,0.83889854,0.16110146
33.5,70.0,0.8736656,0.12633443
33.5,70.25,0.87361234,0.12638766
33.5,70.5,0.84732974,0.15267026
33.5,70.75,0.87114656,0.12885344
33.5,71.0,0.90672827,0.09327173
33.5,71.25,0.89499277,0.10500723
33.5,71.5,0.88907695,0.11092305
33.5,71.75,0.85044336,0.14955664
33.5,72.0,0.8138404,0.18615961
33.5,72.25,0.80980104,0.19019896
33.5,72.5,0.20620424,0.79379576
33.5,72.75,0.20552193,0.79447806
33.5,73.0,0.20678407,0.79321593
33.5,73.25,0.8039446,0.19605541
33.5,73.5,0.8154002,0.18459982
33.5,73.75,0.205916,0.794084
33.5,74.0,0.8038714,0.1961286
33.5,74.25,0.8245193,0.17548072
33.5,74.5,0.8189255,0.1810745
33.5,74.75,0.8393524,0.16064757
33.5,75.0,0.87601286,0.12398714
33.5,75.25,0.88415027,0.11584973
33.5,75.5,0.867331,0.13266897
33.5,75.75,0.89240146,0.10759854
33.5,76.0,0.83908427,0.16091573
33.5,76.25,0.8143279,0.1856721
33.5,76.5,0.8029206,0.19707942
33.5,76.75,0.22033873,0.7796613
33.5,77.0,0.5000871,0.49991292
33.5,77.25,0.2241055,0.7758945
33.5,77.5,0.21992758,0.78007245
33.5,77.75,0.5000871,0.49991292
33.5,78.0,0.24440719,0.7555928
33.5,78.25,0.5000871,0.49991292
33.5,78.5,0.5000871,0.49991292
33.5,78.75,0.21131037,0.7886896
33.5,79.0,0.2115423,0.7884577
33.5,79.25,0.50011736,0.49988264
33.5,79.5,0.2610959,0.7389041
33.5,79.75,0.28588432,0.7141157
33.5,80.0,0.22077121,0.7792288
33.5,80.25,0.21450807,0.78549194
33.5,80.5,0.21359225,0.78640777
33.5,80.75,0.22051138,0.7794886
33.5,81.0,0.21209529,0.78790474
33.5,81.25,0.21965277,0.7803472
33.5,81.5,0.21081638,0.7891836
33.5,81.75,0.2103131,0.7896869
33.5,82.0,0.21004054,0.78995943
33.5,82.25,0.21051674,0.78948325
33.5,82.5,0.81806684,0.18193316
33.5,82.75,0.8088224,0.1911776
33.5,83.0,0.8043536,0.1956464
33.5,83.25,0.80996466,0.19003534
33.5,83.5,0.80996466,0.19003534
33.5,83.75,0.8102466,0.18975341
33.5,84.0,0.80886775,0.19113225
33.5,84.25,0.82856977,0.17143023
33.5,84.5,0.8445627,0.15543729
33.5,84.75,0.8284688,0.1715312
33.5,85.0,0.8423415,0.15765852
33.5,85.25,0.7986547,0.20134532
33.5,85.5,0.20764804,0.79235196
33.5,85.75,0.2089155,0.7910845
33.5,86.0,0.8038872,0.19611281
33.5,86.25,0.8447385,0.15526152
33.5,86.5,0.876164,0.12383598
33.5,86.75,0.86080104,0.13919896
33.5,87.0,0.80979705,0.19020295
33.5,87.25,0.8037203,0.1962797
33.5,87.5,0.8413841,0.15861589
33.5,87.75,0.88019013,0.119809866
33.5,88.0,0.9005822,0.099417806
33.5,88.25,0.92593724,0.074062765
33.5,88.5,0.93648887,0.06351113
33.5,88.75,0.9347243,0.06527573
33.5,89.0,0.9115548,0.08844519
33.5,89.25,0.8991052,0.10089481
33.5,89.5,0.8663456,0.13365442
33.5,89.75,0.8280069,0.17199308
33.5,90.0,0.81081814,0.18918186
33.5,90.25,0.7993691,0.2006309
33.5,90.5,0.81042737,0.18957263
33.5,90.75,0.8103862,0.18961382
33.5,91.0,0.808007,0.191993
33.5,91.25,0.82494336,0.17505664
33.5,91.5,0.8236258,0.1763742
33.5,91.75,0.824193,0.175807
33.5,92.0,0.80399156,0.19600844
33.5,92.25,0.82789105,0.17210895
33.5,92.5,0.83886373,0.16113627
33.5,92.75,0.8773731,0.1226269
33.5,93.0,0.8500888,0.14991122
33.5,93.25,0.8239427,0.17605728
33.5,93.5,0.81690073,0.18309927
33.5,93.75,0.8236405,0.17635947
33.5,94.0,0.80380416,0.19619584
33.5,94.25,0.8170525,0.18294752
33.5,94.5,0.84455264,0.15544736
33.5,94.75,0.84210175,0.15789825
33.5,95.0,0.81470263,0.18529737
33.5,95.25,0.20623836,0.7937616
33.5,95.5,0.20772319,0.7922768
33.5,95.75,0.2080019,0.7919981
33.5,96.0,0.20967989,0.7903201
33.75,68.0,0.4997215,0.5002785
33.75,68.25,0.20556457,0.79443544
33.75,68.5,0.22736186,0.77263814
33.75,68.75,0.21436091,0.7856391
33.75,69.0,0.21521808,0.78478193
33.75,69.25,0.79741746,0.20258254
33.75,69.5,0.89223194,0.10776806
33.75,69.75,0.92337036,0.07662964
33.75,70.0,0.90060586,0.09939414
33.75,70.25,0.89432216,0.10567784
33.75,70.5,0.8923506,0.107649386
33.75,70.75,0.8859348,0.11406517
33.75,71.0,0.88907695,0.11092305
33.75,71.25,0.8562039,0.14379609
33.75,71.5,0.85026515,0.14973485
33.75,71.75,0.82558066,0.17441934
33.75,72.0,0.8148629,0.1851371
33.75,72.25,0.8003008,0.19969922
33.75,72.5,0.80407745,0.19592255
33.75,72.75,0.8194083,0.1805917
33.75,73.0,0.8510388,0.14896119
33.75,73.25,0.8512339,0.1487661
33.75,73.5,0.8110272,0.18897277
33.75,73.75,0.81105155,0.18894845
33.75,74.0,0.8453191,0.15468091
33.75,74.25,0.8451941,0.1548059
33.75,74.5,0.81862605,0.18137395
33.75,74.75,0.8824123,0.117587686
33.75,75.0,0.91525817,0.08474183
33.75,75.25,0.908294,0.09170598
33.75,75.5,0.88393766,0.11606234
33.75,75.75,0.8508553,0.14914471
33.75,76.0,0.8144983,0.1855017
33.75,76.25,0.79571915,0.20428085
33.75,76.5,0.21228074,0.78771925
33.75,76.75,0.21919477,0.78080523
33.75,77.0,0.5000871,0.49991292
33.75,77.25,0.21323459,0.7867654
33.75,77.5,0.21109904,0.788901
33.75,77.75,0.21102989,0.7889701
33.75,78.0,0.24493636,0.75506365
33.75,78.25,0.24493636,0.75506365
33.75,78.5,0.5000871,0.49991292
33.75,78.75,0.5000871,0.49991292
33.75,79.0,0.5000871,0.49991292
33.75,79.25,0.21234447,0.78765553
33.75,79.5,0.23411901,0.765881
33.75,79.75,0.2138919,0.78610814
33.75,80.0,0.21274874,0.78725123
33.75,80.25,0.22120357,0.77879643
33.75,80.5,0.21644507,0.7835549
33.75,80.75,0.21294281,0.78705716
33.75,81.0,0.21179661,0.78820336
33.75,81.25,0.21025187,0.78974813
33.75,81.5,0.21536747,0.78463256
33.75,81.75,0.21071614,0.7892839
33.75,82.0,0.20757595,0.7924241
33.75,82.25,0.20949481,0.7905052
33.75,82.5,0.79833585,0.20166415
33.75,82.75,0.20913474,0.79086524
33.75,83.0,0.20920436,0.7907956
33.75,83.25,0.8043536,0.1956464
33.75,83.5,0.82871294,0.17128706
33.75,83.75,0.83479434,0.16520566
33.75,84.0,0.8043536,0.1956464
33.75,84.25,0.7986547,0.20134532
33.75,84.5,0.79748815,0.20251185
33.75,84.75,0.7978835,0.20211649
33.75,85.0,0.79833585,0.20166415
33.75,85.25,0.20925796,0.79074204
33.75,85.5,0.20845039,0.7915496
33.75,85.75,0.20972122,0.7902788
33.75,86.0,0.80397284,0.19602716
33.75,86.25,0.7975228,0.20247722
33.75,86.5,0.80979705,0.19020295
33.75,86.75,0.817523,0.182477
33.75,87.0,0.8034415,0.19655848
33.75,87.25,0.20913926,0.7908608
33.75,87.5,0.8141484,0.18585157
33.75,87.75,0.8505282,0.14947182
33.75,88.0,0.86707056,0.13292944
33.75,88.25,0.86764437,0.13235563
33.75,88.5,0.88602984,0.11397016
33.75,88.75,0.8991052,0.10089481
33.75,89.0,0.871039,0.12896103
33.75,89.25,0.8757762,0.12422383
33.75,89.5,0.88731855,0.11268145
33.75,89.75,0.89232695,0.10767305
33.75,90.0,0.8317339,0.16826612
33.75,90.25,0.79866874,0.20133126
33.75,90.5,0.21117741,0.7888226
33.75,90.75,0.8101492,0.1898508
33.75,91.0,0.8044383,0.1955617
33.75,91.25,0.8383566,0.16164339
33.75,91.5,0.8145751,0.18542492
33.75,91.75,0.20963424,0.79036576
33.75,92.0,0.20976178,0.7902382
33.75,92.25,0.82451886,0.17548114
33.75,92.5,0.86348003,0.13651997
33.75,92.75,0.88790846,0.11209154
33.75,93.0,0.86568284,0.13431716
33.75,93.25,0.8562234,0.1437766
33.75,93.5,0.8582373,0.14176267
33.75,93.75,0.852892,0.14710802
33.75,94.0,0.8324472,0.16755283
33.75,94.25,0.853023,0.146977
33.75,94.5,0.8150274,0.18497258
33.75,94.75,0.79694486,0.20305514
33.75,95.0,0.20780249,0.7921975
33.75,95.25,0.2080019,0.7919981
33.75,95.5,0.20830578,0.7916942
33.75,95.75,0.20830578,0.7916942
33.75,96.0,0.21517889,0.7848211
34.0,68.0,0.4997215,0.5002785
34.0,68.25,0.4997215,0.5002785
34.0,68.5,0.20894006,0.79106
34.0,68.75,0.20938894,0.790611
34.0,69.0,0.20894006,0.79106
34.0,69.25,0.7955393,0.20446068
34.0,69.5,0.8743547,0.12564528
34.0,69.75,0.91318715,0.086812854
34.0,70.0,0.94133407,0.05866593
34.0,70.25,0.93856555,0.061434448
34.0,70.5,0.91998446,0.08001554
34.0,70.75,0.90338683,0.09661317
34.0,71.0,0.94294834,0.05705166
34.0,71.25,0.9440564,0.05594361
34.0,71.5,0.83576655,0.16423345
34.0,71.75,0.84258014,0.15741986
34.0,72.0,0.8924874,0.10751259
34.0,72.25,0.8841181,0.11588192
34.0,72.5,0.8967838,0.10321617
34.0,72.75,0.8938666,0.1061334
34.0,73.0,0.8938666,0.1061334
34.0,73.25,0.90090483,0.099095166
34.0,73.5,0.8359975,0.16400248
34.0,73.75,0.85504043,0.14495957
34.0,74.0,0.89870334,0.10129666
34.0,74.25,0.8800951,0.119904876
34.0,74.5,0.8476492,0.15235078
34.0,74.75,0.908294,0.09170598
34.0,75.0,0.90356165,0.09643835
34.0,75.25,0.8991797,0.1008203
34.0,75.5,0.87108237,0.12891763
34.0,75.75,0.82865834,0.17134166
34.0,76.0,0.80452114,0.19547886
34.0,76.25,0.2112293,0.7887707
34.0,76.5,0.22033873,0.7796613
34.0,76.75,0.21109904,0.788901
34.0,77.0,0.22483832,0.7751617
34.0,77.25,0.21183185,0.78816813
34.0,77.5,0.21208325,0.7879168
34.0,77.75,0.2236135,0.7763865
34.0,78.0,0.21228074,0.78771925
34.0,78.25,0.21154793,0.7884521
34.0,78.5,0.5000871,0.49991292
34.0,78.75,0.5000871,0.49991292
34.0,79.0,0.5000871,0.49991292
34.0,79.25,0.50011736,0.49988264
34.0,79.5,0.50011736,0.49988264
34.0,79.75,0.2223211,0.7776789
34.0,80.0,0.49927366,0.50072634
34.0,80.25,0.21315908,0.7868409
34.0,80.5,0.2582581,0.7417419
34.0,80.75,0.21214083,0.7878592
34.0,81.0,0.21169637,0.7883036
34.0,81.25,0.21132639,0.78867364
34.0,81.5,0.21004054,0.78995943
34.0,81.75,0.21051674,0.78948325
34.0,82.0,0.20949481,0.7905052
34.0,82.25,0.21008357,0.7899164
34.0,82.5,0.21035607,0.78964394
34.0,82.75,0.21015666,0.7898433
34.0,83.0,0.20900072,0.7909993
34.0,83.25,0.20968501,0.790315
34.0,83.5,0.7976918,0.20230818
34.0,83.75,0.7976604,0.20233959
34.0,84.0,0.20861574,0.7913843
34.0,84.25,0.7976604,0.20233959
34.0,84.5,0.2089533,0.7910467
34.0,84.75,0.20963337,0.79036665
34.0,85.0,0.798176,0.20182401
34.0,85.25,0.7976604,0.20233959
34.0,85.5,0.20990144,0.79009855
34.0,85.75,0.8176145,0.1823855
34.0,86.0,0.81741935,0.18258065
34.0,86.25,0.7975228,0.20247722
34.0,86.5,0.80397284,0.19602716
34.0,86.75,0.81806463,0.18193537
34.0,87.0,0.80975586,0.19024414
34.0,87.25,0.8102082,0.1897918
34.0,87.5,0.81031686,0.18968314
34.0,87.75,0.8413841,0.15861589
34.0,88.0,0.8372261,0.1627739
34.0,88.25,0.80376035,0.19623965
34.0,88.5,0.8039807,0.19601929
34.0,88.75,0.8139554,0.18604457
34.0,89.0,0.8343681,0.16563189
34.0,89.25,0.8503078,0.14969218
34.0,89.5,0.84741217,0.15258783
34.0,89.75,0.8643216,0.13567841
34.0,90.0,0.8469821,0.15301788
34.0,90.25,0.81042737,0.18957263
34.0,90.5,0.7984727,0.2015273
34.0,90.75,0.8353125,0.16468751
34.0,91.0,0.83840746,0.16159254
34.0,91.25,0.8091425,0.19085753
34.0,91.5,0.8145751,0.18542492
34.0,91.75,0.7977864,0.20221359
34.0,92.0,0.8095594,0.1904406
34.0,92.25,0.87421656,0.12578344
34.0,92.5,0.8939995,0.10600048
34.0,92.75,0.8955445,0.10445547
34.0,93.0,0.88420683,0.11579317
34.0,93.25,0.85018975,0.14981025
34.0,93.5,0.8379697,0.16203028
34.0,93.75,0.8415358,0.1584642
34.0,94.0,0.8350139,0.16498607
34.0,94.25,0.8222553,0.17774469
34.0,94.5,0.7965799,0.2034201
34.0,94.75,0.2080019,0.7919981
34.0,95.0,0.2071182,0.7928818
34.0,95.25,0.20820554,0.7917945
34.0,95.5,0.20610443,0.7938956
34.0,95.75,0.22761987,0.7723801
34.0,96.0,0.20978013,0.7902199
34.25,68.0,0.4997215,0.5002785
34.25,68.25,0.4997215,0.5002785
34.25,68.5,0.22736186,0.77263814
34.25,68.75,0.21060391,0.7893961
34.25,69.0,0.21080755,0.78919244
34.25,69.25,0.824889,0.175111
34.25,69.5,0.884156,0.11584401
34.25,69.75,0.8675727,0.13242728
34.25,70.0,0.8349264,0.16507357
34.25,70.25,0.8140143,0.18598568
34.25,70.5,0.8142344,0.18576562
34.25,70.75,0.84972584,0.15027416
34.25,71.0,0.8924874,0.10751259
34.25,71.25,0.89515495,0.10484505
34.25,71.5,0.8861903,0.113809705
34.25,71.75,0.91734576,0.08265424
34.25,72.0,0.9313022,0.06869781
34.25,72.25,0.9182369,0.08176309
34.25,72.5,0.9126956,0.08730441
34.25,72.75,0.90369844,0.096301556
34.25,73.0,0.8857069,0.1142931
34.25,73.25,0.8990023,0.10099769
34.25,73.5,0.8744217,0.12557828
34.25,73.75,0.8967656,0.10323441
34.25,74.0,0.8969404,0.10305959
34.25,74.25,0.86078024,0.13921976
34.25,74.5,0.8533713,0.14662868
34.25,74.75,0.9064728,0.0935272
34.25,75.0,0.8898681,0.11013192
34.25,75.25,0.8586267,0.14137328
34.25,75.5,0.8319986,0.16800141
34.25,75.75,0.79751456,0.20248544
34.25,76.0,0.2103456,0.7896544
34.25,76.25,0.21080583,0.78919417
34.25,76.5,0.2112293,0.7887707
34.25,76.75,0.2103456,0.7896544
34.25,77.0,0.21102989,0.7889701
34.25,77.25,0.2112293,0.7887707
34.25,77.5,0.2112293,0.7887707
34.25,77.75,0.2112293,0.7887707
34.25,78.0,0.21183185,0.78816813
34.25,78.25,0.21977678,0.78022325
34.25,78.5,0.22033873,0.7796613
34.25,78.75,0.22504964,0.7749504
34.25,79.0,0.5000871,0.49991292
34.25,79.25,0.50011736,0.49988264
34.25,79.5,0.2223211,0.7776789
34.25,79.75,0.2693363,0.73066366
34.25,80.0,0.49927366,0.50072634
34.25,80.25,0.50011736,0.49988264
34.25,80.5,0.21336272,0.7866373
34.25,80.75,0.21339169,0.78660834
34.25,81.0,0.21335234,0.7866477
34.25,81.25,0.21132639,0.78867364
34.25,81.5,0.2103131,0.7896869
34.25,81.75,0.21051674,0.78948325
34.25,82.0,0.21028721,0.7897128
34.25,82.25,0.2096288,0.7903712
34.25,82.5,0.2083889,0.7916111
34.25,82.75,0.21015243,0.78984755
34.25,83.0,0.21008806,0.7899119
34.25,83.25,0.20968501,0.790315
34.25,83.5,0.20931041,0.7906896
34.25,83.75,0.20963337,0.79036665
34.25,84.0,0.2096376,0.7903624
34.25,84.25,0.20861574,0.7913843
34.25,84.5,0.2078864,0.7921136
34.25,84.75,0.20874967,0.79125035
34.25,85.0,0.2108724,0.7891276
34.25,85.25,0.7979709,0.20202911
34.25,85.5,0.83835095,0.16164905
34.25,85.75,0.8502758,0.14972419
34.25,86.0,0.857972,0.14202797
34.25,86.25,0.84723186,0.15276814
34.25,86.5,0.828097,0.17190301
34.25,86.75,0.83406955,0.16593045
34.25,87.0,0.8532968,0.14670318
34.25,87.25,0.8375631,0.1624369
34.25,87.5,0.813978,0.18602198
34.25,87.75,0.84429675,0.15570325
34.25,88.0,0.8712887,0.12871128
34.25,88.25,0.8565617,0.14343828
34.25,88.5,0.8310269,0.16897309
34.25,88.75,0.8448521,0.15514791
34.25,89.0,0.82414794,0.17585206
34.25,89.25,0.824401,0.17559898
34.25,89.5,0.8445151,0.15548491
34.25,89.75,0.824401,0.17559898
34.25,90.0,0.79866874,0.20133126
34.25,90.25,0.21005948,0.78994054
34.25,90.5,0.21079016,0.78920984
34.25,90.75,0.7981531,0.2018469
34.25,91.0,0.81828535,0.18171465
34.25,91.25,0.82813543,0.17186457
34.25,91.5,0.8318253,0.16817468
34.25,91.75,0.79734296,0.20265704
34.25,92.0,0.82402295,0.17597705
34.25,92.25,0.87421656,0.12578344
34.25,92.5,0.86023194,0.13976806
34.25,92.75,0.852892,0.14710802
34.25,93.0,0.8934607,0.10653931
34.25,93.25,0.8583383,0.1416617
34.25,93.5,0.8446536,0.1553464
34.25,93.75,0.8321173,0.16788268
34.25,94.0,0.8040714,0.19592857
34.25,94.25,0.80308956,0.19691044
34.25,94.5,0.7967924,0.20320761
34.25,94.75,0.20860445,0.79139555
34.25,95.0,0.20787165,0.7921283
34.25,95.25,0.2071182,0.7928818
34.25,95.5,0.22761987,0.7723801
34.25,95.75,0.49854407,0.5014559
34.25,96.0,0.20927684,0.79072315
34.5,68.0,0.4997215,0.5002785
34.5,68.25,0.4997215,0.5002785
34.5,68.5,0.4997215,0.5002785
34.5,68.75,0.2103582,0.7896418
34.5,69.0,0.80362785,0.19637215
34.5,69.25,0.8791732,0.12082678
34.5,69.5,0.8611811,0.13881892
34.5,69.75,0.8800951,0.119904876
34.5,70.0,0.87753916,0.12246084
34.5,70.25,0.84728587,0.15271413
34.5,70.5,0.8584393,0.14156067
34.5,70.75,0.84719265,0.15280735
34.5,71.0,0.90074265,0.09925735
34.5,71.25,0.9365634,0.06343663
34.5,71.5,0.91171527,0.08828473
34.5,71.75,0.898891,0.10110903
34.5,72.0,0.89437294,0.10562706
34.5,72.25,0.91539496,0.08460504
34.5,72.5,0.9232517,0.07674831
34.5,72.75,0.9007935,0.09920651
34.5,73.0,0.86465603,0.13534397
34.5,73.25,0.91171527,0.08828473
34.5,73.5,0.91746396,0.08253604
34.5,73.75,0.8969404,0.10305959
34.5,74.0,0.89094156,0.10905844
34.5,74.25,0.8501397,0.14986032
34.5,74.5,0.90356165,0.09643835
34.5,74.75,0.9036125,0.096387506
34.5,75.0,0.86104506,0.13895494
34.5,75.25,0.8503823,0.14961767
34.5,75.5,0.8184145,0.18158549
34.5,75.75,0.79792476,0.20207524
34.5,76.0,0.20945762,0.79054236
34.5,76.25,0.21102175,0.7889782
34.5,76.5,0.21014592,0.78985405
34.5,76.75,0.21014191,0.7898581
34.5,77.0,0.21020347,0.78979653
34.5,77.25,0.21122116,0.78877884
34.5,77.5,0.21102175,0.7889782
34.5,77.75,0.21207511,0.7879249
34.5,78.0,0.20945762,0.79054236
34.5,78.25,0.21230447,0.7876955
34.5,78.5,0.21230447,0.7876955
34.5,78.75,0.22031629,0.7796837
34.5,79.0,0.5000871,0.49991292
34.5,79.25,0.50011736,0.49988264
34.5,79.5,0.50011736,0.49988264
34.5,79.75,0.50011736,0.49988264
34.5,80.0,0.25741458,0.7425854
34.5,80.25,0.21783598,0.78216404
34.5,80.5,0.21450807,0.78549194
34.5,80.75,0.21294281,0.78705716
34.5,81.0,0.21226922,0.7877308
34.5,81.25,0.21091934,0.7890807
34.5,81.5,0.210708,0.789292
34.5,81.75,0.20948668,0.79051334
34.5,82.0,0.20982431,0.7901757
34.5,82.25,0.20948668,0.79051334
34.5,82.5,0.20838076,0.79161924
34.5,82.75,0.20785952,0.7921405
34.5,83.0,0.2088586,0.7911414
34.5,83.25,0.20950486,0.79049516
34.5,83.5,0.20811275,0.7918873
34.5,83.75,0.20911987,0.79088014
34.5,84.0,0.20772776,0.7922722
34.5,84.25,0.20894517,0.79105484
34.5,84.5,0.2086076,0.7913924
34.5,84.75,0.208192,0.791808
34.5,85.0,0.80978966,0.19021034
34.5,85.25,0.8525257,0.14747429
34.5,85.5,0.8874633,0.11253673
34.5,85.75,0.8715207,0.1284793
34.5,86.0,0.83175105,0.16824895
34.5,86.25,0.8279852,0.17201477
34.5,86.5,0.83406955,0.16593045
34.5,86.75,0.80376035,0.19623965
34.5,87.0,0.7975228,0.20247722
34.5,87.25,0.797739,0.20226097
34.5,87.5,0.804077,0.19592297
34.5,87.75,0.85986567,0.14013433
34.5,88.0,0.86950046,0.13049954
34.5,88.25,0.8498235,0.15017653
34.5,88.5,0.84446627,0.15553373
34.5,88.75,0.8642029,0.13579708
34.5,89.0,0.856312,0.14368802
34.5,89.25,0.8343681,0.16563189
34.5,89.5,0.8499708,0.15002918
34.5,89.75,0.8353839,0.16461611
34.5,90.0,0.7984509,0.20154911
34.5,90.25,0.2079226,0.7920774
34.5,90.5,0.20795125,0.79204875
34.5,90.75,0.7993691,0.2006309
34.5,91.0,0.81828535,0.18171465
34.5,91.25,0.8243767,0.1756233
34.5,91.5,0.8350139,0.16498607
34.5,91.75,0.81820714,0.18179286
34.5,92.0,0.8183766,0.1816234
34.5,92.25,0.8345616,0.16543841
34.5,92.5,0.82419246,0.17580754
34.5,92.75,0.8067445,0.19325548
34.5,93.0,0.81365997,0.18634003
34.5,93.25,0.8162711,0.18372887
34.5,93.5,0.81479543,0.18520457
34.5,93.75,0.7939196,0.20608038
34.5,94.0,0.7934821,0.20651788
34.5,94.25,0.20877838,0.7912216
34.5,94.5,0.20907706,0.79092294
34.5,94.75,0.207998,0.792002
34.5,95.0,0.20877838,0.7912216
34.5,95.25,0.2137203,0.7862797
34.5,95.5,0.21148136,0.78851867
34.5,95.75,0.21442668,0.7855733
34.5,96.0,0.20947234,0.79052764
34.75,68.0,0.4997215,0.5002785
34.75,68.25,0.4997215,0.5002785
34.75,68.5,0.4997215,0.5002785
34.75,68.75,0.21222414,0.7877759
34.75,69.0,0.21087907,0.7891209
34.75,69.25,0.85843813,0.14156187
34.75,69.5,0.90642196,0.09357804
34.75,69.75,0.8987542,0.10124582
34.75,70.0,0.90557265,0.09442735
34.75,70.25,0.90060586,0.09939414
34.75,70.5,0.9365634,0.06343663
34.75,70.75,0.9477848,0.05221522
34.75,71.0,0.9449921,0.055007875
34.75,71.25,0.948305,0.05169499
34.75,71.5,0.9504964,0.049503624
34.75,71.75,0.95061505,0.04938495
34.75,72.0,0.9504964,0.049503624
34.75,72.25,0.9449921,0.055007875
34.75,72.5,0.92878914,0.07121086
34.75,72.75,0.9157579,0.084242105
34.75,73.0,0.908294,0.09170598
34.75,73.25,0.90803516,0.09196484
34.75,73.5,0.8845381,0.115461886
34.75,73.75,0.8569652,0.14303482
34.75,74.0,0.87452424,0.12547576
34.75,74.25,0.8420722,0.15792781
34.75,74.5,0.8745102,0.12548977
34.75,74.75,0.86719507,0.13280493
34.75,75.0,0.8533713,0.14662868
34.75,75.25,0.841734,0.15826601
34.75,75.5,0.8188464,0.1811536
34.75,75.75,0.8241075,0.17589247
34.75,76.0,0.80965936,0.19034064
34.75,76.25,0.8042521,0.19574791
34.75,76.5,0.8036639,0.19633609
34.75,76.75,0.21168017,0.7883198
34.75,77.0,0.20983937,0.79016066
34.75,77.25,0.21210946,0.78789055
34.75,77.5,0.21121636,0.78878367
34.75,77.75,0.21188276,0.78811723
34.75,78.0,0.21150447,0.78849554
34.75,78.25,0.21347147,0.7865285
34.75,78.5,0.22156718,0.77843285
34.75,78.75,0.27781528,0.7221847
34.75,79.0,0.5000871,0.49991292
34.75,79.25,0.27432686,0.72567314
34.75,79.5,0.50011736,0.49988264
34.75,79.75,0.22190994,0.77809006
34.75,80.0,0.21334706,0.7866529
34.75,80.25,0.2374539,0.7625461
34.75,80.5,0.23800077,0.76199925
34.75,80.75,0.21294281,0.78705716
34.75,81.0,0.21256791,0.7874321
34.75,81.25,0.21003564,0.7899644
34.75,81.5,0.20962067,0.79037935
34.75,81.75,0.20962067,0.79037935
34.75,82.0,0.20962067,0.79037935
34.75,82.25,0.20999895,0.79000103
34.75,82.5,0.20957029,0.7904297
34.75,82.75,0.2092606,0.7907394
34.75,83.0,0.20984007,0.79015994
34.75,83.25,0.20865938,0.7913406
34.75,83.5,0.20984007,0.79015994
34.75,83.75,0.20795491,0.7920451
34.75,84.0,0.20706435,0.79293567
34.75,84.25,0.20804583,0.79195416
34.75,84.5,0.20958908,0.79041094
34.75,84.75,0.20958908,0.79041094
34.75,85.0,0.8099037,0.19009632
34.75,85.25,0.8144238,0.1855762
34.75,85.5,0.82412475,0.17587525
34.75,85.75,0.83522475,0.16477525
34.75,86.0,0.82767326,0.17232674
34.75,86.25,0.82425356,0.17574644
34.75,86.5,0.80376035,0.19623965
34.75,86.75,0.20913112,0.7908689
34.75,87.0,0.20913112,0.7908689
34.75,87.25,0.20913112,0.7908689
34.75,87.5,0.804077,0.19592297
34.75,87.75,0.86764437,0.13235563
34.75,88.0,0.903538,0.09646201
34.75,88.25,0.8931037,0.10689628
34.75,88.5,0.8655048,0.1344952
34.75,88.75,0.8469821,0.15301788
34.75,89.0,0.8469821,0.15301788
34.75,89.25,0.8417792,0.15822083
34.75,89.5,0.8532968,0.14670318
34.75,89.75,0.82422626,0.17577374
34.75,90.0,0.20597,0.79403
34.75,90.25,0.2075105,0.7924895
34.75,90.5,0.20986877,0.7901312
34.75,90.75,0.7984509,0.20154911
34.75,91.0,0.8447804,0.15521961
34.75,91.25,0.8773731,0.1226269
34.75,91.5,0.8670791,0.13292092
34.75,91.75,0.83788854,0.16211146
34.75,92.0,0.80957603,0.19042397
34.75,92.25,0.7980068,0.20199323
34.75,92.5,0.7977864,0.20221359
34.75,92.75,0.2088083,0.7911917
34.75,93.0,0.20816569,0.7918343
34.75,93.25,0.20762193,0.79237807
34.75,93.5,0.20992897,0.790071
34.75,93.75,0.22790302,0.772097
34.75,94.0,0.22809248,0.7719075
34.75,94.25,0.21296057,0.7870394
34.75,94.5,0.22614893,0.77385104
34.75,94.75,0.49854407,0.5014559
34.75,95.0,0.49854407,0.5014559
34.75,95.25,0.2081974,0.7918026
34.75,95.5,0.2156515,0.7843485
34.75,95.75,0.49854407,0.5014559
34.75,96.0,0.21055141,0.7894486
35.0,68.0,0.4997215,0.5002785
35.0,68.25,0.4997215,0.5002785
35.0,68.5,0.4997215,0.5002785
35.0,68.75,0.21057966,0.78942037
35.0,69.0,0.21176277,0.7882372
35.0,69.25,0.79570884,0.20429116
35.0,69.5,0.8762531,0.12374687
35.0,69.75,0.9033557,0.09664428
35.0,70.0,0.9056235,0.094376504
35.0,70.25,0.9319392,0.068060815
35.0,70.5,0.9449921,0.055007875
35.0,70.75,0.9340355,0.06596452
35.0,71.0,0.94363874,0.056361258
35.0,71.25,0.9386842,0.061315775
35.0,71.5,0.9485605,0.051439524
35.0,71.75,0.9504964,0.049503624
35.0,72.0,0.95061505,0.04938495
35.0,72.25,0.95061505,0.04938495
35.0,72.5,0.94982016,0.05017984
35.0,72.75,0.95011914,0.049880862
35.0,73.0,0.93668205,0.063317955
35.0,73.25,0.9109478,0.0890522
35.0,73.5,0.8590617,0.14093828
35.0,73.75,0.8569652,0.14303482
35.0,74.0,0.8420722,0.15792781
35.0,74.25,0.81082326,0.18917674
35.0,74.5,0.8143256,0.18567443
35.0,74.75,0.8316092,0.16839081
35.0,75.0,0.847843,0.15215701
35.0,75.25,0.81409466,0.18590534
35.0,75.5,0.8037521,0.19624788
35.0,75.75,0.80965936,0.19034064
35.0,76.0,0.81962514,0.18037486
35.0,76.25,0.81422937,0.18577063
35.0,76.5,0.8146,0.18540001
35.0,76.75,0.837576,0.16242403
35.0,77.0,0.8244675,0.17553252
35.0,77.25,0.7980716,0.20192838
35.0,77.5,0.800494,0.19950598
35.0,77.75,0.21098323,0.7890168
35.0,78.0,0.21049064,0.78950936
35.0,78.25,0.21347147,0.7865285
35.0,78.5,0.22156718,0.77843285
35.0,78.75,0.24678731,0.7532127
35.0,79.0,0.5000871,0.49991292
35.0,79.25,0.50011736,0.49988264
35.0,79.5,0.28588432,0.7141157
35.0,79.75,0.2138919,0.78610814
35.0,80.0,0.21304838,0.7869516
35.0,80.25,0.2138919,0.78610814
35.0,80.5,0.2138919,0.78610814
35.0,80.75,0.21166009,0.7883399
35.0,81.0,0.21256791,0.7874321
35.0,81.25,0.209832,0.790168
35.0,81.5,0.21030496,0.789695
35.0,81.75,0.21030496,0.789695
35.0,82.0,0.20962067,0.79037935
35.0,82.25,0.20948668,0.79051334
35.0,82.5,0.2091266,0.7908734
35.0,82.75,0.20824677,0.79175323
35.0,83.0,0.20945282,0.7905472
35.0,83.25,0.20916829,0.7908317
35.0,83.5,0.20865938,0.7913406
35.0,83.75,0.20985055,0.79014945
35.0,84.0,0.2083073,0.79169273
35.0,84.25,0.20866986,0.79133016
35.0,84.5,0.20866986,0.79133016
35.0,84.75,0.20775126,0.7922487
35.0,85.0,0.20939335,0.7906066
35.0,85.25,0.8035894,0.1964106
35.0,85.5,0.8035894,0.1964106
35.0,85.75,0.8099037,0.19009632
35.0,86.0,0.8101878,0.18981218
35.0,86.25,0.8241176,0.1758824
35.0,86.5,0.80979705,0.19020295
35.0,86.75,0.8279852,0.17201477
35.0,87.0,0.80367213,0.19632787
35.0,87.25,0.20835356,0.7916464
35.0,87.5,0.20757164,0.7924284
35.0,87.75,0.8034415,0.19655848
35.0,88.0,0.8241176,0.1758824
35.0,88.25,0.8236774,0.17632258
35.0,88.5,0.8100965,0.1899035
35.0,88.75,0.7972888,0.20271122
35.0,89.0,0.81427425,0.18572575
35.0,89.25,0.81417805,0.18582195
35.0,89.5,0.82832795,0.17167205
35.0,89.75,0.814447,0.18555301
35.0,90.0,0.82832795,0.17167205
35.0,90.25,0.814606,0.18539399
35.0,90.5,0.8107268,0.18927318
35.0,90.75,0.8188045,0.1811955
35.0,91.0,0.8718108,0.1281892
35.0,91.25,0.86774015,0.13225985
35.0,91.5,0.88748807,0.11251193
35.0,91.75,0.9085169,0.091483116
35.0,92.0,0.88019013,0.119809866
35.0,92.25,0.819094,0.180906
35.0,92.5,0.8314282,0.16857183
35.0,92.75,0.8345616,0.16543841
35.0,93.0,0.8016555,0.19834453
35.0,93.25,0.21214586,0.78785414
35.0,93.5,0.2088876,0.7911124
35.0,93.75,0.20858893,0.79141104
35.0,94.0,0.20804557,0.7919544
35.0,94.25,0.207998,0.792002
35.0,94.5,0.2081974,0.7918026
35.0,94.75,0.21168563,0.78831434
35.0,95.0,0.49854407,0.5014559
35.0,95.25,0.2073137,0.7926863
35.0,95.5,0.22614893,0.77385104
35.0,95.75,0.21254936,0.7874507
35.0,96.0,0.21296057,0.7870394
35.25,68.0,0.49828202,0.501718
35.25,68.25,0.49828202,0.501718
35.25,68.5,0.49828202,0.501718
35.25,68.75,0.20751071,0.7924893
35.25,69.0,0.21071585,0.78928417
35.25,69.25,0.20954211,0.7904579
35.25,69.5,0.79656976,0.20343024
35.25,69.75,0.8029844,0.19701558
35.25,70.0,0.8183447,0.18165529
35.25,70.25,0.8984974,0.1015026
35.25,70.5,0.8987542,0.10124582
35.25,70.75,0.9085914,0.09140861
35.25,71.0,0.919729,0.080271006
35.25,71.25,0.9304343,0.06956571
35.25,71.5,0.92865235,0.071347654
35.25,71.75,0.9490859,0.05091411
35.25,72.0,0.94872266,0.05127734
35.25,72.25,0.9334552,0.06654477
35.25,72.5,0.9199771,0.08002287
35.25,72.75,0.919729,0.080271006
35.25,73.0,0.93144625,0.068553746
35.25,73.25,0.9256172,0.07438278
35.25,73.5,0.8947373,0.1052627
35.25,73.75,0.8424288,0.1575712
35.25,74.0,0.81105155,0.18894845
35.25,74.25,0.80410725,0.19589275
35.25,74.5,0.837576,0.16242403
35.25,74.75,0.86212945,0.13787055
35.25,75.0,0.85882,0.14117998
35.25,75.25,0.8280798,0.17192018
35.25,75.5,0.2098142,0.7901858
35.25,75.75,0.20883796,0.791162
35.25,76.0,0.7982484,0.20175159
35.25,76.25,0.80307525,0.19692475
35.25,76.5,0.8474867,0.15251333
35.25,76.75,0.88663685,0.11336315
35.25,77.0,0.85882,0.14117998
35.25,77.25,0.83190286,0.16809714
35.25,77.5,0.81914586,0.18085414
35.25,77.75,0.79841036,0.20158964
35.25,78.0,0.21137947,0.78862053
35.25,78.25,0.21137947,0.78862053
35.25,78.5,0.21064666,0.7893534
35.25,78.75,0.21998519,0.7800148
35.25,79.0,0.21125308,0.78874695
35.25,79.25,0.21026981,0.7897302
35.25,79.5,0.21131818,0.7886818
35.25,79.75,0.21186808,0.78813195
35.25,80.0,0.21200262,0.78799736
35.25,80.25,0.21209857,0.7879014
35.25,80.5,0.21131395,0.78868604
35.25,80.75,0.21026981,0.7897302
35.25,81.0,0.20989491,0.7901051
35.25,81.25,0.20970699,0.790293
35.25,81.5,0.20979434,0.79020566
35.25,81.75,0.20876285,0.7912371
35.25,82.0,0.20891468,0.7910853
35.25,82.25,0.20782734,0.7921727
35.25,82.5,0.20746727,0.79253274
35.25,82.75,0.20658743,0.79341257
35.25,83.0,0.20618543,0.79381454
35.25,83.25,0.20698771,0.79301226
35.25,83.5,0.20639685,0.7936032
35.25,83.75,0.8033477,0.1966523
35.25,84.0,0.7981235,0.20187652
35.25,84.25,0.2047563,0.7952437
35.25,84.5,0.20409918,0.7959008
35.25,84.75,0.20651397,0.793486
35.25,85.0,0.80380446,0.19619554
35.25,85.25,0.81425107,0.18574893
35.25,85.5,0.8033477,0.1966523
35.25,85.75,0.8099037,0.19009632
35.25,86.0,0.80367213,0.19632787
35.25,86.25,0.8241176,0.1758824
35.25,86.5,0.8095263,0.19047368
35.25,86.75,0.8038872,0.19611281
35.25,87.0,0.81806463,0.18193537
35.25,87.25,0.83156,0.16843998
35.25,87.5,0.8337296,0.16627038
35.25,87.75,0.83116287,0.16883713
35.25,88.0,0.8279852,0.17201477
35.25,88.25,0.80367213,0.19632787
35.25,88.5,0.7987388,0.20126122
35.25,88.75,0.79706043,0.20293957
35.25,89.0,0.79703236,0.20296764
35.25,89.25,0.8145487,0.18545133
35.25,89.5,0.8353812,0.16461879
35.25,89.75,0.856312,0.14368802
35.25,90.0,0.8738202,0.12617981
35.25,90.25,0.88222563,0.11777437
35.25,90.5,0.88577306,0.11422694
35.25,90.75,0.88790846,0.11209154
35.25,91.0,0.87002254,0.12997746
35.25,91.25,0.8472474,0.15275258
35.25,91.5,0.8505731,0.14942688
35.25,91.75,0.88748807,0.11251193
35.25,92.0,0.88019013,0.119809866
35.25,92.25,0.903538,0.09646201
35.25,92.5,0.9174403,0.082559705
35.25,92.75,0.91615796,0.08384204
35.25,93.0,0.8773731,0.1226269
35.25,93.25,0.80370736,0.19629264
35.25,93.5,0.2038067,0.7961933
35.25,93.75,0.2073536,0.7926464
35.25,94.0,0.2040168,0.7959832
35.25,94.25,0.20189746,0.79810256
35.25,94.5,0.20475505,0.79524493
35.25,94.75,0.20674092,0.7932591
35.25,95.0,0.22411147,0.77588856
35.25,95.25,0.21290766,0.7870923
35.25,95.5,0.22605501,0.773945
35.25,95.75,0.21182539,0.7881746
35.25,96.0,0.22548644,0.77451354
35.5,68.0,0.20662698,0.793373
35.5,68.25,0.49895275,0.50104725
35.5,68.5,0.49895275,0.50104725
35.5,68.75,0.49895275,0.50104725
35.5,69.0,0.49895275,0.50104725
35.5,69.25,0.49895275,0.50104725
35.5,69.5,0.21218984,0.78781015
35.5,69.75,0.2092773,0.7907227
35.5,70.0,0.21169318,0.78830683
35.5,70.25,0.81512064,0.18487936
35.5,70.5,0.8323379,0.16766208
35.5,70.75,0.8565016,0.14349842
35.5,71.0,0.8826091,0.11739087
35.5,71.25,0.92601174,0.07398826
35.5,71.5,0.9451108,0.054889202
35.5,71.75,0.9386842,0.061315775
35.5,72.0,0.92447263,0.07552737
35.5,72.25,0.91648924,0.08351076
35.5,72.5,0.9083657,0.09163427
35.5,72.75,0.88427466,0.11572534
35.5,73.0,0.9084062,0.0915938
35.5,73.25,0.90871006,0.09128994
35.5,73.5,0.8716681,0.1283319
35.5,73.75,0.8042259,0.19577408
35.5,74.0,0.8346611,0.16533887
35.5,74.25,0.89802665,0.101973355
35.5,74.5,0.8546227,0.14537728
35.5,74.75,0.87108237,0.12891763
35.5,75.0,0.90043104,0.09956896
35.5,75.25,0.8985285,0.10147148
35.5,75.5,0.84772635,0.15227365
35.5,75.75,0.8418305,0.15816951
35.5,76.0,0.8567235,0.14327651
35.5,76.25,0.8622335,0.13776648
35.5,76.5,0.874113,0.12588698
35.5,76.75,0.876069,0.12393099
35.5,77.0,0.8504089,0.14959109
35.5,77.25,0.8449524,0.1550476
35.5,77.5,0.80420446,0.19579554
35.5,77.75,0.21252179,0.7874782
35.5,78.0,0.21340145,0.78659856
35.5,78.25,0.22190832,0.77809167
35.5,78.5,0.21340145,0.78659856
35.5,78.75,0.21361278,0.7863872
35.5,79.0,0.21209672,0.7879033
35.5,79.25,0.21110941,0.7888906
35.5,79.5,0.21324089,0.78675914
35.5,79.75,0.21256529,0.7874347
35.5,80.0,0.21151368,0.7884863
35.5,80.25,0.21256529,0.7874347
35.5,80.5,0.21304148,0.7869585
35.5,80.75,0.21199311,0.7880069
35.5,81.0,0.21249789,0.7875021
35.5,81.25,0.22046651,0.7795335
35.5,81.5,0.242015,0.757985
35.5,81.75,0.22025518,0.7797448
35.5,82.0,0.21121897,0.78878105
35.5,82.25,0.21123372,0.78876626
35.5,82.5,0.798212,0.20178801
35.5,82.75,0.8043536,0.1956464
35.5,83.0,0.7984227,0.2015773
35.5,83.25,0.79833585,0.20166415
35.5,83.5,0.20767441,0.7923256
35.5,83.75,0.79744005,0.20255995
35.5,84.0,0.79782397,0.20217603
35.5,84.25,0.20575836,0.79424167
35.5,84.5,0.79865605,0.20134395
35.5,84.75,0.20693906,0.79306096
35.5,85.0,0.8142534,0.18574661
35.5,85.25,0.83143824,0.16856176
35.5,85.5,0.835358,0.16464198
35.5,85.75,0.83522475,0.16477525
35.5,86.0,0.8447385,0.15526152
35.5,86.25,0.8387344,0.16126561
35.5,86.5,0.83406955,0.16593045
35.5,86.75,0.82410246,0.17589754
35.5,87.0,0.8759945,0.1240055
35.5,87.25,0.9115548,0.08844519
35.5,87.5,0.90053135,0.09946865
35.5,87.75,0.8730407,0.12695932
35.5,88.0,0.8475481,0.15245187
35.5,88.25,0.81827617,0.18172383
35.5,88.5,0.8372261,0.1627739
35.5,88.75,0.856312,0.14368802
35.5,89.0,0.8547415,0.14525849
35.5,89.25,0.8547415,0.14525849
35.5,89.5,0.8858603,0.114139676
35.5,89.75,0.90348715,0.096512854
35.5,90.0,0.9156834,0.08431661
35.5,90.25,0.91518366,0.08481634
35.5,90.5,0.8991052,0.10089481
35.5,90.75,0.8986797,0.10132033
35.5,91.0,0.89086705,0.109132946
35.5,91.25,0.8356492,0.16435081
35.5,91.5,0.80956167,0.19043833
35.5,91.75,0.8285478,0.17145222
35.5,92.0,0.8648052,0.13519478
35.5,92.25,0.8958013,0.104198694
35.5,92.5,0.9085169,0.091483116
35.5,92.75,0.9032812,0.09671879
35.5,93.0,0.87594545,0.12405455
35.5,93.25,0.80788,0.19212002
35.5,93.5,0.20709105,0.79290897
35.5,93.75,0.20726813,0.7927319
35.5,94.0,0.20507155,0.79492843
35.5,94.25,0.2057433,0.7942567
35.5,94.5,0.20594694,0.7940531
35.5,94.75,0.20594694,0.7940531
35.5,95.0,0.20741162,0.79258835
35.5,95.25,0.21194051,0.7880595
35.5,95.5,0.22615714,0.7738429
35.5,95.75,0.49777523,0.5022248
35.5,96.0,0.49777523,0.5022248
35.75,68.0,0.49895275,0.50104725
35.75,68.25,0.49895275,0.50104725
35.75,68.5,0.49895275,0.50104725
35.75,68.75,0.49895275,0.50104725
35.75,69.0,0.49895275,0.50104725
35.75,69.25,0.49895275,0.50104725
35.75,69.5,0.2112443,0.7887557
35.75,69.75,0.210161,0.789839
35.75,70.0,0.20735452,0.79264545
35.75,70.25,0.2115618,0.7884382
35.75,70.5,0.82482004,0.17517996
35.75,70.75,0.8477905,0.15220952
35.75,71.0,0.8602628,0.13973719
35.75,71.25,0.8760924,0.123907626
35.75,71.5,0.9108291,0.08917087
35.75,71.75,0.9038606,0.09613937
35.75,72.0,0.9153695,0.08463049
35.75,72.25,0.8921758,0.10782421
35.75,72.5,0.8745715,0.1254285
35.75,72.75,0.851097,0.14890301
35.75,73.0,0.8509037,0.14909631
35.75,73.25,0.8715001,0.12849993
35.75,73.5,0.86644346,0.13355654
35.75,73.75,0.8550577,0.14494228
35.75,74.0,0.8875626,0.11243743
35.75,74.25,0.90338683,0.09661317
35.75,74.5,0.8857192,0.11428082
35.75,74.75,0.9116293,0.08837068
35.75,75.0,0.91593575,0.084064245
35.75,75.25,0.90356165,0.09643835
35.75,75.5,0.88325095,0.11674905
35.75,75.75,0.9052816,0.0947184
35.75,76.0,0.8979758,0.1020242
35.75,76.25,0.8622335,0.13776648
35.75,76.5,0.8577968,0.14220321
35.75,76.75,0.8668883,0.13311172
35.75,77.0,0.8526002,0.14739978
35.75,77.25,0.8039725,0.19602752
35.75,77.5,0.21252179,0.7874782
35.75,77.75,0.22149716,0.7785028
35.75,78.0,0.500615,0.499385
35.75,78.25,0.24650595,0.753494
35.75,78.5,0.21266864,0.78733134
35.75,78.75,0.22211964,0.7778804
35.75,79.0,0.21100938,0.7889906
35.75,79.25,0.21110941,0.7888906
35.75,79.5,0.2123572,0.78764284
35.75,79.75,0.7978679,0.2021321
35.75,80.0,0.21131004,0.78869
35.75,80.25,0.21303725,0.78696275
35.75,80.5,0.21304148,0.7869585
35.75,80.75,0.21199311,0.7880069
35.75,81.0,0.21249789,0.7875021
35.75,81.25,0.21172898,0.788271
35.75,81.5,0.21063799,0.789362
35.75,81.75,0.21121897,0.78878105
35.75,82.0,0.21043858,0.7895614
35.75,82.25,0.21023494,0.78976506
35.75,82.5,0.79810387,0.20189613
35.75,82.75,0.797152,0.20284802
35.75,83.0,0.20838223,0.79161775
35.75,83.25,0.20692864,0.7930714
35.75,83.5,0.20914674,0.79085326
35.75,83.75,0.20667759,0.79332244
35.75,84.0,0.20663893,0.79336107
35.75,84.25,0.79694474,0.20305526
35.75,84.5,0.8035189,0.19648111
35.75,84.75,0.2053958,0.7946042
35.75,85.0,0.79744005,0.20255995
35.75,85.25,0.8142534,0.18574661
35.75,85.5,0.8532968,0.14670318
35.75,85.75,0.85986567,0.14013433
35.75,86.0,0.8414806,0.15851939
35.75,86.25,0.86046404,0.13953596
35.75,86.5,0.87035656,0.12964344
35.75,86.75,0.8387344,0.16126561
35.75,87.0,0.8732102,0.12678981
35.75,87.25,0.9085169,0.091483116
35.75,87.5,0.91518366,0.08481634
35.75,87.75,0.8958013,0.104198694
35.75,88.0,0.8547415,0.14525849
35.75,88.25,0.85643065,0.14356935
35.75,88.5,0.89232695,0.10767305
35.75,88.75,0.89232695,0.10767305
35.75,89.0,0.8991052,0.10089481
35.75,89.25,0.91738945,0.08261055
35.75,89.5,0.9240164,0.075983584
35.75,89.75,0.91579473,0.08420527
35.75,90.0,0.92145246,0.07854754
35.75,90.25,0.91641474,0.08358526
35.75,90.5,0.8979013,0.1020987
35.75,90.75,0.8550068,0.14499319
35.75,91.0,0.8396851,0.16031492
35.75,91.25,0.83172673,0.16827327
35.75,91.5,0.8282505,0.17174947
35.75,91.75,0.88222563,0.11777437
35.75,92.0,0.9181443,0.081855714
35.75,92.25,0.9063983,0.0936017
35.75,92.5,0.8734755,0.12652451
35.75,92.75,0.8282505,0.17174947
35.75,93.0,0.79431343,0.20568657
35.75,93.25,0.20722216,0.79277784
35.75,93.5,0.20722216,0.79277784
35.75,93.75,0.20752084,0.79247916
35.75,94.0,0.206627,0.793373
35.75,94.25,0.2077103,0.79228973
35.75,94.5,0.2077103,0.79228973
35.75,94.75,0.20883965,0.79116035
35.75,95.0,0.21031886,0.78968114
35.75,95.25,0.22615714,0.7738429
35.75,95.5,0.49777523,0.5022248
35.75,95.75,0.49777523,0.5022248
35.75,96.0,0.49777523,0.5022248
36.0,68.0,0.49895275,0.50104725
36.0,68.25,0.49895275,0.50104725
36.0,68.5,0.49895275,0.50104725
36.0,68.75,0.49895275,0.50104725
36.0,69.0,0.49895275,0.50104725
36.0,69.25,0.49895275,0.50104725
36.0,69.5,0.49895275,0.50104725
36.0,69.75,0.49895275,0.50104725
36.0,70.0,0.21010257,0.78989744
36.0,70.25,0.20813558,0.7918644
36.0,70.5,0.79827315,0.20172685
36.0,70.75,0.8290352,0.17096478
36.0,71.0,0.84477323,0.15522677
36.0,71.25,0.835065,0.164935
36.0,71.5,0.84766275,0.15233725
36.0,71.75,0.88823974,0.11176026
36.0,72.0,0.9175148,0.0824852
36.0,72.25,0.9311654,0.0688346
36.0,72.5,0.9056235,0.094376504
36.0,72.75,0.84229285,0.15770715
36.0,73.0,0.850287,0.14971298
36.0,73.25,0.87064165,0.12935835
36.0,73.5,0.8627421,0.13725787
36.0,73.75,0.8424944,0.15750557
36.0,74.0,0.8422139,0.15778607
36.0,74.25,0.8195366,0.18046337
36.0,74.5,0.9170903,0.0829097
36.0,74.75,0.9334552,0.06654477
36.0,75.0,0.9049753,0.095024705
36.0,75.25,0.9150325,0.084967494
36.0,75.5,0.90373117,0.09626883
36.0,75.75,0.9049753,0.095024705
36.0,76.0,0.9176335,0.082366526
36.0,76.25,0.874113,0.12588698
36.0,76.5,0.83813334,0.16186666
36.0,76.75,0.8660831,0.13391691
36.0,77.0,0.8715952,0.1284048
36.0,77.25,0.83253175,0.16746825
36.0,77.5,0.8149846,0.18501538
36.0,77.75,0.8090664,0.19093359
36.0,78.0,0.80361927,0.19638073
36.0,78.25,0.79904586,0.20095414
36.0,78.5,0.21118066,0.7888193
36.0,78.75,0.21081375,0.78918624
36.0,79.0,0.20706502,0.792935
36.0,79.25,0.80035543,0.19964457
36.0,79.5,0.8046227,0.19537729
36.0,79.75,0.81021327,0.18978673
36.0,80.0,0.20824552,0.7917545
36.0,80.25,0.80035543,0.19964457
36.0,80.5,0.80035543,0.19964457
36.0,80.75,0.20976405,0.79023594
36.0,81.0,0.20658651,0.7934135
36.0,81.25,0.7997947,0.20020533
36.0,81.5,0.7998889,0.20011109
36.0,81.75,0.8001014,0.1998986
36.0,82.0,0.21323742,0.7867626
36.0,82.25,0.21037592,0.7896241
36.0,82.5,0.21001585,0.78998417
36.0,82.75,0.20507345,0.7949265
36.0,83.0,0.2058484,0.7941516
36.0,83.25,0.2075358,0.7924642
36.0,83.5,0.20770971,0.7922903
36.0,83.75,0.20553586,0.7944641
36.0,84.0,0.79928356,0.20071644
36.0,84.25,0.7994998,0.20050019
36.0,84.5,0.81003124,0.18996876
36.0,84.75,0.8035894,0.1964106
36.0,85.0,0.7994998,0.20050019
36.0,85.25,0.8099037,0.19009632
36.0,85.5,0.8317107,0.1682893
36.0,85.75,0.856312,0.14368802
36.0,86.0,0.8372261,0.1627739
36.0,86.25,0.86975724,0.13024276
36.0,86.5,0.8986797,0.10132033
36.0,86.75,0.90053135,0.09946865
36.0,87.0,0.9107546,0.08924538
36.0,87.25,0.9310909,0.06890911
36.0,87.5,0.9085169,0.091483116
36.0,87.75,0.88019013,0.119809866
36.0,88.0,0.8580593,0.14194071
36.0,88.25,0.8656743,0.13432568
36.0,88.5,0.86764437,0.13235563
36.0,88.75,0.8825346,0.11746538
36.0,89.0,0.8931037,0.10689628
36.0,89.25,0.9005822,0.099417806
36.0,89.5,0.91311264,0.08688736
36.0,89.75,0.91518366,0.08481634
36.0,90.0,0.9085169,0.091483116
36.0,90.25,0.89862883,0.10137117
36.0,90.5,0.8757762,0.12422383
36.0,90.75,0.83929825,0.16070175
36.0,91.0,0.83172673,0.16827327
36.0,91.25,0.82441324,0.17558676
36.0,91.5,0.8502361,0.14976388
36.0,91.75,0.91518366,0.08481634
36.0,92.0,0.93648887,0.06351113
36.0,92.25,0.9174403,0.082559705
36.0,92.5,0.87002254,0.12997746
36.0,92.75,0.8179868,0.18201321
36.0,93.0,0.7987822,0.20121777
36.0,93.25,0.21172874,0.78827125
36.0,93.5,0.2113157,0.7886843
36.0,93.75,0.20608044,0.79391956
36.0,94.0,0.20656857,0.7934314
36.0,94.25,0.20656857,0.7934314
36.0,94.5,0.49777523,0.5022248
36.0,94.75,0.20917714,0.79082286
36.0,95.0,0.20688607,0.79311395
36.0,95.25,0.2054895,0.7945105
36.0,95.5,0.2058622,0.79413784
36.0,95.75,0.20917714,0.79082286
36.0,96.0,0.22311406,0.7768859
